id,actual,ranfor,ranfor-c3,ranfor-pos
0,0,0,0,0
1,1,0,1,1
2,1,1,1,1
3,0,0,0,0
4,1,1,1,1
5,0,0,0,0
6,0,0,0,1
7,0,0,0,1
8,1,0,1,1
9,0,0,0,0
10,0,0,0,0
11,1,1,1,1
12,1,1,1,1
13,0,1,1,1
14,0,1,1,1
15,1,0,0,0
16,1,1,1,1
17,1,1,1,1
18,1,1,1,1
19,1,0,0,1
20,0,0,0,1
21,1,0,0,1
22,0,0,0,0
23,0,0,0,1
24,1,1,1,1
25,1,1,1,1
26,1,0,1,1
27,1,1,1,1
28,1,1,1,1
29,0,0,0,0
30,1,1,1,1
31,1,0,0,0
32,1,1,1,1
33,1,1,1,1
34,0,0,0,1
35,0,0,0,1
36,0,0,0,0
37,1,0,0,1
38,0,0,0,0
39,1,0,1,1
40,1,1,1,1
41,1,1,1,1
42,0,0,0,0
43,0,0,0,1
44,1,0,0,1
45,0,1,1,1
46,0,0,0,0
47,1,1,1,1
48,0,0,0,0
49,0,0,0,0
50,0,0,0,0
51,0,1,1,1
52,1,1,1,1
53,1,1,1,1
54,1,1,1,1
55,1,1,1,1
56,0,0,0,0
57,1,1,1,1
58,0,0,0,0
59,0,0,0,0
60,1,1,1,1
61,0,1,1,1
62,0,0,0,0
63,1,1,1,1
64,1,1,1,1
65,0,0,0,0
66,1,1,1,1
67,0,0,0,1
68,1,0,0,1
69,0,0,0,1
70,0,0,0,0
71,1,1,1,1
72,1,1,1,1
73,1,1,1,1
74,1,1,1,1
75,1,1,1,1
76,0,0,0,0
77,1,1,1,1
78,1,1,1,1
79,1,1,1,1
80,1,1,1,1
81,0,0,0,1
82,1,1,1,1
83,0,0,0,0
84,0,0,0,0
85,1,1,1,1
86,0,0,0,1
87,1,1,1,1
88,1,1,1,1
89,0,0,0,1
90,0,0,0,1
91,0,0,0,0
92,0,1,0,1
93,1,1,1,1
94,1,1,1,1
95,0,0,0,1
96,1,0,1,1
97,0,1,1,1
98,1,0,0,1
99,1,1,1,1
100,1,0,1,1
101,1,1,1,1
102,0,0,0,0
103,0,0,0,0
104,1,1,1,1
105,1,1,1,1
106,0,0,0,0
107,1,1,1,1
108,0,0,0,0
109,0,1,0,1
110,0,0,0,1
111,0,0,0,0
112,1,1,1,1
113,0,0,0,0
114,1,1,1,1
115,1,0,0,0
116,1,1,1,1
117,1,1,1,1
118,0,0,0,0
119,1,1,1,1
120,0,1,0,1
121,0,0,0,1
122,1,1,1,1
123,1,1,1,1
124,1,1,1,1
125,1,0,0,1
126,1,1,0,1
127,1,1,1,1
128,0,0,0,1
129,0,0,0,0
130,1,1,0,1
131,1,1,1,1
132,0,0,0,0
133,1,1,0,1
134,0,0,0,0
135,1,1,0,1
136,0,0,0,0
137,1,0,0,1
138,0,0,0,1
139,0,0,0,0
140,0,1,1,1
141,1,1,1,1
142,0,0,0,1
143,1,0,1,1
144,0,0,0,1
145,0,0,0,0
146,0,0,0,0
147,0,0,0,0
148,1,1,1,1
149,1,1,1,1
150,0,0,0,0
151,0,0,0,0
152,1,1,1,1
153,0,0,0,0
154,0,0,0,0
155,1,1,1,1
156,1,1,1,1
157,1,0,1,1
158,0,0,0,0
159,0,0,0,0
160,1,1,1,1
161,1,1,1,1
162,1,0,0,1
163,1,1,1,1
164,0,0,0,0
165,1,0,1,1
166,0,1,1,1
167,0,1,0,1
168,1,1,1,1
169,0,0,0,0
170,0,0,0,0
171,0,0,0,0
172,1,1,0,1
173,1,1,1,1
174,1,1,1,1
175,0,0,0,1
176,0,0,0,0
177,1,1,1,1
178,0,1,1,1
179,0,0,0,0
180,1,1,1,1
181,0,0,0,0
182,0,0,0,0
183,1,0,0,1
184,0,0,0,0
185,1,1,1,1
186,0,0,0,0
187,1,1,1,1
188,0,0,0,0
189,0,0,0,0
190,1,1,1,1
191,0,0,0,1
192,1,1,1,1
193,0,0,0,0
194,0,1,1,1
195,0,0,0,0
196,0,0,0,0
197,1,1,1,1
198,0,0,0,1
199,0,1,0,1
200,1,1,1,1
201,0,1,0,1
202,0,0,0,1
203,0,0,0,0
204,0,0,0,0
205,1,0,0,1
206,1,0,0,1
207,0,0,0,0
208,0,0,0,1
209,1,1,1,1
210,1,1,1,1
211,0,0,0,1
212,1,1,1,1
213,0,0,0,0
214,0,0,0,0
215,0,0,0,0
216,1,1,1,1
217,1,1,1,1
218,0,0,0,0
219,0,0,0,1
220,1,1,1,1
221,1,1,1,1
222,0,1,1,0
223,0,1,1,1
224,0,0,0,0
225,0,1,1,1
226,0,1,1,1
227,0,0,0,1
228,1,1,0,1
229,0,0,0,1
230,0,0,0,1
231,1,0,0,1
232,1,1,1,1
233,1,1,1,1
234,0,0,0,0
235,0,0,0,0
236,0,0,0,0
237,1,1,1,1
238,0,1,1,1
239,0,0,0,0
240,0,0,0,0
241,0,0,0,0
242,1,0,1,1
243,1,0,1,1
244,1,1,1,1
245,0,0,0,1
246,0,0,0,1
247,1,0,0,1
248,1,1,1,1
249,1,1,1,1
250,0,0,0,0
251,0,0,0,0
252,0,0,0,1
253,1,1,1,1
254,0,0,0,0
255,0,0,0,0
256,1,1,1,1
257,0,0,0,0
258,0,0,0,1
259,0,0,0,1
260,1,0,0,0
261,1,0,0,0
262,0,0,0,1
263,1,1,1,1
264,0,0,0,1
265,1,1,1,1
266,0,0,0,1
267,0,0,0,1
268,0,1,1,1
269,1,1,1,1
270,0,1,0,1
271,1,1,1,1
272,1,1,1,1
273,1,1,1,1
274,0,0,0,0
275,0,0,0,0
276,1,1,1,1
277,0,0,0,0
278,0,1,0,1
279,1,1,0,1
280,0,0,0,1
281,0,0,0,1
282,1,1,1,1
283,0,0,0,1
284,0,0,0,0
285,0,1,1,1
286,1,1,1,1
287,0,0,0,1
288,0,0,0,1
289,0,0,0,1
290,1,1,1,1
291,0,0,0,0
292,0,0,0,0
293,0,0,0,0
294,0,0,0,1
295,0,1,0,1
296,1,1,1,1
297,0,0,0,1
298,1,1,0,1
299,0,0,0,1
300,0,0,0,0
301,0,0,0,0
302,1,1,1,1
303,0,0,0,0
304,0,0,0,0
305,0,0,0,1
306,0,0,0,1
307,1,1,1,1
308,1,1,1,1
309,1,0,1,1
310,0,0,0,0
311,1,1,1,1
312,1,0,0,1
313,1,1,1,1
314,0,0,0,0
315,0,0,0,1
316,0,0,0,1
317,0,0,0,1
318,1,1,1,1
319,1,1,1,1
320,0,0,0,0
321,1,1,1,1
322,0,0,0,0
323,0,0,0,1
324,0,1,1,1
325,1,1,1,1
326,0,0,0,0
327,1,1,1,1
328,0,0,0,1
329,0,1,0,1
330,0,0,0,0
331,1,1,1,1
332,0,0,0,0
333,1,1,1,1
334,0,0,0,1
335,0,0,0,0
336,1,1,1,1
337,1,1,1,1
338,0,1,1,1
339,0,0,0,0
340,0,0,0,0
341,0,0,0,1
342,0,0,0,1
343,0,0,0,1
344,0,0,0,0
345,1,0,0,1
346,0,0,0,0
347,0,0,0,1
348,0,0,0,0
349,1,0,1,0
350,1,1,1,1
351,1,1,1,1
352,0,0,0,0
353,1,1,1,1
354,1,0,0,1
355,1,1,1,1
356,0,0,0,1
357,1,0,0,1
358,0,0,0,1
359,1,1,1,1
360,0,0,0,0
361,0,1,1,1
362,1,1,1,1
363,0,1,0,1
364,0,0,0,1
365,1,0,0,0
366,1,1,1,1
367,0,0,0,0
368,0,0,0,0
369,0,0,0,1
370,1,1,1,1
371,1,1,1,1
372,1,1,1,1
373,0,0,0,0
374,0,0,0,0
375,0,0,0,1
376,0,0,0,0
377,0,0,0,1
378,1,1,0,1
379,1,0,0,1
380,1,1,1,1
381,1,1,1,1
382,1,0,1,1
383,1,1,1,1
384,1,1,1,1
385,1,1,1,1
386,1,0,1,1
387,1,1,1,1
388,0,0,0,1
389,0,0,0,0
390,0,0,0,1
391,0,0,0,0
392,1,1,1,1
393,1,1,1,1
394,1,1,0,1
395,0,0,0,0
396,1,1,1,1
397,1,1,1,1
398,0,0,0,1
399,1,1,1,1
400,0,0,0,0
401,0,0,0,1
402,0,0,0,0
403,0,0,0,0
404,1,0,0,0
405,0,0,0,0
406,1,1,1,1
407,1,1,1,1
408,0,0,0,0
409,0,0,0,0
410,0,0,0,0
411,1,1,1,0
412,1,1,1,1
413,1,1,1,1
414,0,0,0,1
415,0,0,0,0
416,1,0,0,1
417,0,0,0,1
418,1,1,1,1
419,0,0,0,0
420,0,0,0,1
421,1,1,1,1
422,1,1,1,1
423,0,0,0,0
424,1,1,1,1
425,0,1,0,1
426,0,0,0,0
427,0,0,0,1
428,0,0,0,1
429,0,0,0,0
430,0,0,0,0
431,0,0,0,1
432,0,0,0,0
433,0,0,0,1
434,0,0,0,1
435,0,0,0,0
436,0,0,0,0
437,1,1,1,1
438,1,1,1,1
439,0,0,0,1
440,1,1,1,1
441,0,0,0,0
442,1,1,1,1
443,1,1,1,1
444,0,0,0,1
445,0,0,0,1
446,0,0,0,0
447,1,1,1,1
448,0,0,0,1
449,1,1,1,1
450,1,1,1,1
451,1,1,1,1
452,0,0,0,0
453,0,0,0,1
454,0,0,0,0
455,0,0,0,1
456,1,1,1,1
457,1,1,1,1
458,1,0,0,1
459,0,0,0,0
460,1,1,1,1
461,1,1,1,1
462,1,1,1,1
463,0,0,0,0
464,0,0,0,1
465,0,0,0,0
466,0,0,0,0
467,0,0,0,0
468,0,0,0,0
469,1,1,1,1
470,1,1,1,1
471,0,0,0,0
472,1,1,1,1
473,0,0,0,0
474,0,0,0,1
475,0,0,0,1
476,1,1,1,1
477,0,0,0,1
478,0,1,1,1
479,1,0,0,1
480,0,0,0,0
481,0,0,0,0
482,1,1,1,1
483,0,0,0,0
484,1,1,0,1
485,0,0,0,0
486,0,0,0,0
487,0,0,0,0
488,0,0,0,1
489,0,0,0,0
490,1,1,1,1
491,1,1,1,1
492,1,0,0,1
493,0,0,0,0
494,1,0,1,0
495,0,0,0,0
496,0,0,0,0
497,1,1,1,1
498,0,0,0,0
499,0,0,0,0
500,0,0,0,1
501,0,0,0,1
502,0,0,0,1
503,1,1,1,1
504,0,0,0,0
505,0,0,0,0
506,0,1,1,1
507,1,1,1,1
508,1,0,1,1
509,0,0,0,1
510,1,1,1,1
511,0,0,0,0
512,1,0,0,1
513,0,0,0,1
514,1,1,1,1
515,0,0,0,0
516,0,0,0,0
517,1,0,1,1
518,0,0,0,0
519,1,1,1,1
520,1,1,1,1
521,0,0,0,0
522,1,0,0,1
523,0,1,1,1
524,1,1,1,1
525,0,0,0,0
526,0,0,0,1
527,1,1,1,1
528,0,0,0,0
529,0,0,0,1
530,1,1,1,1
531,0,0,0,0
532,1,1,1,1
533,1,1,1,1
534,0,0,0,0
535,0,0,0,0
536,1,1,1,1
537,0,0,0,1
538,1,1,1,1
539,1,1,1,1
540,0,1,1,1
541,1,1,0,1
542,1,0,0,1
543,0,1,1,1
544,0,0,0,1
545,0,0,0,1
546,1,1,1,1
547,0,0,0,0
548,0,0,0,0
549,1,1,1,1
550,1,0,1,1
551,1,1,1,1
552,1,1,1,1
553,1,1,1,1
554,1,1,1,1
555,0,0,0,0
556,0,1,1,1
557,1,1,1,1
558,1,1,1,1
559,1,1,1,1
560,0,1,1,1
561,0,0,0,1
562,0,0,0,1
563,0,0,0,0
564,0,0,0,1
565,0,1,1,1
566,1,1,1,1
567,0,0,0,0
568,0,0,0,0
569,0,0,0,0
570,0,0,0,1
571,1,1,1,1
572,1,1,1,1
573,0,1,1,1
574,0,0,0,0
575,1,1,1,1
576,1,1,1,1
577,1,1,1,1
578,0,1,1,1
579,1,1,1,1
580,1,0,0,1
581,0,0,0,1
582,0,1,1,1
583,1,1,1,1
584,0,0,0,0
585,1,1,1,1
586,1,0,0,1
587,1,1,1,1
588,0,0,0,0
589,0,1,1,1
590,0,0,0,0
591,0,0,0,0
592,0,1,1,1
593,1,1,1,1
594,1,1,1,1
595,0,0,0,0
596,1,1,1,1
597,0,0,0,0
598,0,0,0,1
599,0,0,0,1
600,0,0,0,0
601,1,0,1,1
602,1,1,1,1
603,0,0,0,0
604,0,1,1,1
605,1,1,1,1
606,0,0,0,0
607,1,0,0,1
608,0,0,0,1
609,0,1,0,1
610,1,0,0,1
611,0,0,0,0
612,0,0,0,0
613,0,0,0,0
614,0,0,0,1
615,0,0,0,1
616,1,1,1,1
617,1,1,1,1
618,1,0,0,1
619,0,1,1,1
620,1,1,1,1
621,0,0,0,1
622,0,0,0,1
623,0,0,0,1
624,0,0,0,0
625,1,1,1,1
626,0,0,0,1
627,0,0,0,0
628,0,0,0,0
629,1,1,1,1
630,1,0,1,1
631,0,0,0,0
632,1,1,1,1
633,0,0,0,0
634,0,0,0,0
635,0,0,0,0
636,0,0,0,0
637,1,1,1,1
638,0,0,0,0
639,1,1,1,1
640,1,1,1,1
641,1,1,0,1
642,1,1,1,1
643,0,0,0,0
644,1,1,1,1
645,0,1,0,1
646,0,0,0,0
647,0,0,0,0
648,0,1,0,1
649,1,1,1,1
650,0,1,1,1
651,0,0,0,0
652,1,1,1,1
653,0,0,0,1
654,1,1,1,1
655,0,0,0,0
656,0,0,0,0
657,1,0,1,1
658,0,0,0,1
659,0,0,0,1
660,0,0,0,0
661,0,0,0,0
662,1,1,1,1
663,1,1,1,1
664,1,0,0,1
665,0,0,0,0
666,0,0,0,1
667,0,0,0,0
668,0,0,0,0
669,0,0,0,1
670,1,1,1,1
671,0,1,0,1
672,1,0,1,1
673,1,1,1,1
674,0,0,0,0
675,0,0,0,0
676,0,0,0,0
677,0,0,0,0
678,1,1,0,1
679,0,0,0,0
680,0,0,0,0
681,0,1,0,1
682,1,1,1,1
683,0,0,0,0
684,0,0,0,1
685,0,0,0,0
686,1,1,1,1
687,1,1,1,1
688,0,0,0,1
689,0,0,0,0
690,0,0,0,1
691,1,1,1,1
692,0,0,0,0
693,1,1,1,1
694,1,1,1,1
695,0,1,1,1
696,1,0,0,0
697,1,0,0,0
698,0,0,0,1
699,0,0,0,1
700,1,1,1,1
701,0,0,0,1
702,0,0,0,0
703,1,1,1,1
704,0,0,0,1
705,1,0,0,1
706,0,0,0,0
707,1,1,1,1
708,1,1,1,1
709,1,1,1,1
710,1,1,1,1
711,1,1,1,1
712,1,1,1,1
713,0,0,0,0
714,0,0,0,0
715,1,0,1,1
716,0,0,0,0
717,1,1,1,1
718,0,0,0,0
719,0,0,0,0
720,1,1,1,1
721,1,1,1,1
722,1,1,1,1
723,0,1,1,1
724,1,1,1,1
725,1,1,1,1
726,1,1,1,1
727,0,1,0,1
728,1,1,1,1
729,0,0,0,1
730,0,0,0,1
731,0,0,0,0
732,0,1,0,1
733,1,1,1,1
734,0,0,0,0
735,1,1,1,1
736,0,0,0,0
737,1,0,1,1
738,1,1,1,0
739,0,0,0,1
740,1,0,1,0
741,0,0,0,1
742,0,0,0,0
743,0,0,0,1
744,0,0,0,1
745,0,0,0,0
746,0,0,0,0
747,1,1,1,1
748,0,0,0,1
749,1,1,1,1
750,1,1,1,1
751,0,0,0,1
752,0,0,0,0
753,0,0,0,1
754,1,1,1,1
755,0,0,0,0
756,1,1,1,1
757,0,1,1,1
758,1,1,1,1
759,0,0,0,0
760,0,1,1,1
761,1,1,1,1
762,1,0,0,1
763,1,0,0,1
764,0,0,0,0
765,0,0,0,0
766,1,1,1,1
767,1,1,1,1
768,1,1,1,1
769,1,0,0,1
770,0,0,0,0
771,1,0,1,1
772,0,0,0,0
773,0,0,0,0
774,0,0,0,1
775,0,0,0,0
776,0,0,0,0
777,1,1,1,1
778,1,1,1,1
779,1,1,1,1
780,0,0,0,1
781,0,0,0,1
782,1,1,1,1
783,1,1,1,1
784,1,0,1,1
785,1,1,1,1
786,1,1,1,1
787,0,0,0,0
788,0,0,0,1
789,0,0,0,0
790,1,1,1,1
791,0,0,0,1
792,0,0,0,0
793,0,0,0,1
794,0,0,0,0
795,0,0,0,1
796,1,0,0,1
797,1,1,1,1
798,0,1,1,1
799,1,1,1,1
800,0,0,0,1
801,0,0,0,0
802,0,1,1,1
803,1,1,1,1
804,1,1,1,1
805,0,0,0,0
806,0,1,0,1
807,1,0,1,1
808,1,1,1,1
809,1,1,1,1
810,0,0,0,0
811,0,0,0,0
812,0,0,0,1
813,1,0,0,1
814,0,0,0,0
815,1,1,1,1
816,0,0,0,1
817,1,1,1,1
818,1,1,1,1
819,0,0,0,0
820,1,1,1,1
821,1,1,1,1
822,1,1,1,1
823,1,1,1,1
824,1,0,1,1
825,0,0,0,1
826,1,1,1,1
827,0,0,0,1
828,0,0,0,0
829,0,0,0,1
830,1,1,1,1
831,1,0,1,0
832,0,0,0,0
833,1,0,1,1
834,0,0,0,0
835,1,1,1,1
836,0,0,0,0
837,1,1,1,1
838,0,0,0,0
839,1,1,1,1
840,0,0,0,1
841,0,0,0,0
842,0,0,0,1
843,1,1,1,1
844,0,1,1,1
845,1,0,0,0
846,0,1,0,1
847,0,1,1,1
848,0,0,0,0
849,0,0,0,0
850,1,1,1,1
851,0,0,0,0
852,0,0,0,1
853,0,0,0,1
854,1,1,1,1
855,0,1,0,1
856,0,0,0,1
857,0,0,0,1
858,1,1,1,1
859,1,1,1,1
860,0,0,0,1
861,1,1,1,1
862,0,1,0,1
863,0,0,0,0
864,1,1,1,1
865,0,0,0,0
866,0,0,0,0
867,1,1,1,1
868,0,0,0,0
869,0,0,0,0
870,1,1,1,1
871,1,0,0,1
872,1,1,0,1
873,0,0,0,1
874,0,0,0,1
875,1,1,1,1
876,1,1,1,1
877,0,0,0,0
878,0,0,0,0
879,0,1,0,1
880,0,0,0,1
881,0,0,0,0
882,1,0,1,1
883,1,0,1,0
884,0,0,0,0
885,0,0,0,1
886,1,1,1,1
887,1,0,1,1
888,0,0,0,1
889,0,0,0,0
890,1,1,1,1
891,0,0,0,0
892,1,1,1,1
893,0,0,0,1
894,0,0,0,1
895,1,1,0,1
896,1,1,1,1
897,0,1,1,1
898,0,1,1,1
899,0,0,0,0
900,0,0,0,0
901,0,0,0,0
902,0,0,0,1
903,0,0,0,0
904,1,1,1,1
905,1,0,1,1
906,1,0,1,1
907,0,1,1,1
908,0,0,0,0
909,1,1,1,1
910,1,1,1,1
911,0,0,0,0
912,0,0,0,0
913,1,1,1,1
914,0,0,0,0
915,0,1,0,1
916,0,0,0,0
917,0,0,0,1
918,1,1,0,1
919,0,0,0,1
920,0,0,0,1
921,1,0,1,0
922,0,0,0,0
923,0,0,0,0
924,1,1,1,1
925,0,0,0,0
926,0,0,0,1
927,0,0,0,0
928,1,1,1,1
929,0,1,0,1
930,1,1,1,1
931,0,0,0,0
932,1,1,1,1
933,1,1,1,1
934,0,0,0,1
935,0,0,0,0
936,0,1,1,1
937,0,0,0,0
938,0,0,0,0
939,1,0,0,1
940,1,1,0,1
941,1,1,1,1
942,0,0,0,0
943,0,0,0,1
944,0,0,0,1
945,0,0,0,0
946,0,0,0,0
947,1,0,1,1
948,1,1,1,1
949,1,1,1,1
950,0,0,0,1
951,1,1,1,1
952,0,0,0,0
953,0,0,0,0
954,1,1,1,1
955,1,1,1,1
956,1,1,1,0
957,1,1,1,1
958,0,0,0,0
959,1,0,1,0
960,0,0,0,0
961,0,1,0,1
962,0,0,0,0
963,0,0,0,1
964,0,0,0,0
965,1,1,1,1
966,1,1,1,1
967,0,0,0,0
968,1,0,0,1
969,0,1,0,1
970,0,1,0,1
971,0,0,0,1
972,0,0,0,1
973,1,1,1,1
974,0,0,0,0
975,0,0,0,0
976,1,1,1,1
977,1,1,1,1
978,0,1,0,1
979,1,0,1,1
980,0,0,0,0
981,0,1,0,1
982,0,0,0,1
983,0,0,0,0
984,0,0,0,1
985,1,1,1,1
986,1,1,1,1
987,0,0,0,0
988,0,0,0,1
989,0,0,0,0
990,1,0,1,1
991,1,1,0,1
992,0,0,0,0
993,0,0,0,0
994,0,0,0,1
995,1,1,1,1
996,1,0,0,0
997,1,1,1,1
998,0,0,0,0
999,0,0,0,0
1000,1,1,1,1
1001,1,1,0,1
1002,0,1,1,1
1003,0,1,1,1
1004,0,0,0,0
1005,1,0,0,0
1006,0,0,0,0
1007,0,0,0,1
1008,1,1,1,1
1009,0,0,0,0
1010,0,0,0,1
1011,0,0,0,0
1012,1,1,1,1
1013,1,0,0,0
1014,0,0,0,0
1015,0,0,0,0
1016,1,1,1,1
1017,1,0,1,1
1018,1,1,1,1
1019,1,1,1,1
1020,0,0,0,0
1021,0,0,0,1
1022,0,1,0,1
1023,1,0,0,0
1024,1,1,1,1
1025,1,0,1,1
1026,1,1,1,1
1027,0,0,0,0
1028,0,0,0,1
1029,0,0,0,1
1030,0,0,0,1
1031,0,0,0,1
1032,0,1,1,1
1033,1,1,0,1
1034,0,1,1,1
1035,0,0,0,1
1036,1,1,1,1
1037,0,0,0,1
1038,1,1,1,1
1039,0,0,0,0
1040,0,1,1,1
1041,0,0,0,0
1042,0,0,0,0
1043,1,1,1,1
1044,0,0,0,0
1045,1,0,1,1
1046,1,1,1,1
1047,1,1,1,1
1048,0,0,0,1
1049,1,0,0,1
1050,0,0,0,1
1051,0,1,1,1
1052,0,0,0,0
1053,1,1,1,1
1054,1,1,1,1
1055,0,0,0,1
1056,1,1,1,1
1057,0,0,0,1
1058,0,0,0,1
1059,1,0,1,0
1060,0,0,0,0
1061,1,0,0,1
1062,1,1,1,1
1063,1,1,1,1
1064,0,0,0,0
1065,0,0,0,0
1066,1,1,1,1
1067,0,1,1,1
1068,1,1,1,1
1069,0,0,0,0
1070,0,0,0,0
1071,0,0,0,1
1072,1,1,1,1
1073,0,1,1,1
1074,0,1,0,1
1075,1,0,1,1
1076,0,0,0,1
1077,0,0,0,0
1078,0,0,0,0
1079,0,1,1,1
1080,0,0,0,1
1081,1,1,1,1
1082,1,1,1,1
1083,0,0,0,0
1084,1,1,1,1
1085,0,0,0,1
1086,1,0,0,1
1087,1,1,0,1
1088,0,0,0,1
1089,0,0,0,1
1090,0,0,0,0
1091,0,0,0,0
1092,0,0,0,0
1093,0,0,0,1
1094,0,0,0,0
1095,1,1,1,1
1096,0,0,0,0
1097,0,0,0,1
1098,0,0,0,0
1099,1,1,1,1
1100,1,0,0,1
1101,1,1,1,1
1102,1,1,1,1
1103,0,0,0,0
1104,0,1,0,1
1105,1,0,1,1
1106,1,1,1,1
1107,0,0,0,1
1108,0,0,0,1
1109,0,0,0,0
1110,0,0,0,0
1111,0,0,0,0
1112,1,1,1,1
1113,1,0,1,1
1114,0,0,0,0
1115,0,0,0,1
1116,1,0,1,1
1117,0,0,0,1
1118,0,0,0,0
1119,0,0,0,0
1120,0,1,0,1
1121,0,0,0,0
1122,0,0,0,0
1123,1,1,1,1
1124,1,0,0,1
1125,0,1,0,1
1126,0,0,0,1
1127,0,0,0,1
1128,0,0,0,0
1129,0,1,1,1
1130,1,1,1,1
1131,1,0,1,0
1132,0,0,0,0
1133,1,0,1,1
1134,0,0,0,0
1135,0,1,1,1
1136,1,1,1,1
1137,0,0,0,0
1138,0,0,0,0
1139,0,0,0,1
1140,0,0,0,0
1141,1,1,1,1
1142,0,0,0,0
1143,0,0,0,0
1144,1,0,1,1
1145,0,0,0,1
1146,1,1,1,1
1147,0,0,0,0
1148,1,1,1,1
1149,1,1,1,1
1150,0,0,0,1
1151,0,0,0,0
1152,0,1,0,1
1153,0,0,0,1
1154,0,0,0,0
1155,1,1,1,1
1156,0,0,0,1
1157,0,0,0,0
1158,0,0,0,0
1159,1,1,1,1
1160,1,1,1,1
1161,0,0,0,0
1162,1,0,1,1
1163,0,0,0,1
1164,0,0,0,1
1165,0,0,0,0
1166,0,0,0,1
1167,1,1,1,1
1168,0,0,0,0
1169,0,0,0,0
1170,0,1,0,1
1171,1,1,1,1
1172,0,0,0,0
1173,1,1,1,1
1174,0,1,1,1
1175,1,0,0,1
1176,0,0,0,0
1177,1,0,0,1
1178,1,1,1,1
1179,0,0,0,0
1180,1,1,1,1
1181,0,0,0,0
1182,1,0,0,1
1183,1,0,0,1
1184,0,0,0,1
1185,1,1,0,1
1186,1,0,1,1
1187,1,1,1,1
1188,1,1,1,1
1189,0,0,0,0
1190,1,0,1,1
1191,0,0,0,1
1192,1,0,0,1
1193,1,1,0,1
1194,0,0,0,0
1195,0,0,0,1
1196,0,0,0,0
1197,0,0,0,0
1198,1,0,1,1
1199,1,1,0,1
1200,0,0,0,0
1201,0,1,0,1
1202,0,1,1,1
1203,0,1,1,1
1204,1,0,0,1
1205,1,1,1,1
1206,0,0,0,0
1207,1,1,1,1
1208,1,1,1,1
1209,1,0,0,1
1210,0,0,0,0
1211,1,1,1,1
1212,1,1,1,1
1213,1,0,1,1
1214,1,1,1,1
1215,0,0,0,0
1216,1,1,1,1
1217,0,0,0,0
1218,0,0,0,1
1219,0,0,0,0
1220,0,0,0,0
1221,0,0,0,0
1222,1,0,1,0
1223,1,1,1,1
1224,1,1,1,1
1225,1,1,1,1
1226,1,0,1,1
1227,0,0,0,0
1228,0,0,0,1
1229,0,1,0,1
1230,1,1,1,1
1231,1,1,1,1
1232,0,0,0,0
1233,0,0,0,0
1234,0,0,0,0
1235,1,1,1,1
1236,1,1,1,1
1237,1,1,1,1
1238,1,1,1,1
1239,0,0,0,0
1240,0,0,0,0
1241,1,1,1,1
1242,0,1,1,1
1243,0,1,0,1
1244,1,1,1,1
1245,0,0,0,0
1246,0,1,1,1
1247,1,0,1,0
1248,0,0,0,1
1249,1,1,1,1
1250,0,0,0,0
1251,0,0,0,0
1252,1,0,0,1
1253,0,0,0,0
1254,0,0,0,0
1255,1,0,1,1
1256,0,0,0,0
1257,0,0,0,0
1258,1,1,1,1
1259,0,0,0,0
1260,1,1,1,1
1261,1,0,0,1
1262,0,0,0,0
1263,1,1,1,1
1264,1,1,1,1
1265,0,1,0,1
1266,0,1,1,1
1267,0,0,0,0
1268,1,1,1,1
1269,1,1,1,1
1270,1,0,1,1
1271,0,0,0,0
1272,0,0,0,0
1273,0,0,0,1
1274,0,0,0,1
1275,1,1,1,1
1276,1,1,1,1
1277,1,1,1,1
1278,0,0,0,0
1279,0,0,0,0
1280,0,0,0,0
1281,1,1,1,1
1282,0,1,1,1
1283,1,1,1,1
1284,0,0,0,1
1285,1,1,1,1
1286,1,0,0,1
1287,1,1,0,1
1288,1,1,1,1
1289,0,0,0,0
1290,1,0,0,1
1291,0,0,0,0
1292,1,1,1,1
1293,0,0,0,0
1294,1,1,1,1
1295,0,0,0,0
1296,1,0,0,0
1297,1,1,1,1
1298,1,1,1,1
1299,0,0,0,0
1300,0,0,0,0
1301,0,0,0,0
1302,1,1,0,1
1303,0,0,0,0
1304,1,1,1,1
1305,0,0,0,0
1306,0,0,0,1
1307,1,0,1,1
1308,1,1,1,1
1309,1,1,1,1
1310,1,1,1,1
1311,0,0,0,0
1312,0,0,0,0
1313,0,1,1,1
1314,0,0,0,0
1315,0,0,0,1
1316,0,0,0,0
1317,0,0,0,1
1318,1,1,1,1
1319,1,1,1,1
1320,1,1,1,1
1321,0,0,0,0
1322,1,1,0,1
1323,1,1,1,1
1324,1,1,1,1
1325,0,1,1,1
1326,0,1,1,1
1327,1,1,1,1
1328,1,1,1,1
1329,0,0,0,1
1330,1,1,1,1
1331,0,0,0,1
1332,0,0,0,0
1333,1,1,1,1
1334,0,0,0,0
1335,0,0,0,0
1336,1,1,1,1
1337,0,0,0,1
1338,0,0,0,0
1339,1,0,0,1
1340,0,0,0,0
1341,0,0,0,0
1342,0,1,0,1
1343,0,1,0,1
1344,0,0,0,1
1345,0,0,0,1
1346,1,1,1,1
1347,0,0,0,1
1348,1,1,1,1
1349,1,1,1,1
1350,0,0,0,1
1351,1,1,1,1
1352,0,0,0,1
1353,0,0,0,1
1354,0,0,0,0
1355,0,1,1,1
1356,1,1,1,1
1357,0,1,1,1
1358,0,0,0,0
1359,1,0,1,1
1360,1,0,0,1
1361,1,0,1,1
1362,0,0,0,0
1363,1,1,1,1
1364,0,0,0,0
1365,0,0,0,0
1366,0,0,0,1
1367,0,0,0,0
1368,1,0,0,0
1369,0,0,0,0
1370,0,0,0,1
1371,0,0,0,0
1372,1,0,1,0
1373,0,0,0,0
1374,1,1,1,1
1375,1,1,1,1
1376,0,0,0,1
1377,1,1,1,1
1378,0,0,0,1
1379,0,0,0,1
1380,0,0,0,1
1381,0,0,0,1
1382,0,0,0,0
1383,1,0,1,1
1384,1,0,0,0
1385,0,1,1,1
1386,1,0,1,1
1387,1,1,1,1
1388,1,1,0,1
1389,0,1,0,1
1390,0,0,0,0
1391,0,0,0,0
1392,1,1,1,1
1393,0,0,0,1
1394,0,0,0,0
1395,1,1,0,1
1396,1,1,1,1
1397,0,0,0,1
1398,1,1,1,1
1399,0,0,0,0
1400,1,1,1,1
1401,1,1,1,1
1402,1,1,1,1
1403,0,0,0,0
1404,0,1,1,1
1405,1,1,1,1
1406,0,0,0,1
1407,0,0,0,0
1408,0,0,0,0
1409,0,0,0,1
1410,0,0,0,0
1411,1,0,1,1
1412,1,1,1,1
1413,0,0,0,0
1414,1,1,1,1
1415,1,0,0,0
1416,0,0,0,0
1417,0,0,0,1
1418,0,0,0,0
1419,0,1,0,1
1420,0,0,0,1
1421,0,0,0,0
1422,1,1,1,1
1423,0,0,0,0
1424,1,0,1,1
1425,0,0,0,0
1426,0,1,0,1
1427,0,0,0,1
1428,1,1,1,1
1429,1,1,1,1
1430,0,0,0,1
1431,1,1,1,1
1432,0,0,0,0
1433,0,0,0,1
1434,1,1,1,1
1435,0,0,0,1
1436,1,1,1,1
1437,1,1,0,1
1438,1,1,1,1
1439,0,1,0,1
1440,1,1,1,1
1441,1,1,1,1
1442,1,1,1,1
1443,0,0,0,0
1444,0,0,0,1
1445,0,0,0,0
1446,0,1,1,1
1447,0,0,0,0
1448,0,0,0,0
1449,0,0,0,0
1450,1,0,1,1
1451,1,0,0,1
1452,0,1,0,1
1453,0,0,0,0
1454,0,0,0,0
1455,0,0,0,0
1456,1,1,1,1
1457,0,1,1,1
1458,0,0,0,0
1459,1,0,1,1
1460,0,0,0,0
1461,0,0,0,0
1462,0,0,0,0
1463,0,0,0,1
1464,0,0,0,0
1465,0,0,0,1
1466,0,0,0,0
1467,1,1,1,1
1468,0,1,1,1
1469,1,1,1,1
1470,1,1,1,1
1471,0,0,0,1
1472,1,1,1,1
1473,0,0,0,0
1474,0,0,0,0
1475,1,1,1,1
1476,1,1,1,1
1477,1,1,1,1
1478,0,0,0,0
1479,0,0,0,0
1480,0,0,0,0
1481,0,0,0,0
1482,0,0,0,1
1483,1,0,0,1
1484,0,1,0,1
1485,0,0,0,0
1486,0,0,0,0
1487,0,0,0,1
1488,0,0,0,1
1489,0,0,0,1
1490,0,0,0,1
1491,1,0,1,1
1492,0,0,0,1
1493,0,1,0,1
1494,1,1,1,1
1495,1,1,1,1
1496,0,0,0,0
1497,1,0,0,0
1498,0,0,0,1
1499,0,0,0,1
1500,0,0,0,1
1501,0,0,0,1
1502,0,0,0,1
1503,0,0,0,1
1504,0,0,0,1
1505,0,1,0,1
1506,0,0,0,0
1507,1,1,1,1
1508,0,0,0,0
1509,1,0,0,0
1510,0,0,0,1
1511,1,1,1,1
1512,0,0,0,1
1513,1,1,1,1
1514,0,0,0,1
1515,0,0,0,0
1516,1,0,1,1
1517,0,0,0,0
1518,1,1,1,1
1519,0,0,0,0
1520,0,0,0,0
1521,1,1,1,1
1522,1,0,0,0
1523,1,1,1,1
1524,0,0,0,0
1525,1,1,1,1
1526,0,0,0,0
1527,1,1,1,1
1528,1,0,0,0
1529,0,0,0,0
1530,0,0,0,0
1531,1,1,1,1
1532,1,1,1,1
1533,1,1,1,1
1534,0,0,0,0
1535,0,0,0,1
1536,1,1,1,1
1537,0,0,0,0
1538,0,0,0,0
1539,0,0,0,0
1540,0,0,0,0
1541,0,0,0,1
1542,1,1,1,1
1543,0,0,0,0
1544,0,0,0,1
1545,0,1,0,1
1546,0,1,1,1
1547,1,1,1,1
1548,0,0,0,0
1549,0,0,0,0
1550,1,1,1,1
1551,1,1,1,1
1552,0,0,0,0
1553,0,0,0,0
1554,1,1,1,1
1555,1,1,0,1
1556,1,1,1,1
1557,0,0,0,0
1558,0,0,0,1
1559,0,0,0,0
1560,1,1,1,1
1561,0,0,0,1
1562,1,1,0,1
1563,0,0,0,0
1564,0,0,0,1
1565,0,0,0,0
1566,0,0,0,0
1567,1,1,1,0
1568,1,1,1,1
1569,0,0,0,1
1570,0,0,0,1
1571,1,1,1,1
1572,1,1,1,1
1573,0,0,0,1
1574,1,1,1,1
1575,0,0,0,0
1576,1,0,1,1
1577,0,0,0,1
1578,0,0,0,0
1579,1,1,1,1
1580,1,0,0,1
1581,1,0,0,1
1582,0,0,0,0
1583,0,0,0,0
1584,1,1,1,1
1585,0,0,0,0
1586,0,0,0,0
1587,1,0,1,1
1588,0,0,0,0
1589,1,1,1,1
1590,1,1,1,1
1591,1,1,1,1
1592,1,0,0,1
1593,0,0,0,0
1594,0,0,0,1
1595,1,1,1,1
1596,1,0,0,0
1597,0,1,1,1
1598,0,0,0,0
1599,1,1,1,1
1600,0,0,0,0
1601,1,0,1,1
1602,1,1,1,1
1603,1,0,1,1
1604,1,1,1,1
1605,0,0,0,1
1606,0,1,1,1
1607,1,1,1,1
1608,1,1,1,1
1609,1,1,1,1
1610,1,0,1,1
1611,1,1,1,1
1612,0,0,0,1
1613,0,0,0,0
1614,1,1,1,1
1615,1,1,1,1
1616,1,1,1,1
1617,0,0,0,1
1618,1,1,1,1
1619,0,1,1,1
1620,0,1,1,1
1621,1,1,1,1
1622,0,0,0,0
1623,0,0,0,0
1624,1,1,1,1
1625,0,0,0,1
1626,1,0,1,1
1627,0,0,0,1
1628,0,0,0,0
1629,0,0,0,0
1630,0,1,1,1
1631,1,1,1,1
1632,0,0,0,0
1633,0,0,0,0
1634,0,0,0,0
1635,0,0,0,0
1636,1,0,1,1
1637,1,1,1,1
1638,0,0,0,1
1639,0,0,0,1
1640,1,1,1,1
1641,0,0,0,1
1642,0,1,1,1
1643,1,1,1,1
1644,1,0,1,1
1645,0,0,0,1
1646,0,0,0,1
1647,1,1,1,1
1648,0,0,0,1
1649,0,0,0,0
1650,0,0,0,0
1651,0,0,0,0
1652,0,0,0,1
1653,0,0,0,1
1654,0,1,0,1
1655,0,0,0,1
1656,0,0,0,0
1657,0,0,0,0
1658,1,0,1,1
1659,0,0,0,0
1660,0,0,0,1
1661,1,1,1,1
1662,0,0,0,0
1663,1,1,1,1
1664,1,0,0,0
1665,0,0,0,0
1666,0,0,0,0
1667,1,1,1,1
1668,0,0,0,0
1669,0,0,0,0
1670,1,1,1,1
1671,0,0,0,1
1672,0,0,0,0
1673,1,0,0,1
1674,0,0,0,0
1675,0,0,0,1
1676,1,0,1,0
1677,0,0,0,0
1678,1,1,1,1
1679,0,0,0,1
1680,1,1,1,1
1681,0,0,0,0
1682,0,0,0,1
1683,1,1,1,1
1684,0,1,1,1
1685,0,0,0,0
1686,1,1,1,1
1687,1,0,0,1
1688,1,0,0,1
1689,0,1,1,1
1690,1,1,0,1
1691,0,0,0,0
1692,1,1,1,1
1693,0,0,0,0
1694,1,1,1,1
1695,1,0,1,1
1696,1,1,1,1
1697,0,0,0,0
1698,0,0,0,0
1699,0,0,0,0
1700,0,1,0,1
1701,0,0,0,0
1702,0,1,1,1
1703,1,0,0,1
1704,0,0,0,0
1705,1,0,0,0
1706,0,0,0,0
1707,0,0,0,0
1708,0,1,1,1
1709,0,0,0,0
1710,0,0,0,0
1711,0,0,0,1
1712,1,1,1,1
1713,0,0,0,1
1714,0,0,0,1
1715,0,0,0,0
1716,1,1,1,1
1717,0,1,1,1
1718,0,0,0,0
1719,0,0,0,1
1720,0,0,0,1
1721,0,0,0,0
1722,0,0,0,0
1723,0,0,0,1
1724,1,1,1,1
1725,1,1,1,1
1726,0,0,0,0
1727,0,0,0,1
1728,0,0,0,0
1729,1,1,1,1
1730,0,0,0,0
1731,0,1,1,1
1732,0,0,0,0
1733,0,0,0,1
1734,1,0,0,1
1735,0,0,0,1
1736,1,1,1,1
1737,1,0,0,0
1738,1,1,1,1
1739,1,1,1,1
1740,0,0,0,0
1741,1,0,0,1
1742,0,0,0,0
1743,0,0,0,0
1744,1,1,1,1
1745,1,1,1,1
1746,1,1,1,1
1747,0,1,0,1
1748,0,0,0,0
1749,1,1,1,1
1750,0,0,0,0
1751,1,1,1,1
1752,1,1,1,1
1753,0,0,0,0
1754,0,0,0,1
1755,0,0,0,0
1756,1,1,1,1
1757,0,1,0,1
1758,0,0,0,1
1759,0,0,0,1
1760,0,0,0,0
1761,1,1,1,1
1762,0,0,0,0
1763,1,1,1,1
1764,0,0,0,0
1765,1,1,1,1
1766,1,1,1,1
1767,1,1,1,1
1768,1,1,1,1
1769,0,0,0,1
1770,1,0,0,1
1771,1,0,0,1
1772,1,0,0,1
1773,0,0,0,0
1774,1,1,1,1
1775,1,0,0,0
1776,0,0,0,1
1777,1,0,1,1
1778,0,0,0,0
1779,0,0,0,0
1780,0,0,0,0
1781,0,0,0,0
1782,0,0,0,0
1783,0,0,0,1
1784,1,1,1,1
1785,0,0,0,0
1786,0,0,0,0
1787,0,0,0,1
1788,0,0,0,0
1789,0,0,0,1
1790,0,0,0,1
1791,1,0,1,1
1792,1,1,1,1
1793,0,0,0,0
1794,0,0,0,1
1795,0,0,0,0
1796,1,1,1,1
1797,1,1,1,1
1798,0,1,1,1
1799,1,1,1,1
1800,0,0,0,1
1801,0,0,0,0
1802,0,0,0,0
1803,1,1,1,1
1804,0,0,0,1
1805,0,1,0,1
1806,0,1,1,1
1807,0,0,0,1
1808,0,0,0,0
1809,1,0,0,0
1810,0,0,0,1
1811,0,0,0,0
1812,1,1,1,1
1813,1,1,1,1
1814,0,0,0,0
1815,0,0,0,0
1816,0,0,0,1
1817,1,1,1,1
1818,1,0,1,1
1819,1,1,1,1
1820,1,1,1,1
1821,0,0,0,1
1822,1,1,1,1
1823,1,1,0,1
1824,1,1,1,1
1825,0,0,0,0
1826,1,1,1,1
1827,1,1,1,1
1828,1,1,1,1
1829,1,1,1,1
1830,0,0,0,0
1831,0,0,0,1
1832,1,0,1,1
1833,0,1,1,1
1834,0,0,0,1
1835,1,0,0,1
1836,0,0,0,1
1837,0,0,0,1
1838,1,1,1,1
1839,0,0,0,1
1840,1,1,1,1
1841,0,1,1,1
1842,0,0,0,0
1843,1,1,1,1
1844,0,0,0,0
1845,0,0,0,0
1846,0,0,0,0
1847,0,0,0,0
1848,1,1,1,1
1849,0,0,0,0
1850,0,0,0,0
1851,0,0,0,1
1852,1,0,1,1
1853,1,0,1,1
1854,0,0,0,1
1855,0,0,0,1
1856,1,0,0,1
1857,1,1,1,1
1858,0,0,0,0
1859,1,0,0,1
1860,1,1,1,1
1861,1,1,1,1
1862,0,0,0,1
1863,0,0,0,0
1864,1,1,1,0
1865,0,1,1,1
1866,1,0,1,0
1867,1,1,1,1
1868,0,0,0,0
1869,1,1,0,1
1870,1,1,1,1
1871,0,0,0,0
1872,1,1,0,1
1873,1,0,1,1
1874,0,1,1,1
1875,0,0,0,0
1876,1,1,1,1
1877,1,1,1,1
1878,1,1,1,1
1879,1,1,1,1
1880,1,1,1,1
1881,1,1,1,1
1882,0,1,1,1
1883,1,1,1,1
1884,0,0,0,0
1885,0,0,0,0
1886,1,0,1,1
1887,1,1,1,1
1888,0,0,0,0
1889,1,1,1,1
1890,1,0,1,1
1891,0,0,0,1
1892,1,1,0,1
1893,0,0,0,1
1894,1,1,1,1
1895,1,1,1,1
1896,1,0,0,1
1897,0,0,0,1
1898,1,1,1,1
1899,0,1,1,1
1900,1,1,1,1
1901,1,1,1,1
1902,0,0,0,1
1903,1,1,1,1
1904,0,0,0,1
1905,1,1,1,1
1906,0,0,0,1
1907,0,0,0,0
1908,0,0,0,1
1909,0,0,0,1
1910,1,0,0,1
1911,1,1,1,1
1912,0,1,0,1
1913,1,0,1,0
1914,1,1,1,1
1915,0,0,0,1
1916,1,1,1,1
1917,0,0,0,0
1918,1,1,1,1
1919,1,1,1,1
1920,0,0,0,0
1921,1,0,1,1
1922,0,0,0,0
1923,1,1,1,1
1924,0,0,0,1
1925,1,0,0,1
1926,0,0,0,1
1927,1,0,0,1
1928,1,1,1,1
1929,0,0,0,1
1930,1,1,0,1
1931,0,0,0,0
1932,1,1,1,1
1933,1,1,1,1
1934,0,0,0,0
1935,0,1,1,1
1936,0,0,0,0
1937,0,1,0,1
1938,1,1,1,1
1939,1,1,1,1
1940,0,0,0,0
1941,1,1,1,1
1942,0,0,0,0
1943,1,1,1,1
1944,0,0,0,0
1945,1,1,1,1
1946,0,0,0,0
1947,1,1,0,1
1948,0,0,0,0
1949,1,1,1,1
1950,1,1,1,1
1951,0,0,0,0
1952,0,0,0,1
1953,0,0,0,0
1954,0,1,1,1
1955,0,1,1,1
1956,1,1,1,1
1957,1,1,0,1
1958,0,1,0,1
1959,1,1,1,1
1960,1,1,1,1
1961,0,0,0,0
1962,0,0,0,0
1963,0,0,0,1
1964,0,0,0,1
1965,1,1,1,1
1966,0,0,0,0
1967,1,1,1,1
1968,1,0,0,1
1969,1,1,1,1
1970,0,0,0,0
1971,0,0,0,1
1972,0,0,0,1
1973,0,0,0,0
1974,1,1,1,1
1975,0,0,0,0
1976,1,0,0,1
1977,0,1,1,1
1978,0,0,0,1
1979,0,0,0,1
1980,1,1,1,1
1981,1,0,0,0
1982,1,1,1,1
1983,0,0,0,1
1984,0,0,0,1
1985,1,1,1,1
1986,1,1,1,1
1987,0,1,0,1
1988,0,0,0,0
1989,0,0,0,0
1990,0,0,0,1
1991,1,1,1,1
1992,1,1,1,1
1993,0,1,0,1
1994,1,1,1,1
1995,1,0,0,1
1996,0,0,0,1
1997,1,1,1,1
1998,0,0,0,0
1999,0,0,0,0
2000,1,0,0,1
2001,0,0,0,1
2002,1,1,1,1
2003,0,0,0,0
2004,0,1,0,1
2005,1,1,1,1
2006,0,0,0,0
2007,1,0,0,0
2008,0,0,0,0
2009,0,0,0,1
2010,1,1,0,1
2011,1,1,1,1
2012,1,1,1,1
2013,0,0,0,1
2014,0,0,0,0
2015,1,0,1,1
2016,1,1,1,1
2017,0,0,0,0
2018,1,1,1,1
2019,0,0,0,0
2020,0,1,1,1
2021,1,1,1,1
2022,0,0,0,1
2023,0,0,0,0
2024,1,1,1,1
2025,1,0,1,1
2026,0,0,0,1
2027,0,0,0,0
2028,0,0,0,1
2029,0,0,0,0
2030,0,0,0,1
2031,0,0,0,1
2032,1,1,1,1
2033,1,1,1,1
2034,0,0,0,1
2035,1,1,1,1
2036,0,1,1,1
2037,1,1,1,1
2038,1,1,1,1
2039,1,0,1,1
2040,0,0,0,1
2041,0,0,0,0
2042,0,0,0,1
2043,0,0,0,0
2044,0,0,0,0
2045,0,0,0,0
2046,1,1,1,0
2047,0,1,1,1
2048,0,0,0,0
2049,0,0,0,0
2050,0,0,0,1
2051,0,0,0,1
2052,0,0,0,1
2053,0,0,0,0
2054,1,1,1,1
2055,0,0,0,0
2056,0,0,0,1
2057,1,0,0,1
2058,0,0,0,0
2059,1,1,1,1
2060,1,1,1,1
2061,1,1,1,1
2062,1,0,1,1
2063,0,0,0,1
2064,0,0,0,1
2065,0,0,0,0
2066,0,0,0,1
2067,0,0,0,1
2068,1,1,1,1
2069,1,1,1,1
2070,0,0,0,0
2071,0,0,0,0
2072,0,0,0,1
2073,0,0,0,0
2074,1,1,1,1
2075,1,0,0,1
2076,1,0,1,1
2077,0,0,0,1
2078,0,0,0,1
2079,1,1,1,1
2080,0,0,0,0
2081,1,0,1,1
2082,1,1,1,1
2083,0,0,0,0
2084,0,0,0,0
2085,0,0,0,1
2086,1,0,0,1
2087,0,0,0,1
2088,0,0,0,0
2089,0,0,0,1
2090,0,0,0,0
2091,0,0,0,0
2092,0,0,0,0
2093,0,1,1,1
2094,0,0,0,0
2095,1,1,1,1
2096,0,1,0,1
2097,1,0,1,1
2098,1,1,1,1
2099,1,1,1,1
2100,1,1,1,1
2101,0,0,0,0
2102,0,0,0,0
2103,1,1,1,1
2104,1,1,1,1
2105,1,1,1,1
2106,1,0,0,1
2107,0,0,0,0
2108,0,0,0,0
2109,1,1,1,1
2110,1,1,1,1
2111,0,0,0,1
2112,0,0,0,0
2113,0,0,0,0
2114,1,0,0,1
2115,0,0,0,0
2116,0,0,0,0
2117,1,1,1,1
2118,0,0,0,0
2119,0,0,0,0
2120,1,0,1,1
2121,0,0,0,1
2122,0,0,0,1
2123,0,0,0,1
2124,1,0,0,1
2125,1,0,1,0
2126,0,0,0,0
2127,0,0,0,1
2128,1,1,1,1
2129,0,0,0,0
2130,1,0,1,1
2131,0,0,0,0
2132,1,0,0,1
2133,1,1,1,1
2134,1,1,1,1
2135,1,0,1,1
2136,1,0,1,1
2137,0,0,0,1
2138,1,0,0,0
2139,1,1,0,1
2140,0,0,0,1
2141,0,0,0,0
2142,0,0,0,0
2143,1,1,1,1
2144,0,0,0,0
2145,1,1,1,1
2146,0,0,0,0
2147,0,0,0,1
2148,0,0,0,0
2149,1,1,1,1
2150,0,0,0,0
2151,0,0,0,1
2152,0,0,0,0
2153,1,1,1,1
2154,1,1,1,1
2155,1,1,1,1
2156,0,0,0,0
2157,1,1,1,1
2158,0,0,0,0
2159,0,0,0,0
2160,1,1,0,1
2161,1,0,0,1
2162,0,0,0,1
2163,0,0,0,1
2164,0,0,0,1
2165,0,0,0,0
2166,0,0,0,1
2167,0,0,0,0
2168,0,0,0,1
2169,1,1,1,1
2170,0,0,0,0
2171,0,0,0,1
2172,1,1,1,1
2173,1,1,1,1
2174,0,0,0,1
2175,1,0,0,0
2176,1,1,1,1
2177,0,0,0,0
2178,1,1,0,1
2179,1,1,1,1
2180,1,0,0,1
2181,1,1,1,1
2182,0,0,0,0
2183,0,0,0,0
2184,1,1,1,1
2185,0,0,0,0
2186,1,1,1,1
2187,1,1,1,1
2188,0,0,0,0
2189,0,1,1,1
2190,1,0,1,1
2191,1,1,1,1
2192,0,0,0,0
2193,0,1,0,1
2194,1,1,1,1
2195,1,1,1,1
2196,0,0,0,0
2197,1,0,0,0
2198,0,1,1,1
2199,0,1,0,1
2200,1,0,1,0
2201,0,0,0,0
2202,1,1,1,1
2203,0,0,0,0
2204,1,1,1,1
2205,1,0,0,0
2206,1,0,1,1
2207,0,0,0,0
2208,0,1,1,1
2209,1,1,1,1
2210,0,0,0,0
2211,0,1,0,1
2212,0,0,0,1
2213,0,0,0,0
2214,0,0,0,0
2215,0,0,0,0
2216,1,1,1,1
2217,1,1,1,1
2218,0,0,0,1
2219,1,1,1,1
2220,0,0,0,1
2221,0,0,0,1
2222,1,1,1,1
2223,0,0,0,1
2224,0,0,0,0
2225,1,1,1,1
2226,1,1,1,1
2227,0,0,0,1
2228,1,1,1,1
2229,1,0,0,1
2230,1,1,0,1
2231,1,0,0,0
2232,0,0,0,1
2233,1,1,1,1
2234,0,0,0,0
2235,1,1,1,1
2236,1,0,1,1
2237,1,1,1,1
2238,0,0,0,0
2239,1,1,1,1
2240,1,0,1,1
2241,0,0,0,1
2242,0,0,0,1
2243,0,0,0,1
2244,0,0,0,0
2245,0,0,0,0
2246,0,1,1,1
2247,0,0,0,1
2248,0,1,1,1
2249,1,1,1,1
2250,1,1,1,1
2251,0,0,0,1
2252,1,1,1,1
2253,0,0,0,1
2254,0,1,0,1
2255,1,1,1,1
2256,0,0,0,1
2257,1,1,1,1
2258,0,0,0,1
2259,0,0,0,0
2260,0,0,0,1
2261,0,1,1,1
2262,1,1,1,1
2263,1,1,1,1
2264,0,0,0,0
2265,0,0,0,1
2266,1,0,0,0
2267,1,0,0,0
2268,1,1,1,1
2269,0,1,1,1
2270,0,0,0,1
2271,1,1,1,1
2272,0,0,0,1
2273,0,0,0,0
2274,0,0,0,1
2275,1,0,0,1
2276,0,0,0,0
2277,1,1,1,1
2278,1,1,1,1
2279,0,0,0,0
2280,1,0,0,0
2281,0,1,1,1
2282,0,0,0,0
2283,0,0,0,1
2284,0,1,1,1
2285,0,0,0,0
2286,1,0,0,1
2287,0,0,0,1
2288,0,0,0,0
2289,1,0,0,1
2290,0,0,0,0
2291,0,1,0,1
2292,1,1,1,1
2293,0,0,0,1
2294,0,0,0,0
2295,1,1,1,1
2296,1,1,1,1
2297,1,0,1,1
2298,1,1,1,1
2299,1,1,1,1
2300,1,1,1,1
2301,0,0,0,0
2302,0,1,1,1
2303,0,1,0,1
2304,1,1,1,1
2305,0,0,0,0
2306,0,0,0,1
2307,0,0,0,1
2308,0,1,0,1
2309,1,0,1,1
2310,1,1,0,1
2311,1,1,1,1
2312,0,0,0,0
2313,1,1,1,1
2314,1,1,1,1
2315,0,0,0,0
2316,1,1,1,1
2317,1,1,1,1
2318,0,0,0,0
2319,0,0,0,0
2320,0,1,1,1
2321,0,0,0,1
2322,1,0,1,1
2323,1,0,0,1
2324,1,1,1,1
2325,1,0,1,1
2326,1,1,1,1
2327,0,0,0,0
2328,0,0,0,1
2329,0,0,0,0
2330,0,0,0,1
2331,1,1,1,1
2332,0,0,0,1
2333,0,0,0,1
2334,1,0,1,1
2335,1,1,1,1
2336,0,0,0,1
2337,0,0,0,0
2338,1,1,1,1
2339,0,0,0,0
2340,1,1,1,1
2341,1,1,1,1
2342,1,1,1,1
2343,1,1,1,1
2344,0,0,0,1
2345,1,0,0,0
2346,0,0,0,0
2347,1,1,1,1
2348,0,0,0,0
2349,1,0,1,0
2350,0,0,0,0
2351,0,0,0,0
2352,1,0,0,0
2353,1,1,1,1
2354,0,0,0,1
2355,1,0,0,0
2356,0,0,0,1
2357,1,1,1,1
2358,1,1,0,1
2359,1,1,1,1
2360,1,1,1,1
2361,1,0,0,1
2362,1,1,1,1
2363,1,1,1,1
2364,0,0,0,1
2365,1,1,1,1
2366,0,0,0,0
2367,1,0,1,0
2368,1,0,1,1
2369,0,0,0,0
2370,1,0,0,1
2371,0,0,0,1
2372,0,0,0,0
2373,0,0,0,0
2374,0,0,0,0
2375,0,0,0,0
2376,0,0,0,1
2377,1,0,1,1
2378,0,0,0,1
2379,0,1,1,1
2380,1,0,1,1
2381,0,0,0,0
2382,1,1,1,1
2383,1,1,1,1
2384,0,0,0,1
2385,1,1,1,1
2386,1,0,1,1
2387,0,0,0,0
2388,0,0,0,0
2389,0,0,0,0
2390,1,1,1,1
2391,0,0,0,0
2392,0,0,0,1
2393,0,0,0,0
2394,1,0,0,0
2395,0,0,0,0
2396,1,1,1,1
2397,0,0,0,0
2398,0,1,1,1
2399,0,0,0,0
2400,1,1,1,1
2401,0,1,1,1
2402,1,0,0,0
2403,1,1,1,1
2404,1,1,1,1
2405,1,0,1,1
2406,1,1,1,1
2407,0,0,0,1
2408,0,0,0,0
2409,0,0,0,0
2410,0,0,0,0
2411,1,0,1,1
2412,0,0,0,0
2413,1,0,1,1
2414,0,0,0,1
2415,1,1,1,1
2416,1,1,1,1
2417,1,1,1,1
2418,0,0,0,0
2419,0,1,1,1
2420,0,0,0,0
2421,0,0,0,0
2422,1,1,1,1
2423,1,1,1,1
2424,1,1,1,1
2425,1,1,1,1
2426,1,1,1,1
2427,1,0,1,1
2428,1,1,1,1
2429,0,0,0,1
2430,1,1,1,1
2431,0,0,0,0
2432,0,0,0,0
2433,1,1,1,1
2434,1,1,0,1
2435,1,1,1,1
2436,0,0,0,1
2437,0,0,0,1
2438,1,1,1,1
2439,0,0,0,0
2440,1,1,1,1
2441,1,1,1,1
2442,0,0,0,0
2443,1,1,1,1
2444,1,1,1,1
2445,1,0,1,1
2446,1,1,1,1
2447,1,1,1,1
2448,0,0,0,0
2449,0,0,0,1
2450,0,1,1,1
2451,0,0,0,1
2452,1,1,1,1
2453,1,0,1,1
2454,0,0,0,0
2455,0,0,0,1
2456,0,0,0,1
2457,0,0,0,0
2458,0,0,0,1
2459,1,0,0,1
2460,0,1,1,1
2461,0,0,0,0
2462,0,0,0,1
2463,1,0,1,1
2464,0,0,0,0
2465,0,0,0,1
2466,0,0,0,1
2467,1,1,0,1
2468,0,0,0,1
2469,0,0,0,0
2470,0,0,0,1
2471,1,1,1,1
2472,1,0,0,1
2473,0,0,0,0
2474,0,0,0,0
2475,1,1,1,1
2476,0,0,0,0
2477,1,1,1,1
2478,0,0,0,0
2479,0,0,0,0
2480,0,0,0,1
2481,0,0,0,0
2482,0,0,0,0
2483,0,0,0,1
2484,0,1,0,1
2485,0,1,0,1
2486,1,1,1,1
2487,0,0,0,1
2488,0,0,0,1
2489,0,0,0,0
2490,1,1,1,1
2491,1,0,1,0
2492,1,1,1,1
2493,0,0,0,0
2494,1,1,1,1
2495,0,0,0,1
2496,1,0,0,0
2497,0,0,0,0
2498,0,0,0,0
2499,0,0,0,1
2500,1,0,1,1
2501,0,0,0,0
2502,1,1,1,1
2503,0,0,0,0
2504,0,0,0,1
2505,1,1,1,1
2506,1,1,1,1
2507,1,1,1,1
2508,1,1,1,1
2509,1,1,1,1
2510,1,0,1,1
2511,0,0,0,1
2512,0,0,0,0
2513,0,0,0,0
2514,0,1,1,1
2515,0,0,0,1
2516,1,1,1,1
2517,1,0,1,1
2518,0,0,0,1
2519,0,1,0,1
2520,1,0,1,1
2521,0,0,0,0
2522,0,0,0,0
2523,1,1,1,1
2524,1,1,1,1
2525,0,1,1,1
2526,1,0,0,1
2527,0,0,0,1
2528,1,1,1,1
2529,1,0,0,0
2530,0,0,0,1
2531,0,0,0,0
2532,1,1,1,1
2533,1,1,1,1
2534,0,0,0,0
2535,0,1,1,1
2536,1,1,1,1
2537,0,1,0,1
2538,0,1,0,1
2539,0,0,0,1
2540,0,1,0,1
2541,1,1,1,1
2542,1,0,1,1
2543,1,1,1,1
2544,0,0,0,1
2545,0,1,0,1
2546,0,1,0,1
2547,0,0,0,0
2548,0,0,0,0
2549,1,0,0,1
2550,0,0,0,0
2551,0,0,0,0
2552,1,0,0,1
2553,1,1,1,1
2554,1,0,1,1
2555,1,1,1,1
2556,0,0,0,0
2557,0,0,0,0
2558,1,0,0,1
2559,1,1,1,1
2560,1,0,0,1
2561,0,0,0,0
2562,1,1,1,1
2563,0,0,0,0
2564,1,1,1,1
2565,1,1,1,1
2566,0,1,1,1
2567,1,1,1,1
2568,0,0,0,0
2569,0,0,0,1
2570,1,1,1,1
2571,1,1,1,1
2572,0,0,0,1
2573,1,1,1,1
2574,0,0,0,1
2575,1,1,1,1
2576,0,1,0,1
2577,1,1,1,1
2578,1,0,0,1
2579,0,0,0,0
2580,0,0,0,1
2581,1,1,1,1
2582,1,0,0,1
2583,0,0,0,0
2584,1,0,0,1
2585,1,1,1,1
2586,1,0,0,1
2587,1,1,0,1
2588,1,1,1,1
2589,1,1,1,1
2590,1,1,1,1
2591,0,0,0,0
2592,1,1,1,1
2593,0,0,0,0
2594,0,1,0,1
2595,0,0,0,1
2596,0,0,0,1
2597,0,0,0,1
2598,1,1,1,1
2599,1,0,0,1
2600,0,0,0,1
2601,0,0,0,0
2602,0,0,0,1
2603,0,1,1,1
2604,0,0,0,1
2605,1,1,1,1
2606,0,0,0,1
2607,1,0,1,1
2608,0,0,0,0
2609,0,1,0,1
2610,1,1,1,1
2611,1,1,1,1
2612,1,1,1,1
2613,0,0,0,0
2614,0,0,0,0
2615,0,1,0,1
2616,0,0,0,0
2617,1,1,1,1
2618,0,1,0,1
2619,0,0,0,1
2620,1,1,1,1
2621,0,0,0,0
2622,0,0,0,1
2623,0,0,0,0
2624,0,0,0,0
2625,0,0,0,1
2626,0,0,0,0
2627,0,0,0,0
2628,1,0,0,0
2629,1,1,1,1
2630,1,1,1,1
2631,1,0,0,1
2632,1,0,1,1
2633,1,1,1,1
2634,0,0,0,0
2635,1,1,1,1
2636,0,0,0,0
2637,0,0,0,1
2638,1,1,1,1
2639,0,0,0,1
2640,1,1,0,1
2641,0,0,0,1
2642,1,0,0,1
2643,1,0,1,1
2644,0,0,0,1
2645,0,0,0,1
2646,0,0,0,0
2647,1,1,1,1
2648,0,0,0,0
2649,0,0,0,1
2650,0,1,0,1
2651,0,1,0,1
2652,0,0,0,0
2653,1,0,1,1
2654,1,1,1,1
2655,0,0,0,0
2656,0,1,0,1
2657,1,0,0,1
2658,0,0,0,1
2659,0,0,0,0
2660,0,0,0,1
2661,0,0,0,1
2662,0,0,0,0
2663,1,0,0,1
2664,1,0,1,1
2665,1,0,0,1
2666,0,0,0,1
2667,1,1,1,1
2668,0,0,0,0
2669,0,0,0,1
2670,1,1,1,1
2671,0,0,0,0
2672,1,0,0,1
2673,1,1,1,1
2674,0,0,0,0
2675,0,1,0,1
2676,1,1,0,1
2677,0,0,0,0
2678,1,0,1,1
2679,1,1,1,1
2680,1,1,1,1
2681,0,0,0,0
2682,0,0,0,0
2683,0,0,0,0
2684,1,1,1,1
2685,1,1,1,1
2686,1,0,1,1
2687,1,1,1,1
2688,0,0,0,1
2689,0,0,0,1
2690,0,0,0,0
2691,0,0,0,1
2692,0,1,0,1
2693,0,0,0,0
2694,0,0,0,0
2695,0,0,0,0
2696,1,1,1,1
2697,0,0,0,1
2698,1,1,1,1
2699,0,0,0,1
2700,1,0,0,0
2701,1,1,1,1
2702,1,1,1,1
2703,1,0,0,1
2704,0,0,0,0
2705,1,1,1,1
2706,1,1,1,1
2707,0,0,0,0
2708,0,0,0,0
2709,1,1,1,1
2710,0,1,0,1
2711,1,1,1,1
2712,0,1,0,1
2713,1,1,0,1
2714,1,0,0,1
2715,1,0,1,1
2716,0,0,0,1
2717,0,0,0,1
2718,0,0,0,1
2719,1,0,1,1
2720,1,1,1,1
2721,0,0,0,0
2722,1,1,1,1
2723,0,0,0,1
2724,0,0,0,0
2725,1,1,1,1
2726,0,0,0,0
2727,0,0,0,0
2728,1,1,1,1
2729,1,1,1,1
2730,0,0,0,0
2731,0,0,0,1
2732,0,1,1,1
2733,1,1,1,1
2734,0,0,0,1
2735,0,0,0,0
2736,1,0,0,1
2737,0,0,0,1
2738,0,0,0,1
2739,1,0,0,1
2740,1,0,1,1
2741,0,0,0,0
2742,0,0,0,1
2743,0,0,0,0
2744,1,1,0,1
2745,0,0,0,1
2746,1,1,1,1
2747,1,0,1,0
2748,0,1,1,1
2749,1,1,1,1
2750,1,1,1,1
2751,1,1,1,1
2752,1,1,1,1
2753,0,0,0,1
2754,0,0,0,0
2755,0,0,0,1
2756,0,0,0,1
2757,1,1,1,1
2758,1,0,1,1
2759,1,1,1,1
2760,0,1,1,1
2761,1,0,0,1
2762,1,1,1,1
2763,1,0,0,1
2764,1,1,1,1
2765,1,1,1,1
2766,0,0,0,0
2767,1,1,1,1
2768,0,1,1,1
2769,0,0,0,1
2770,1,1,1,1
2771,1,1,1,1
2772,1,1,1,1
2773,0,0,0,1
2774,1,0,1,1
2775,0,0,0,0
2776,0,0,0,0
2777,1,1,1,1
2778,1,1,1,1
2779,1,1,1,1
2780,1,1,1,1
2781,0,0,0,0
2782,1,1,1,1
2783,0,0,0,0
2784,0,0,0,0
2785,1,1,1,1
2786,1,0,1,1
2787,1,1,1,1
2788,1,0,1,1
2789,1,1,1,1
2790,0,0,0,0
2791,1,1,1,1
2792,0,0,0,1
2793,1,1,1,1
2794,1,0,0,1
2795,1,1,1,1
2796,1,1,1,1
2797,0,0,0,0
2798,0,1,1,1
2799,1,1,1,1
2800,1,1,1,1
2801,0,0,0,1
2802,0,1,0,1
2803,0,0,0,0
2804,1,1,1,1
2805,1,0,0,0
2806,0,0,0,0
2807,0,1,0,1
2808,0,1,1,1
2809,1,1,0,1
2810,0,0,0,0
2811,0,0,0,1
2812,0,1,0,1
2813,0,1,0,1
2814,1,1,1,1
2815,0,0,0,1
2816,0,0,0,0
2817,1,1,1,1
2818,1,1,1,1
2819,1,1,0,1
2820,1,1,1,1
2821,1,1,1,1
2822,1,1,1,1
2823,1,1,0,1
2824,0,0,0,1
2825,1,1,1,1
2826,0,0,0,1
2827,1,0,1,1
2828,1,1,1,1
2829,0,0,0,1
2830,0,0,0,1
2831,1,1,1,1
2832,0,0,0,0
2833,0,0,0,0
2834,1,1,1,1
2835,0,0,0,0
2836,1,1,1,1
2837,1,0,1,1
2838,0,0,0,0
2839,1,1,1,1
2840,0,0,0,1
2841,1,1,1,1
2842,1,0,1,1
2843,1,1,1,1
2844,1,1,1,1
2845,1,1,1,1
2846,0,0,0,0
2847,0,0,0,1
2848,1,1,1,1
2849,1,1,1,1
2850,0,0,0,1
2851,0,0,0,0
2852,0,0,0,0
2853,0,0,0,0
2854,1,1,1,1
2855,0,0,0,0
2856,1,0,1,1
2857,1,1,1,1
2858,1,1,0,1
2859,1,1,1,1
2860,1,0,1,1
2861,1,1,1,1
2862,0,0,0,0
2863,0,0,0,0
2864,1,1,1,1
2865,1,0,0,1
2866,1,1,1,1
2867,0,0,0,0
2868,0,0,0,0
2869,1,0,1,1
2870,1,1,1,1
2871,1,1,1,1
2872,1,1,1,1
2873,0,0,0,1
2874,0,1,1,1
2875,0,0,0,0
2876,1,1,1,1
2877,0,0,0,0
2878,1,1,1,1
2879,1,1,1,1
2880,0,1,0,1
2881,0,1,1,1
2882,1,0,0,1
2883,0,1,1,1
2884,0,0,0,1
2885,1,0,0,1
2886,0,0,0,0
2887,1,1,1,1
2888,0,0,0,0
2889,0,0,0,0
2890,0,0,0,1
2891,0,1,1,1
2892,0,0,0,1
2893,0,0,0,0
2894,0,0,0,0
2895,1,1,1,1
2896,0,0,0,0
2897,1,1,1,1
2898,1,0,0,1
2899,1,1,0,1
2900,0,0,0,1
2901,0,0,0,1
2902,1,1,1,1
2903,1,1,1,1
2904,0,0,0,0
2905,0,1,0,1
2906,1,1,1,1
2907,0,0,0,1
2908,0,0,0,1
2909,1,1,1,1
2910,1,0,1,0
2911,0,1,0,1
2912,1,1,1,1
2913,1,0,1,1
2914,1,0,0,1
2915,1,0,1,1
2916,1,1,1,1
2917,1,1,1,1
2918,1,1,1,1
2919,1,0,1,1
2920,0,1,0,1
2921,0,0,0,0
2922,1,1,1,1
2923,0,0,0,1
2924,0,0,0,0
2925,0,0,0,0
2926,1,0,0,0
2927,0,0,0,0
2928,0,0,0,0
2929,1,1,1,1
2930,0,1,1,1
2931,1,0,0,0
2932,1,1,1,1
2933,0,0,0,0
2934,1,1,1,1
2935,0,0,0,1
2936,0,0,0,0
2937,1,0,0,1
2938,0,0,0,0
2939,1,0,1,1
2940,1,1,1,1
2941,1,0,0,0
2942,1,1,1,1
2943,0,0,0,1
2944,1,0,0,1
2945,0,0,0,1
2946,1,1,1,1
2947,0,0,0,0
2948,0,0,0,0
2949,0,0,0,0
2950,1,0,1,1
2951,1,1,0,1
2952,0,0,0,0
2953,1,0,1,1
2954,0,0,0,0
2955,0,0,0,0
2956,1,1,1,1
2957,1,0,0,1
2958,0,0,0,1
2959,0,0,0,0
2960,1,0,1,1
2961,1,1,1,1
2962,1,0,0,1
2963,0,0,0,1
2964,1,0,0,1
2965,1,1,1,1
2966,1,1,1,1
2967,1,0,1,1
2968,0,0,0,1
2969,0,0,0,0
2970,0,0,0,1
2971,0,0,0,0
2972,0,0,0,0
2973,1,0,1,0
2974,1,1,1,1
2975,1,1,1,1
2976,0,0,0,0
2977,0,0,0,1
2978,0,1,1,1
2979,0,0,0,0
2980,1,0,0,1
2981,1,1,1,1
2982,1,1,1,1
2983,0,0,0,1
2984,1,0,1,1
2985,1,1,1,1
2986,1,0,1,1
2987,0,0,0,0
2988,0,0,0,0
2989,0,1,0,1
2990,0,0,0,0
2991,1,1,1,1
2992,1,1,1,1
2993,0,0,0,0
2994,1,1,1,1
2995,0,0,0,1
2996,0,0,0,1
2997,1,1,1,1
2998,0,0,0,0
2999,1,1,1,1
3000,0,0,0,0
3001,0,0,0,0
3002,1,1,0,1
3003,0,1,0,0
3004,1,1,1,1
3005,1,1,1,1
3006,0,1,1,1
3007,1,0,1,1
3008,0,0,0,0
3009,0,0,0,1
3010,0,0,0,0
3011,1,1,1,1
3012,0,0,0,1
3013,0,0,0,0
3014,0,0,0,0
3015,1,1,0,1
3016,1,1,1,1
3017,0,0,0,0
3018,0,0,0,0
3019,0,0,0,0
3020,1,1,1,1
3021,0,0,0,0
3022,0,0,0,0
3023,0,0,0,1
3024,1,1,1,1
3025,0,0,0,0
3026,1,0,0,1
3027,0,1,0,1
3028,1,1,1,1
3029,1,1,1,1
3030,1,1,1,1
3031,1,1,1,1
3032,1,1,0,1
3033,1,1,1,1
3034,0,0,0,0
3035,1,1,1,1
3036,1,1,1,1
3037,1,1,0,1
3038,0,0,0,0
3039,0,0,0,0
3040,1,1,1,1
3041,0,0,0,0
3042,1,1,1,1
3043,0,0,0,1
3044,0,1,0,1
3045,0,1,0,1
3046,1,1,0,1
3047,1,0,0,1
3048,0,0,0,0
3049,1,1,1,1
3050,1,1,1,1
3051,0,0,0,0
3052,0,1,1,1
3053,1,1,1,1
3054,1,1,0,1
3055,1,0,0,1
3056,0,0,0,1
3057,0,1,1,1
3058,0,0,0,1
3059,1,0,0,1
3060,0,0,0,1
3061,0,0,0,1
3062,1,1,1,1
3063,0,0,0,0
3064,0,0,0,0
3065,1,1,1,1
3066,1,1,1,1
3067,0,1,0,1
3068,1,1,1,1
3069,0,0,0,1
3070,0,0,0,0
3071,0,1,1,1
3072,0,0,0,0
3073,1,1,1,1
3074,1,1,1,1
3075,0,0,0,0
3076,1,1,1,1
3077,0,0,0,1
3078,0,0,0,1
3079,0,0,0,1
3080,0,0,0,0
3081,0,0,0,0
3082,0,0,0,0
3083,0,0,0,0
3084,0,0,0,0
3085,0,0,0,0
3086,0,0,0,0
3087,0,0,0,0
3088,1,1,1,1
3089,0,0,0,1
3090,1,1,1,1
3091,1,1,1,1
3092,0,1,1,1
3093,1,1,1,1
3094,1,1,0,1
3095,1,1,1,1
3096,0,0,0,1
3097,1,0,0,0
3098,0,1,0,1
3099,1,1,1,1
3100,0,0,0,1
3101,1,1,1,1
3102,0,0,0,0
3103,1,1,1,1
3104,0,0,0,1
3105,0,0,0,1
3106,1,1,1,1
3107,1,1,1,1
3108,0,1,0,1
3109,0,0,0,0
3110,0,0,0,1
3111,1,1,1,1
3112,1,1,1,1
3113,0,0,0,1
3114,0,0,0,0
3115,0,0,0,0
3116,1,1,1,1
3117,1,1,0,1
3118,1,1,1,1
3119,0,1,1,1
3120,1,1,1,1
3121,0,0,0,0
3122,1,1,1,1
3123,0,1,0,1
3124,1,1,1,1
3125,1,1,1,1
3126,1,1,1,1
3127,1,1,1,1
3128,0,0,0,1
3129,0,0,0,1
3130,0,0,0,0
3131,1,0,1,1
3132,0,0,0,1
3133,1,1,1,1
3134,0,0,0,0
3135,0,0,0,1
3136,0,1,0,1
3137,1,1,1,1
3138,1,1,1,1
3139,1,0,0,1
3140,1,1,1,1
3141,0,0,0,0
3142,0,0,0,0
3143,1,0,0,1
3144,1,1,1,1
3145,0,0,0,0
3146,0,0,0,1
3147,1,1,1,1
3148,0,0,0,1
3149,0,0,0,1
3150,0,0,0,0
3151,0,1,1,1
3152,0,0,0,0
3153,1,1,1,1
3154,1,1,1,1
3155,1,0,0,0
3156,0,0,0,1
3157,0,0,0,0
3158,1,1,0,1
3159,0,0,0,1
3160,0,0,0,0
3161,1,0,1,0
3162,1,0,1,1
3163,0,0,0,0
3164,0,0,0,1
3165,0,0,0,1
3166,0,0,0,0
3167,0,0,0,1
3168,1,1,1,1
3169,0,1,1,1
3170,1,1,1,1
3171,1,0,0,1
3172,0,0,0,0
3173,1,1,1,1
3174,1,1,1,1
3175,0,0,0,0
3176,1,1,1,1
3177,1,1,1,1
3178,1,1,1,1
3179,1,1,1,1
3180,0,0,0,1
3181,0,0,0,0
3182,0,0,0,1
3183,1,0,0,0
3184,0,1,0,1
3185,1,1,1,1
3186,1,1,1,1
3187,0,0,0,0
3188,0,0,0,1
3189,0,0,0,0
3190,0,0,0,0
3191,1,1,1,1
3192,1,1,1,1
3193,0,0,0,0
3194,1,0,0,1
3195,1,1,1,1
3196,0,1,1,1
3197,1,0,1,1
3198,0,1,1,1
3199,0,0,0,0
3200,0,0,0,0
3201,1,1,1,1
3202,1,1,1,1
3203,0,0,0,0
3204,0,0,0,0
3205,1,1,1,1
3206,1,1,0,1
3207,1,1,1,1
3208,0,0,0,1
3209,1,1,1,1
3210,0,0,0,0
3211,0,0,0,0
3212,1,1,1,1
3213,0,0,0,1
3214,0,0,0,1
3215,0,0,0,0
3216,0,0,0,1
3217,1,0,1,1
3218,0,0,0,0
3219,0,0,0,1
3220,1,1,1,1
3221,0,0,0,1
3222,0,0,0,1
3223,0,1,1,1
3224,0,0,0,0
3225,0,0,0,1
3226,1,1,1,1
3227,0,0,0,0
3228,0,0,0,0
3229,0,0,0,0
3230,0,0,0,0
3231,1,1,1,1
3232,0,1,1,1
3233,0,0,0,0
3234,0,1,0,1
3235,1,1,0,1
3236,1,1,1,1
3237,1,1,1,1
3238,0,0,0,1
3239,0,0,0,1
3240,0,0,0,0
3241,1,1,1,1
3242,1,1,0,1
3243,0,0,0,0
3244,0,1,1,1
3245,1,1,1,1
3246,1,1,1,1
3247,1,0,0,1
3248,1,1,1,1
3249,0,1,1,1
3250,1,1,1,1
3251,1,1,1,1
3252,0,0,0,0
3253,1,0,1,1
3254,1,1,1,1
3255,1,1,1,1
3256,1,0,0,1
3257,0,0,0,1
3258,1,1,1,1
3259,0,1,0,1
3260,0,0,0,0
3261,1,1,1,1
3262,0,0,0,1
3263,1,1,1,1
3264,1,0,1,0
3265,0,0,0,0
3266,0,0,0,0
3267,0,0,0,0
3268,1,1,1,1
3269,0,0,0,1
3270,1,1,1,1
3271,1,1,1,1
3272,0,0,0,0
3273,0,0,0,1
3274,1,1,1,1
3275,1,1,1,1
3276,0,0,0,0
3277,1,0,1,1
3278,0,0,0,1
3279,1,1,1,1
3280,0,1,1,1
3281,0,0,0,1
3282,1,1,1,1
3283,1,1,1,1
3284,1,1,1,1
3285,0,0,0,0
3286,0,0,0,0
3287,0,0,0,0
3288,1,1,1,1
3289,1,0,1,1
3290,0,0,0,0
3291,1,1,1,1
3292,0,0,0,1
3293,0,0,0,1
3294,1,0,1,1
3295,1,1,1,1
3296,1,1,1,1
3297,0,0,0,1
3298,1,1,1,1
3299,1,1,0,1
3300,1,0,1,1
3301,0,0,0,0
3302,1,1,0,1
3303,0,1,0,1
3304,0,0,0,1
3305,0,0,0,1
3306,1,1,1,1
3307,1,1,1,1
3308,1,1,1,1
3309,0,0,0,0
3310,0,0,0,0
3311,0,1,1,1
3312,1,0,0,1
3313,1,1,1,0
3314,1,0,1,1
3315,1,0,0,1
3316,0,0,0,1
3317,0,1,1,1
3318,0,0,0,1
3319,1,0,0,1
3320,1,1,1,1
3321,0,0,0,0
3322,1,0,1,1
3323,1,1,1,1
3324,1,0,1,1
3325,1,1,1,1
3326,0,0,0,0
3327,1,1,1,1
3328,0,0,0,1
3329,0,0,0,0
3330,0,0,0,0
3331,0,0,0,0
3332,0,0,0,0
3333,0,0,0,0
3334,1,1,1,1
3335,1,1,1,1
3336,0,0,0,1
3337,1,1,1,1
3338,0,0,0,1
3339,1,1,1,1
3340,1,1,1,1
3341,0,0,0,0
3342,0,0,0,0
3343,1,0,0,0
3344,0,1,1,1
3345,0,0,0,1
3346,1,1,1,1
3347,0,0,0,1
3348,1,0,0,1
3349,1,0,1,1
3350,0,0,0,0
3351,0,0,0,0
3352,1,1,1,1
3353,0,0,0,0
3354,0,0,0,1
3355,0,1,1,1
3356,0,0,0,0
3357,1,1,0,1
3358,0,0,0,0
3359,1,1,1,1
3360,0,1,0,1
3361,1,1,0,1
3362,1,1,1,1
3363,0,0,0,1
3364,0,0,0,0
3365,0,1,0,1
3366,0,0,0,0
3367,0,0,0,0
3368,0,0,0,1
3369,1,0,0,1
3370,1,1,1,1
3371,1,1,1,1
3372,0,0,0,0
3373,1,1,1,1
3374,0,1,1,1
3375,0,0,0,1
3376,1,0,0,1
3377,0,0,0,0
3378,0,0,0,1
3379,1,0,1,1
3380,0,0,0,1
3381,1,1,1,1
3382,0,0,0,0
3383,1,1,1,1
3384,0,1,1,1
3385,0,0,0,0
3386,0,0,0,1
3387,0,1,1,1
3388,1,1,0,1
3389,1,1,1,1
3390,1,0,0,1
3391,0,0,0,0
3392,0,0,0,0
3393,0,0,0,0
3394,0,0,0,0
3395,1,1,1,1
3396,1,0,1,1
3397,0,0,0,0
3398,0,0,0,0
3399,0,0,0,0
3400,1,1,1,1
3401,0,0,0,1
3402,1,0,1,1
3403,0,0,0,0
3404,0,0,0,1
3405,0,0,0,0
3406,1,1,1,1
3407,1,1,1,1
3408,1,1,1,1
3409,1,1,1,1
3410,1,0,0,1
3411,1,0,0,1
3412,0,0,0,1
3413,0,1,1,1
3414,0,1,1,1
3415,0,0,0,0
3416,1,0,1,1
3417,0,1,0,1
3418,0,1,0,1
3419,0,0,0,0
3420,1,1,1,1
3421,1,0,1,0
3422,0,0,0,0
3423,1,1,1,1
3424,1,1,1,1
3425,0,0,0,0
3426,0,0,0,0
3427,0,0,0,0
3428,0,0,0,0
3429,0,0,0,1
3430,1,1,1,1
3431,0,0,0,0
3432,0,0,0,1
3433,1,0,1,1
3434,0,0,0,0
3435,1,0,1,1
3436,0,0,0,1
3437,1,1,1,1
3438,0,1,0,1
3439,0,0,0,1
3440,0,0,0,1
3441,0,0,0,1
3442,0,1,0,1
3443,0,0,0,0
3444,1,1,1,1
3445,0,0,0,1
3446,0,0,0,0
3447,0,0,0,0
3448,1,0,0,1
3449,1,1,1,1
3450,1,1,1,1
3451,1,1,1,1
3452,0,0,0,0
3453,1,0,0,0
3454,0,0,0,0
3455,0,0,0,0
3456,0,0,0,0
3457,1,1,1,1
3458,0,0,0,1
3459,0,0,0,0
3460,1,1,1,1
3461,0,0,0,0
3462,0,0,0,0
3463,0,0,0,0
3464,0,1,1,1
3465,1,1,1,1
3466,1,1,1,1
3467,0,0,0,1
3468,0,1,1,1
3469,0,0,0,0
3470,1,1,1,1
3471,0,0,0,1
3472,1,1,1,1
3473,0,0,0,0
3474,1,0,1,0
3475,0,0,0,1
3476,1,1,1,1
3477,0,0,0,0
3478,0,0,0,0
3479,1,0,1,1
3480,0,0,0,0
3481,1,1,1,1
3482,0,0,0,1
3483,0,0,0,1
3484,1,0,0,1
3485,0,0,0,0
3486,1,1,1,1
3487,0,0,0,0
3488,0,0,0,0
3489,0,0,0,0
3490,0,0,0,0
3491,0,0,0,0
3492,0,0,0,0
3493,0,0,0,0
3494,0,0,0,0
3495,1,1,1,1
3496,1,1,1,1
3497,0,0,0,0
3498,1,1,1,1
3499,1,1,1,1
3500,0,0,0,1
3501,1,1,1,1
3502,0,0,0,1
3503,1,1,1,1
3504,0,0,0,1
3505,1,0,0,1
3506,0,0,0,0
3507,0,0,0,0
3508,1,1,1,1
3509,0,0,0,0
3510,0,0,0,0
3511,0,1,0,1
3512,1,1,1,1
3513,0,0,0,1
3514,1,1,1,1
3515,1,1,1,1
3516,0,0,0,1
3517,1,1,1,1
3518,0,0,0,0
3519,0,0,0,0
3520,1,0,1,0
3521,0,0,0,0
3522,0,1,0,1
3523,0,0,0,1
3524,1,0,1,1
3525,0,0,0,1
3526,0,0,0,0
3527,1,1,1,1
3528,1,0,1,1
3529,1,1,1,1
3530,1,1,1,1
3531,1,1,1,1
3532,1,1,1,1
3533,1,1,1,1
3534,1,1,1,1
3535,1,1,1,1
3536,0,0,0,0
3537,1,1,1,1
3538,0,0,0,0
3539,0,1,0,1
3540,1,1,1,1
3541,0,0,0,1
3542,1,1,1,1
3543,0,0,0,0
3544,1,1,1,1
3545,1,1,1,1
3546,0,0,0,0
3547,0,1,1,1
3548,1,1,1,1
3549,0,0,0,1
3550,0,0,0,0
3551,1,1,1,1
3552,1,1,1,1
3553,1,1,1,1
3554,0,0,0,1
3555,0,0,0,0
3556,1,0,0,1
3557,1,1,1,1
3558,1,1,1,1
3559,1,1,1,1
3560,1,1,1,1
3561,1,1,1,1
3562,1,1,1,1
3563,1,0,1,1
3564,0,0,0,0
3565,1,1,1,1
3566,0,0,0,0
3567,0,1,1,1
3568,1,1,1,1
3569,0,1,1,1
3570,1,0,0,1
3571,1,1,1,1
3572,1,1,1,1
3573,0,0,0,0
3574,1,1,1,1
3575,1,1,1,1
3576,1,1,1,1
3577,1,1,1,1
3578,0,0,0,0
3579,0,0,0,0
3580,0,0,0,0
3581,0,0,0,0
3582,1,0,1,1
3583,0,0,0,0
3584,0,0,0,0
3585,1,0,1,1
3586,0,0,0,0
3587,0,0,0,0
3588,1,1,1,1
3589,0,0,0,0
3590,0,0,0,0
3591,0,0,0,0
3592,1,1,1,1
3593,1,1,1,1
3594,0,1,1,1
3595,1,1,1,1
3596,0,0,0,0
3597,1,1,1,1
3598,0,0,0,0
3599,1,1,1,1
3600,0,0,0,1
3601,1,1,1,1
3602,0,1,0,1
3603,1,0,0,1
3604,0,0,0,1
3605,1,1,1,1
3606,1,1,1,1
3607,0,0,0,0
3608,1,1,1,1
3609,1,1,1,1
3610,0,0,0,0
3611,1,1,1,1
3612,1,1,1,1
3613,0,0,0,0
3614,0,0,0,1
3615,0,1,1,1
3616,0,0,0,0
3617,1,0,0,1
3618,1,1,0,1
3619,1,1,1,1
3620,1,1,1,1
3621,1,1,1,1
3622,1,1,1,1
3623,1,1,1,1
3624,0,0,0,0
3625,1,1,1,1
3626,0,0,0,0
3627,0,0,0,1
3628,0,0,0,0
3629,0,0,0,0
3630,0,0,0,1
3631,1,0,1,1
3632,1,0,1,1
3633,1,0,0,1
3634,0,0,0,1
3635,0,0,0,0
3636,0,0,0,1
3637,1,1,1,1
3638,0,0,0,0
3639,0,0,0,0
3640,1,1,1,1
3641,1,0,0,1
3642,0,0,0,0
3643,0,0,0,0
3644,1,0,1,1
3645,0,0,0,1
3646,0,0,0,1
3647,0,0,0,1
3648,1,1,1,1
3649,1,1,1,1
3650,0,0,0,1
3651,1,0,0,0
3652,0,0,0,0
3653,0,0,0,0
3654,1,1,1,1
3655,1,1,1,1
3656,1,1,1,1
3657,0,0,0,0
3658,0,0,0,0
3659,1,1,1,1
3660,0,0,0,0
3661,1,1,1,1
3662,0,0,0,1
3663,0,1,1,1
3664,1,0,0,0
3665,1,1,1,1
3666,1,1,1,1
3667,1,1,1,1
3668,0,0,0,0
3669,1,1,1,1
3670,0,0,0,0
3671,1,1,1,1
3672,0,0,0,0
3673,1,1,1,1
3674,0,0,0,1
3675,1,1,1,1
3676,0,0,0,1
3677,1,1,1,1
3678,0,0,0,0
3679,1,1,1,1
3680,1,0,0,1
3681,0,0,0,1
3682,0,0,0,0
3683,0,0,0,1
3684,0,0,0,0
3685,1,1,1,1
3686,1,1,1,1
3687,1,0,1,1
3688,0,0,0,1
3689,1,0,0,1
3690,0,0,0,0
3691,0,0,0,0
3692,0,0,0,0
3693,0,0,0,1
3694,0,0,0,1
3695,1,1,1,1
3696,1,1,1,1
3697,1,1,1,1
3698,0,0,0,0
3699,1,1,1,1
3700,0,0,0,1
3701,0,1,1,1
3702,1,1,1,1
3703,0,0,0,1
3704,0,1,1,1
3705,0,1,0,1
3706,0,0,0,0
3707,1,0,0,1
3708,1,1,1,1
3709,1,1,1,1
3710,0,0,0,1
3711,1,0,0,1
3712,1,1,1,1
3713,1,1,1,1
3714,0,0,0,1
3715,0,0,0,0
3716,1,1,1,1
3717,0,0,0,0
3718,1,1,1,1
3719,0,0,0,0
3720,0,0,0,0
3721,1,1,1,1
3722,1,0,0,1
3723,1,0,1,1
3724,0,1,0,1
3725,0,1,0,1
3726,1,1,1,1
3727,0,0,0,0
3728,1,1,0,1
3729,1,0,1,1
3730,0,0,0,1
3731,1,1,1,1
3732,0,0,0,1
3733,0,0,0,0
3734,0,0,0,1
3735,0,0,0,0
3736,0,0,0,1
3737,1,0,1,1
3738,1,1,1,1
3739,1,1,1,1
3740,1,1,1,1
3741,1,1,1,1
3742,1,1,1,1
3743,1,0,0,1
3744,0,0,0,0
3745,1,0,0,1
3746,1,1,1,1
3747,0,0,0,0
3748,0,0,0,1
3749,1,1,1,1
3750,0,1,0,1
3751,0,0,0,1
3752,0,1,1,1
3753,0,0,0,1
3754,0,0,0,0
3755,1,1,1,1
3756,0,0,0,0
3757,0,0,0,0
3758,0,0,0,0
3759,0,1,0,1
3760,0,0,0,0
3761,1,1,1,1
3762,0,1,1,1
3763,0,0,0,1
3764,0,0,0,1
3765,0,0,0,1
3766,1,1,1,1
3767,0,0,0,0
3768,0,1,0,1
3769,0,0,0,0
3770,0,0,0,0
3771,0,0,0,0
3772,1,1,1,1
3773,0,0,0,1
3774,0,0,0,0
3775,1,1,1,1
3776,1,1,1,1
3777,1,1,0,1
3778,0,0,0,0
3779,1,1,1,1
3780,1,1,1,1
3781,0,0,0,1
3782,0,0,0,0
3783,1,0,0,0
3784,0,0,0,0
3785,1,1,0,1
3786,1,0,0,1
3787,1,0,0,1
3788,1,1,1,1
3789,0,1,1,1
3790,0,0,0,0
3791,1,1,1,1
3792,0,0,0,0
3793,0,0,0,0
3794,0,0,0,0
3795,0,0,0,0
3796,1,1,1,1
3797,0,0,0,0
3798,0,1,1,1
3799,0,0,0,0
3800,0,0,0,0
3801,0,0,0,0
3802,1,1,0,1
3803,0,0,0,0
3804,0,1,1,1
3805,0,0,0,0
3806,0,0,0,0
3807,0,0,0,0
3808,1,1,1,1
3809,1,0,1,1
3810,0,0,0,0
3811,0,1,1,1
3812,0,0,0,1
3813,0,1,0,1
3814,1,0,1,0
3815,1,1,1,1
3816,1,0,1,1
3817,0,0,0,1
3818,0,0,0,1
3819,1,1,1,1
3820,1,1,1,1
3821,0,1,0,1
3822,0,0,0,0
3823,0,1,1,1
3824,0,0,0,0
3825,1,0,0,1
3826,1,1,1,1
3827,0,0,0,1
3828,0,0,0,0
3829,1,1,1,1
3830,1,0,1,1
3831,0,1,0,1
3832,1,0,0,0
3833,0,0,0,1
3834,1,1,1,1
3835,1,1,1,1
3836,1,1,1,1
3837,1,0,1,1
3838,0,1,0,1
3839,1,0,0,0
3840,1,1,1,1
3841,1,1,1,1
3842,1,1,1,1
3843,0,0,0,0
3844,0,0,0,0
3845,1,0,0,1
3846,0,0,0,1
3847,0,0,0,1
3848,1,1,1,1
3849,0,0,0,0
3850,0,1,0,1
3851,0,0,0,1
3852,0,0,0,0
3853,1,1,1,1
3854,0,0,0,0
3855,1,1,1,1
3856,0,0,0,0
3857,0,0,0,1
3858,1,1,1,1
3859,1,1,1,1
3860,0,0,0,0
3861,1,1,1,1
3862,1,1,1,1
3863,0,0,0,1
3864,0,0,0,0
3865,1,0,0,1
3866,0,0,0,0
3867,1,0,1,1
3868,0,1,0,1
3869,0,0,0,1
3870,0,1,1,1
3871,1,1,1,1
3872,1,1,1,1
3873,1,1,1,1
3874,1,1,1,1
3875,0,1,1,1
3876,1,0,0,0
3877,0,0,0,0
3878,0,0,0,1
3879,0,0,0,1
3880,1,1,1,1
3881,1,1,1,1
3882,1,1,1,1
3883,0,0,0,1
3884,0,0,0,0
3885,1,1,1,1
3886,0,0,0,1
3887,1,1,1,1
3888,0,0,0,0
3889,0,0,0,0
3890,1,0,0,1
3891,1,1,0,1
3892,0,0,0,1
3893,1,1,1,1
3894,1,1,0,1
3895,0,0,0,1
3896,1,1,1,1
3897,0,1,0,1
3898,0,0,0,1
3899,1,1,1,1
3900,1,1,1,1
3901,0,0,0,0
3902,0,0,0,1
3903,1,0,1,0
3904,0,0,0,0
3905,0,0,0,0
3906,0,0,0,0
3907,1,1,1,1
3908,1,1,1,1
3909,1,1,1,1
3910,0,0,0,1
3911,1,1,1,1
3912,0,0,0,1
3913,1,1,0,1
3914,1,0,0,1
3915,1,0,0,0
3916,0,0,0,0
3917,0,0,0,1
3918,1,1,1,1
3919,1,0,0,1
3920,1,1,1,1
3921,0,0,0,1
3922,1,1,1,1
3923,0,0,0,0
3924,1,1,1,1
3925,0,0,0,0
3926,1,1,1,1
3927,1,1,1,1
3928,0,1,1,1
3929,0,0,0,1
3930,0,0,0,1
3931,1,0,0,1
3932,1,0,1,1
3933,0,0,0,1
3934,0,1,0,1
3935,1,1,0,1
3936,0,0,0,1
3937,1,1,1,1
3938,1,1,1,1
3939,1,1,1,1
3940,0,1,1,1
3941,0,0,0,0
3942,0,1,1,1
3943,1,1,1,1
3944,1,1,1,1
3945,1,1,1,1
3946,1,1,1,1
3947,0,0,0,1
3948,1,0,1,1
3949,0,0,0,1
3950,0,0,0,1
3951,0,0,0,0
3952,1,1,1,1
3953,0,0,0,0
3954,0,0,0,0
3955,0,0,0,0
3956,0,0,0,0
3957,1,0,0,1
3958,1,1,1,1
3959,1,1,1,1
3960,1,1,1,1
3961,1,1,1,1
3962,1,1,1,1
3963,0,0,0,0
3964,0,0,0,0
3965,0,0,0,1
3966,0,0,0,0
3967,0,0,0,0
3968,0,1,0,1
3969,0,1,1,1
3970,1,1,1,1
3971,0,0,0,1
3972,1,1,1,1
3973,0,0,0,0
3974,1,0,0,1
3975,1,1,1,1
3976,1,1,1,1
3977,0,0,0,0
3978,1,0,0,0
3979,1,1,1,1
3980,1,0,1,1
3981,0,0,0,0
3982,0,0,0,0
3983,0,0,0,1
3984,1,0,0,0
3985,0,0,0,0
3986,1,0,1,1
3987,0,0,0,0
3988,0,0,0,0
3989,0,1,1,1
3990,1,1,1,1
3991,1,1,1,1
3992,1,1,1,1
3993,0,0,0,0
3994,0,0,0,1
3995,0,0,0,0
3996,0,1,1,1
3997,0,1,1,1
3998,1,1,1,1
3999,0,0,0,0
4000,0,1,0,1
4001,1,0,0,1
4002,0,0,0,1
4003,0,0,0,0
4004,0,0,0,0
4005,0,0,0,0
4006,1,1,1,1
4007,0,1,1,1
4008,1,1,1,1
4009,1,0,1,1
4010,1,1,1,1
4011,0,0,0,1
4012,0,0,0,0
4013,0,0,0,0
4014,0,0,0,1
4015,0,1,0,1
4016,0,0,0,0
4017,0,0,0,1
4018,1,0,1,1
4019,0,1,1,1
4020,1,1,1,1
4021,0,0,0,0
4022,0,0,0,0
4023,1,1,1,1
4024,1,1,1,1
4025,1,1,1,1
4026,0,0,0,0
4027,0,1,1,1
4028,0,0,0,1
4029,1,1,1,1
4030,0,0,0,1
4031,0,1,1,1
4032,0,0,0,0
4033,0,0,0,0
4034,1,0,0,1
4035,1,1,1,1
4036,0,0,0,1
4037,1,1,1,1
4038,1,1,0,1
4039,1,1,1,1
4040,0,1,1,1
4041,1,1,1,1
4042,0,0,0,0
4043,1,1,1,1
4044,1,1,1,1
4045,1,1,1,1
4046,0,0,0,0
4047,1,1,1,1
4048,0,0,0,1
4049,0,0,0,1
4050,0,0,0,0
4051,0,0,0,0
4052,1,1,1,1
4053,0,1,1,1
4054,0,0,0,1
4055,1,1,1,1
4056,1,1,1,1
4057,0,1,0,1
4058,1,1,0,1
4059,0,0,0,1
4060,1,1,0,1
4061,1,1,1,1
4062,1,1,1,1
4063,1,1,1,1
4064,1,1,1,1
4065,0,0,0,0
4066,1,0,0,0
4067,0,1,1,1
4068,0,0,0,1
4069,0,0,0,1
4070,0,0,0,0
4071,0,1,1,1
4072,0,0,0,1
4073,0,0,0,0
4074,1,0,1,1
4075,1,1,1,1
4076,0,0,0,0
4077,0,1,0,1
4078,0,0,0,0
4079,1,1,1,1
4080,0,0,0,0
4081,1,1,1,1
4082,1,1,1,1
4083,0,0,0,0
4084,0,1,1,1
4085,1,1,1,1
4086,0,0,0,0
4087,0,0,0,0
4088,1,1,1,1
4089,1,1,1,1
4090,1,1,1,1
4091,0,0,0,1
4092,1,0,0,1
4093,1,1,1,1
4094,0,0,0,0
4095,0,0,0,0
4096,1,1,1,1
4097,1,1,1,1
4098,0,1,1,1
4099,1,1,1,1
4100,1,1,1,1
4101,0,0,0,1
4102,1,1,1,1
4103,1,1,1,1
4104,0,0,0,1
4105,0,1,1,1
4106,0,0,0,0
4107,1,0,0,1
4108,1,0,0,0
4109,1,1,1,1
4110,1,1,1,1
4111,1,1,1,1
4112,0,1,1,1
4113,1,1,1,1
4114,1,1,1,1
4115,1,0,0,1
4116,1,0,1,1
4117,1,0,0,0
4118,0,0,0,1
4119,1,0,1,1
4120,1,1,1,1
4121,0,0,0,1
4122,0,0,0,0
4123,0,0,0,0
4124,0,0,0,0
4125,0,0,0,0
4126,1,1,1,1
4127,0,1,1,1
4128,0,0,0,0
4129,1,1,0,1
4130,0,1,0,1
4131,1,1,1,1
4132,0,1,1,1
4133,1,1,1,1
4134,1,1,1,1
4135,1,0,1,1
4136,0,0,0,0
4137,1,1,1,1
4138,1,1,1,1
4139,1,0,0,1
4140,1,1,1,1
4141,0,0,0,0
4142,0,0,0,0
4143,1,0,1,1
4144,0,0,0,0
4145,1,1,1,1
4146,1,1,1,1
4147,0,0,0,0
4148,0,0,0,0
4149,0,0,0,0
4150,1,1,1,1
4151,1,1,1,1
4152,1,1,1,1
4153,0,0,0,0
4154,0,0,0,0
4155,1,0,0,1
4156,1,1,1,1
4157,0,0,0,0
4158,0,0,0,0
4159,0,1,1,1
4160,1,0,0,1
4161,0,0,0,1
4162,0,1,1,1
4163,1,0,1,1
4164,0,0,0,0
4165,0,0,0,1
4166,0,0,0,0
4167,0,1,1,1
4168,1,1,1,1
4169,0,0,0,1
4170,0,0,0,1
4171,1,1,1,1
4172,1,1,1,1
4173,0,1,1,1
4174,0,0,0,0
4175,1,1,1,1
4176,0,0,0,0
4177,0,1,1,1
4178,1,1,1,1
4179,0,0,0,1
4180,0,0,0,0
4181,0,0,0,1
4182,1,1,1,1
4183,1,1,1,1
4184,1,1,1,1
4185,0,0,0,1
4186,1,1,1,1
4187,1,1,1,1
4188,1,0,0,1
4189,1,1,1,1
4190,1,1,1,1
4191,0,0,0,1
4192,0,0,0,1
4193,0,0,0,1
4194,1,1,1,1
4195,1,1,1,1
4196,0,0,0,0
4197,0,0,0,0
4198,0,1,1,1
4199,1,0,1,1
4200,0,0,0,1
4201,1,1,1,1
4202,1,1,1,1
4203,1,1,0,1
4204,0,0,0,1
4205,1,0,1,1
4206,0,0,0,0
4207,1,0,0,1
4208,0,0,0,1
4209,0,0,0,1
4210,1,1,1,1
4211,0,1,0,1
4212,0,0,0,0
4213,1,1,1,1
4214,0,0,0,1
4215,0,0,0,1
4216,0,0,0,1
4217,1,1,1,1
4218,1,1,1,1
4219,0,0,0,0
4220,1,0,1,1
4221,1,1,1,1
4222,0,0,0,0
4223,0,0,0,1
4224,1,1,1,1
4225,1,0,1,1
4226,0,0,0,0
4227,1,0,0,1
4228,0,0,0,0
4229,1,1,1,1
4230,1,0,0,1
4231,0,0,0,0
4232,1,1,1,1
4233,1,0,1,1
4234,0,0,0,0
4235,1,1,0,1
4236,1,1,1,1
4237,0,0,0,0
4238,0,0,0,0
4239,0,0,0,0
4240,0,0,0,0
4241,1,0,1,1
4242,0,0,0,1
4243,0,0,0,0
4244,0,0,0,1
4245,0,0,0,0
4246,1,1,1,1
4247,0,1,0,1
4248,0,0,0,1
4249,0,0,0,1
4250,0,0,0,1
4251,0,0,0,1
4252,1,1,1,1
4253,1,1,1,1
4254,1,0,1,0
4255,0,0,0,0
4256,0,0,0,0
4257,1,0,1,1
4258,0,0,0,0
4259,0,0,0,0
4260,1,1,1,1
4261,1,1,1,1
4262,1,1,1,1
4263,1,1,1,1
4264,0,0,0,0
4265,0,1,1,1
4266,0,0,0,0
4267,1,1,1,1
4268,0,1,1,1
4269,0,0,0,0
4270,1,0,1,1
4271,1,1,1,1
4272,0,0,0,1
4273,1,1,1,1
4274,1,1,1,1
4275,0,0,0,0
4276,0,0,0,1
4277,0,0,0,1
4278,0,0,0,0
4279,1,1,1,1
4280,1,0,0,1
4281,1,0,0,1
4282,0,0,0,0
4283,0,0,0,0
4284,0,0,0,0
4285,0,0,0,0
4286,1,0,0,1
4287,0,0,0,1
4288,1,1,1,1
4289,0,1,1,1
4290,1,0,1,1
4291,0,0,0,0
4292,0,0,0,1
4293,1,0,1,0
4294,1,0,0,1
4295,0,0,0,0
4296,1,1,1,1
4297,1,1,1,1
4298,0,0,0,0
4299,0,0,0,0
4300,0,0,0,0
4301,0,0,0,1
4302,1,1,1,1
4303,0,0,0,0
4304,0,0,0,0
4305,0,0,0,0
4306,0,0,0,0
4307,1,1,1,1
4308,0,0,0,0
4309,0,0,0,0
4310,1,0,1,1
4311,1,1,1,1
4312,0,0,0,0
4313,1,1,1,1
4314,1,1,1,1
4315,0,0,0,0
4316,1,1,0,1
4317,0,0,0,0
4318,0,0,0,0
4319,0,0,0,0
4320,1,1,1,1
4321,1,1,1,1
4322,0,0,0,0
4323,1,1,1,1
4324,0,1,1,1
4325,0,0,0,1
4326,1,1,1,1
4327,1,0,1,1
4328,1,1,1,1
4329,1,1,1,1
4330,0,0,0,1
4331,0,0,0,0
4332,0,0,0,0
4333,1,1,1,1
4334,1,1,1,1
4335,0,1,1,1
4336,0,0,0,1
4337,1,0,1,0
4338,1,1,1,1
4339,1,1,1,1
4340,1,1,0,1
4341,1,1,0,1
4342,0,0,0,1
4343,0,0,0,0
4344,0,0,0,0
4345,1,0,1,0
4346,0,0,0,0
4347,1,1,1,1
4348,1,1,1,1
4349,1,0,1,1
4350,0,0,0,0
4351,0,0,0,1
4352,0,0,0,1
4353,0,0,0,0
4354,0,0,0,0
4355,1,0,1,1
4356,1,1,1,1
4357,1,0,0,1
4358,0,0,0,0
4359,1,1,1,1
4360,0,0,0,0
4361,1,1,1,1
4362,1,1,1,1
4363,0,0,0,0
4364,1,0,0,1
4365,1,1,1,1
4366,1,1,0,1
4367,1,1,1,1
4368,0,0,0,0
4369,1,1,1,1
4370,0,0,0,1
4371,0,0,0,0
4372,1,1,1,1
4373,1,1,1,1
4374,0,0,0,0
4375,1,0,1,0
4376,1,1,1,1
4377,1,1,1,1
4378,0,1,1,1
4379,1,1,1,1
4380,1,1,1,1
4381,1,1,1,1
4382,0,0,0,1
4383,1,1,1,1
4384,0,0,0,0
4385,1,1,1,1
4386,1,1,1,1
4387,1,1,1,1
4388,0,1,0,1
4389,1,1,1,1
4390,1,0,1,1
4391,1,0,0,1
4392,0,0,0,0
4393,1,1,1,1
4394,0,1,1,1
4395,1,1,1,1
4396,0,0,0,0
4397,0,0,0,1
4398,1,1,1,1
4399,1,0,1,1
4400,0,1,0,1
4401,1,1,1,1
4402,1,1,1,1
4403,1,0,0,1
4404,1,1,1,1
4405,0,0,0,1
4406,1,1,1,1
4407,0,0,0,1
4408,1,0,1,1
4409,0,0,0,0
4410,0,0,0,1
4411,1,1,1,1
4412,0,0,0,1
4413,0,0,0,1
4414,1,1,1,1
4415,0,0,0,0
4416,1,1,1,1
4417,1,1,1,1
4418,1,1,1,1
4419,1,0,0,1
4420,0,0,0,0
4421,0,0,0,1
4422,0,0,0,0
4423,1,1,0,1
4424,0,0,0,0
4425,1,1,1,1
4426,1,1,1,1
4427,0,0,0,1
4428,1,1,1,1
4429,1,0,0,1
4430,0,1,1,1
4431,1,1,1,1
4432,0,1,1,1
4433,0,0,0,1
4434,1,0,1,1
4435,1,0,0,0
4436,0,0,0,0
4437,0,0,0,1
4438,0,0,0,0
4439,0,0,0,0
4440,0,0,0,0
4441,1,1,1,1
4442,1,1,1,1
4443,0,0,0,0
4444,0,0,0,0
4445,1,1,1,1
4446,0,0,0,1
4447,0,0,0,1
4448,0,0,0,1
4449,0,0,0,1
4450,1,1,1,1
4451,0,0,0,1
4452,0,0,0,1
4453,1,0,0,0
4454,0,0,0,1
4455,1,1,1,1
4456,0,0,0,1
4457,0,0,0,1
4458,0,0,0,0
4459,1,1,1,1
4460,1,1,0,1
4461,0,1,1,1
4462,0,0,0,0
4463,0,0,0,1
4464,0,0,0,1
4465,0,0,0,1
4466,0,0,0,0
4467,0,0,0,1
4468,1,1,1,1
4469,0,0,0,0
4470,1,1,1,1
4471,0,0,0,0
4472,0,0,0,0
4473,0,0,0,0
4474,1,1,1,1
4475,1,1,1,1
4476,0,1,1,1
4477,1,1,1,1
4478,0,0,0,0
4479,0,0,0,1
4480,1,0,1,1
4481,1,1,1,1
4482,0,0,0,1
4483,1,1,1,1
4484,0,0,0,0
4485,0,1,1,1
4486,0,0,0,1
4487,1,0,0,1
4488,1,1,1,1
4489,1,1,1,1
4490,1,1,1,1
4491,1,1,1,1
4492,1,0,0,1
4493,0,0,0,0
4494,0,0,0,0
4495,1,1,1,1
4496,0,0,0,1
4497,0,0,0,0
4498,1,1,1,1
4499,0,0,0,1
4500,1,1,1,1
4501,1,1,1,1
4502,1,1,1,1
4503,0,0,0,0
4504,0,0,0,0
4505,1,1,1,1
4506,0,0,0,0
4507,1,1,0,1
4508,1,0,1,0
4509,1,0,0,1
4510,1,0,0,1
4511,1,1,1,1
4512,1,1,1,1
4513,0,0,0,1
4514,1,1,1,1
4515,0,0,0,0
4516,0,0,0,0
4517,0,0,0,1
4518,0,0,0,1
4519,1,1,1,1
4520,0,0,0,0
4521,1,1,1,1
4522,1,1,1,1
4523,0,0,0,1
4524,0,0,0,0
4525,0,0,0,1
4526,0,1,0,1
4527,1,1,1,1
4528,0,0,0,1
4529,0,0,0,0
4530,0,0,0,1
4531,0,0,0,0
4532,0,1,0,1
4533,1,1,1,1
4534,0,1,0,1
4535,1,1,1,1
4536,1,1,1,1
4537,0,0,0,1
4538,1,1,1,1
4539,0,0,0,0
4540,1,1,1,1
4541,1,1,1,1
4542,1,0,0,1
4543,1,1,1,1
4544,1,1,1,1
4545,0,0,0,0
4546,0,0,0,0
4547,1,1,1,1
4548,1,1,1,1
4549,0,0,0,1
4550,0,1,0,1
4551,1,0,1,1
4552,0,0,0,0
4553,1,1,1,1
4554,1,1,1,1
4555,0,0,0,0
4556,0,0,0,0
4557,1,1,1,1
4558,0,0,0,0
4559,1,1,1,1
4560,0,0,0,0
4561,1,0,0,1
4562,0,0,0,0
4563,0,1,1,1
4564,0,0,0,0
4565,0,0,0,1
4566,1,1,1,1
4567,0,0,0,0
4568,0,0,0,0
4569,1,0,1,1
4570,1,0,0,1
4571,1,1,1,1
4572,1,1,1,1
4573,0,0,0,0
4574,1,1,1,1
4575,0,1,0,1
4576,1,0,1,1
4577,0,0,0,0
4578,1,1,1,1
4579,0,0,0,1
4580,1,1,1,1
4581,0,0,0,0
4582,0,0,0,0
4583,0,0,0,0
4584,0,0,0,0
4585,0,0,0,1
4586,0,1,0,1
4587,0,0,0,1
4588,0,0,0,1
4589,0,0,0,0
4590,1,0,1,1
4591,0,0,0,0
4592,1,1,0,1
4593,0,0,0,1
4594,0,0,0,0
4595,1,0,1,1
4596,1,1,1,1
4597,0,0,0,1
4598,1,1,1,1
4599,0,1,1,1
4600,1,1,1,1
4601,1,1,1,1
4602,1,1,1,1
4603,1,0,1,1
4604,0,0,0,1
4605,0,0,0,1
4606,1,1,1,1
4607,0,0,0,1
4608,1,1,1,1
4609,0,0,0,0
4610,1,1,1,1
4611,1,0,0,1
4612,1,1,1,1
4613,0,0,0,0
4614,1,0,0,0
4615,1,1,1,1
4616,0,1,1,1
4617,0,0,0,0
4618,0,1,0,1
4619,1,1,0,1
4620,0,0,0,0
4621,0,0,0,1
4622,0,0,0,1
4623,0,0,0,0
4624,1,1,1,1
4625,1,1,1,1
4626,0,0,0,0
4627,0,0,0,0
4628,0,0,0,0
4629,1,0,0,1
4630,0,0,0,0
4631,0,1,1,1
4632,1,1,0,1
4633,1,1,1,1
4634,0,0,0,0
4635,0,0,0,0
4636,0,0,0,0
4637,0,0,0,0
4638,0,0,0,0
4639,0,1,1,1
4640,1,1,1,1
4641,1,1,1,1
4642,0,0,0,0
4643,0,0,0,1
4644,0,0,0,0
4645,1,1,1,1
4646,0,0,0,0
4647,1,1,1,1
4648,0,0,0,1
4649,1,1,1,1
4650,1,0,0,1
4651,1,0,1,1
4652,0,0,0,1
4653,0,1,0,1
4654,1,1,0,1
4655,0,0,0,0
4656,1,1,1,1
4657,0,0,0,1
4658,0,0,0,0
4659,1,1,1,1
4660,1,1,1,1
4661,1,1,1,1
4662,1,1,1,1
4663,1,1,1,1
4664,0,0,0,1
4665,1,1,1,1
4666,1,1,1,1
4667,0,0,0,0
4668,0,0,0,1
4669,0,1,1,1
4670,0,0,0,0
4671,0,1,0,1
4672,1,1,1,1
4673,0,0,0,0
4674,1,1,1,1
4675,0,0,0,0
4676,0,0,0,0
4677,0,0,0,1
4678,1,1,1,1
4679,0,1,1,1
4680,1,1,1,1
4681,1,1,1,1
4682,0,1,1,1
4683,1,0,0,1
4684,1,0,0,1
4685,1,1,0,1
4686,1,1,1,1
4687,1,1,1,1
4688,1,1,1,1
4689,0,0,0,1
4690,0,0,0,0
4691,0,1,1,1
4692,1,0,1,1
4693,1,1,0,1
4694,1,1,1,1
4695,0,1,1,1
4696,1,1,1,1
4697,1,0,1,1
4698,0,1,0,1
4699,1,0,0,1
4700,1,1,1,1
4701,0,1,1,1
4702,1,1,1,1
4703,0,0,0,0
4704,0,0,0,1
4705,1,1,1,1
4706,0,1,0,1
4707,0,0,0,0
4708,1,1,1,1
4709,0,0,0,0
4710,1,1,1,1
4711,0,0,0,1
4712,1,1,1,1
4713,1,1,1,1
4714,0,0,0,1
4715,0,0,0,1
4716,1,1,1,1
4717,1,1,1,1
4718,1,1,1,1
4719,1,1,1,1
4720,1,1,1,1
4721,1,1,1,1
4722,1,1,1,1
4723,0,0,0,0
4724,1,1,1,1
4725,1,0,0,1
4726,0,0,0,1
4727,1,1,1,1
4728,0,1,1,1
4729,0,0,0,1
4730,0,1,0,1
4731,0,0,0,1
4732,0,0,0,0
4733,1,1,1,1
4734,0,0,0,0
4735,1,0,0,1
4736,1,1,1,1
4737,0,0,0,0
4738,1,1,1,1
4739,1,1,1,1
4740,1,0,1,1
4741,0,1,1,1
4742,1,0,0,1
4743,0,1,1,1
4744,1,1,1,1
4745,0,0,0,1
4746,0,0,0,0
4747,1,1,1,1
4748,1,1,1,1
4749,0,1,0,1
4750,1,1,1,1
4751,0,0,0,1
4752,0,0,0,1
4753,0,0,0,0
4754,1,1,1,1
4755,0,1,0,1
4756,0,0,0,1
4757,0,0,0,1
4758,1,1,1,1
4759,0,0,0,1
4760,1,1,1,1
4761,1,1,1,1
4762,1,1,1,1
4763,1,0,0,1
4764,0,0,0,0
4765,0,0,0,1
4766,0,1,0,1
4767,1,1,1,1
4768,0,0,0,0
4769,1,0,0,1
4770,1,1,0,1
4771,0,0,0,0
4772,0,0,0,1
4773,1,1,1,1
4774,0,0,0,0
4775,1,1,1,1
4776,1,0,1,1
4777,1,1,1,1
4778,0,0,0,1
4779,1,1,1,1
4780,1,1,1,1
4781,0,0,0,0
4782,0,0,0,1
4783,0,0,0,1
4784,0,1,0,1
4785,1,0,1,1
4786,1,1,1,1
4787,1,1,1,1
4788,1,1,1,1
4789,0,0,0,0
4790,0,0,0,0
4791,0,0,0,0
4792,1,1,1,1
4793,0,0,0,1
4794,0,0,0,0
4795,0,0,0,1
4796,0,0,0,1
4797,1,1,1,1
4798,1,0,1,1
4799,0,1,1,1
4800,1,1,1,1
4801,1,0,0,1
4802,0,0,0,0
4803,0,0,0,0
4804,1,1,1,1
4805,1,0,1,1
4806,1,1,1,1
4807,0,0,0,0
4808,1,1,1,1
4809,1,1,1,1
4810,1,0,0,1
4811,0,0,0,0
4812,0,0,0,0
4813,0,0,0,1
4814,1,0,1,1
4815,0,0,0,0
4816,1,1,1,1
4817,0,0,0,0
4818,1,1,1,1
4819,0,0,0,0
4820,0,0,0,1
4821,0,0,0,0
4822,1,0,0,1
4823,1,1,1,1
4824,1,1,1,1
4825,0,0,0,0
4826,0,0,0,1
4827,0,1,1,1
4828,1,0,1,1
4829,0,0,0,1
4830,0,0,0,1
4831,0,0,0,0
4832,1,1,1,1
4833,1,1,1,1
4834,0,0,0,1
4835,0,0,0,0
4836,0,1,1,1
4837,0,0,0,0
4838,0,0,0,1
4839,0,0,0,0
4840,1,0,1,1
4841,0,0,0,1
4842,1,1,1,1
4843,0,0,0,0
4844,0,0,0,1
4845,1,1,1,1
4846,1,1,1,1
4847,0,0,0,1
4848,0,0,0,1
4849,1,1,1,1
4850,1,1,1,1
4851,0,0,0,0
4852,0,1,0,1
4853,0,0,0,0
4854,0,0,0,0
4855,0,0,0,0
4856,0,1,0,1
4857,0,0,0,1
4858,1,1,1,1
4859,0,0,0,1
4860,0,0,0,0
4861,1,1,1,1
4862,1,0,0,1
4863,0,0,0,0
4864,0,0,0,1
4865,1,1,1,1
4866,1,1,1,1
4867,1,1,1,1
4868,1,1,1,1
4869,0,0,0,0
4870,0,0,0,0
4871,0,0,0,1
4872,0,0,0,1
4873,0,0,0,0
4874,0,0,0,0
4875,0,0,0,1
4876,0,1,1,1
4877,1,1,1,1
4878,0,0,0,0
4879,0,0,0,0
4880,0,0,0,1
4881,0,1,1,1
4882,0,0,0,0
4883,0,0,0,1
4884,0,0,0,1
4885,0,1,0,1
4886,1,1,1,1
4887,1,1,1,1
4888,1,1,1,1
4889,0,0,0,0
4890,1,1,0,1
4891,1,1,1,1
4892,0,0,0,0
4893,0,0,0,0
4894,1,1,0,1
4895,0,0,0,1
4896,0,0,0,0
4897,1,1,1,1
4898,0,0,0,0
4899,1,1,1,1
4900,0,1,1,1
4901,0,0,0,0
4902,0,0,0,0
4903,1,0,0,1
4904,0,0,0,0
4905,0,0,0,0
4906,0,0,0,0
4907,1,0,0,1
4908,1,0,0,1
4909,1,1,1,1
4910,0,1,0,1
4911,0,0,0,0
4912,1,1,1,1
4913,1,1,1,1
4914,1,1,1,1
4915,0,0,0,1
4916,0,0,0,1
4917,1,1,1,1
4918,1,1,1,1
4919,0,0,0,0
4920,1,1,1,1
4921,0,0,0,1
4922,1,1,0,1
4923,1,1,1,1
4924,0,1,0,1
4925,0,1,1,1
4926,1,1,1,1
4927,0,1,1,1
4928,0,0,0,0
4929,0,0,0,0
4930,1,1,1,1
4931,0,0,0,0
4932,0,0,0,0
4933,1,1,1,1
4934,0,0,0,0
4935,0,0,0,0
4936,1,1,1,1
4937,0,0,0,1
4938,0,0,0,0
4939,1,0,0,0
4940,0,0,0,0
4941,0,0,0,0
4942,0,0,0,0
4943,1,0,0,1
4944,0,0,0,0
4945,0,0,0,1
4946,0,0,0,1
4947,1,1,1,1
4948,1,1,1,1
4949,0,0,0,0
4950,0,0,0,0
4951,0,1,1,1
4952,0,0,0,0
4953,0,0,0,0
4954,1,0,1,1
4955,0,0,0,1
4956,0,1,0,1
4957,0,0,0,0
4958,0,0,0,0
4959,1,1,1,1
4960,1,1,1,1
4961,1,1,1,1
4962,0,1,1,1
4963,0,0,0,0
4964,1,1,1,1
4965,0,0,0,0
4966,1,1,1,1
4967,0,1,1,1
4968,0,0,0,0
4969,1,0,1,1
4970,0,0,0,0
4971,1,1,1,1
4972,1,1,1,1
4973,0,0,0,0
4974,1,1,1,1
4975,1,1,0,1
4976,0,0,0,0
4977,1,1,1,1
4978,0,0,0,0
4979,0,0,0,1
4980,0,0,0,0
4981,1,0,0,1
4982,0,0,0,0
4983,1,1,1,1
4984,0,0,0,1
4985,0,0,0,0
4986,0,0,0,0
4987,0,0,0,0
4988,0,0,0,0
4989,1,1,1,1
4990,1,1,1,1
4991,0,1,1,1
4992,0,0,0,0
4993,0,0,0,1
4994,1,0,1,1
4995,1,1,1,1
4996,0,0,0,0
4997,1,1,1,1
4998,1,1,1,1
4999,0,0,0,1
5000,0,0,0,1
5001,0,1,1,1
5002,0,0,0,1
5003,1,1,0,1
5004,0,0,0,1
5005,0,0,0,0
5006,1,1,1,1
5007,0,0,0,0
5008,0,0,0,1
5009,1,0,1,1
5010,1,1,1,1
5011,1,1,1,1
5012,1,1,0,1
5013,1,1,1,1
5014,0,0,0,0
5015,1,0,1,1
5016,0,0,0,1
5017,1,1,1,1
5018,1,1,1,1
5019,1,1,1,1
5020,0,0,0,1
5021,0,0,0,0
5022,0,0,0,0
5023,0,0,0,0
5024,1,1,1,1
5025,1,1,1,1
5026,0,0,0,0
5027,0,0,0,1
5028,0,0,0,0
5029,0,0,0,0
5030,0,0,0,1
5031,1,1,1,1
5032,1,1,1,1
5033,1,1,1,1
5034,0,0,0,1
5035,1,1,1,1
5036,0,0,0,0
5037,1,1,1,1
5038,1,0,0,1
5039,0,1,1,1
5040,1,1,0,1
5041,0,1,1,1
5042,0,1,0,1
5043,0,0,0,0
5044,0,0,0,0
5045,0,0,0,0
5046,1,1,1,1
5047,1,1,1,1
5048,0,0,0,0
5049,0,1,1,1
5050,0,0,0,0
5051,1,1,1,1
5052,1,1,1,1
5053,0,0,0,1
5054,0,0,0,1
5055,0,0,0,1
5056,0,0,0,1
5057,0,0,0,0
5058,0,1,0,1
5059,1,1,1,1
5060,0,0,0,0
5061,1,1,1,1
5062,1,1,1,1
5063,0,0,0,0
5064,0,0,0,0
5065,0,0,0,0
5066,1,1,1,1
5067,0,0,0,0
5068,0,1,1,1
5069,1,0,1,0
5070,0,0,0,0
5071,0,0,0,1
5072,0,0,0,0
5073,0,0,0,1
5074,0,0,0,0
5075,1,1,1,1
5076,1,1,1,1
5077,0,0,0,1
5078,0,0,0,0
5079,0,0,0,1
5080,0,0,0,0
5081,1,1,1,1
5082,1,1,1,1
5083,1,1,1,1
5084,1,1,1,1
5085,0,0,0,1
5086,1,1,1,1
5087,0,0,0,0
5088,1,0,1,1
5089,0,1,0,1
5090,1,1,1,1
5091,0,0,0,0
5092,0,0,0,0
5093,1,0,0,0
5094,0,0,0,0
5095,1,1,1,1
5096,1,0,0,1
5097,0,1,1,1
5098,0,0,0,1
5099,1,1,1,1
5100,1,1,1,1
5101,0,0,0,0
5102,1,1,1,1
5103,1,0,0,1
5104,0,1,1,1
5105,1,1,1,1
5106,0,1,1,1
5107,1,1,1,1
5108,1,0,1,0
5109,1,1,1,1
5110,1,0,1,1
5111,1,1,1,1
5112,1,1,1,1
5113,0,0,0,0
5114,1,1,1,1
5115,0,1,1,1
5116,1,0,0,0
5117,0,0,0,0
5118,0,0,0,0
5119,0,1,1,1
5120,0,1,1,1
5121,0,0,0,0
5122,0,1,1,1
5123,0,0,0,0
5124,1,0,1,1
5125,1,1,1,1
5126,0,0,0,1
5127,1,1,1,1
5128,0,0,0,1
5129,1,1,1,0
5130,1,1,1,1
5131,1,1,1,1
5132,1,1,1,1
5133,1,1,1,1
5134,1,0,0,1
5135,0,1,1,1
5136,1,1,1,1
5137,0,0,0,1
5138,0,0,0,1
5139,0,0,0,1
5140,1,0,0,1
5141,0,0,0,1
5142,1,1,1,1
5143,0,0,0,1
5144,0,0,0,0
5145,1,0,0,1
5146,1,1,1,1
5147,1,1,1,1
5148,1,1,0,1
5149,0,1,1,1
5150,1,1,1,1
5151,1,1,0,1
5152,0,0,0,0
5153,1,1,1,1
5154,0,0,0,0
5155,1,1,1,1
5156,0,0,0,0
5157,1,0,1,1
5158,0,0,0,0
5159,1,1,1,1
5160,1,0,0,1
5161,1,1,1,1
5162,0,0,0,1
5163,1,1,1,1
5164,1,0,1,1
5165,1,1,1,1
5166,0,0,0,0
5167,0,0,0,1
5168,0,1,0,1
5169,0,0,0,1
5170,0,0,0,0
5171,0,0,0,1
5172,1,1,1,1
5173,0,0,0,1
5174,1,1,1,1
5175,1,0,0,1
5176,0,1,0,1
5177,0,0,0,1
5178,0,0,0,0
5179,0,0,0,0
5180,1,1,1,1
5181,0,0,0,1
5182,0,0,0,0
5183,1,1,1,1
5184,1,0,1,0
5185,0,1,0,1
5186,0,0,0,0
5187,0,0,0,1
5188,1,1,1,1
5189,0,0,0,0
5190,0,0,0,0
5191,1,1,1,1
5192,0,0,0,0
5193,0,0,0,0
5194,0,1,0,1
5195,0,1,1,1
5196,1,0,0,1
5197,1,1,1,1
5198,0,0,0,1
5199,0,0,0,0
5200,1,0,0,1
5201,0,0,0,0
5202,1,1,1,1
5203,0,1,1,1
5204,0,0,0,0
5205,0,0,0,1
5206,0,0,0,0
5207,1,1,1,1
5208,0,0,0,0
5209,0,0,0,0
5210,1,1,1,1
5211,0,0,0,1
5212,0,0,0,1
5213,0,0,0,1
5214,0,0,0,0
5215,0,0,0,0
5216,0,0,0,1
5217,1,0,0,0
5218,0,0,0,1
5219,0,0,0,1
5220,1,1,1,1
5221,0,0,0,0
5222,1,1,1,1
5223,0,0,0,0
5224,1,1,0,1
5225,0,0,0,0
5226,0,0,0,1
5227,1,0,0,1
5228,0,0,0,1
5229,1,1,1,1
5230,1,1,1,1
5231,1,0,0,0
5232,0,0,0,1
5233,1,1,1,1
5234,0,0,0,0
5235,1,1,1,1
5236,1,1,1,1
5237,1,1,1,1
5238,1,1,1,1
5239,1,1,1,1
5240,1,1,1,1
5241,0,0,0,0
5242,0,0,0,1
5243,1,1,1,1
5244,0,1,1,1
5245,0,0,0,1
5246,1,1,0,1
5247,1,0,0,1
5248,0,0,0,0
5249,1,1,1,1
5250,0,0,0,0
5251,0,1,0,1
5252,0,0,0,0
5253,0,1,1,1
5254,0,0,0,0
5255,1,1,1,1
5256,0,0,0,1
5257,0,0,0,0
5258,1,1,1,0
5259,0,0,0,0
5260,1,1,1,1
5261,0,0,0,0
5262,0,0,0,0
5263,1,1,1,1
5264,0,0,0,0
5265,1,1,0,1
5266,0,0,0,0
5267,0,0,0,0
5268,1,1,1,1
5269,0,1,0,1
5270,0,0,0,1
5271,1,1,1,1
5272,1,1,1,1
5273,0,0,0,1
5274,0,0,0,1
5275,0,0,0,1
5276,1,1,1,1
5277,0,1,0,1
5278,1,1,1,1
5279,1,0,1,1
5280,1,1,1,1
5281,0,1,0,1
5282,1,1,1,1
5283,1,0,1,1
5284,1,1,0,1
5285,0,0,0,0
5286,0,0,0,0
5287,1,1,1,1
5288,1,1,1,1
5289,0,0,0,0
5290,0,0,0,1
5291,1,1,1,1
5292,0,0,0,0
5293,0,0,0,0
5294,0,0,0,0
5295,1,1,1,1
5296,0,0,0,0
5297,0,1,0,1
5298,1,1,1,1
5299,0,0,0,0
5300,1,1,1,1
5301,0,0,0,1
5302,1,1,1,1
5303,1,0,1,1
5304,1,1,1,1
5305,0,0,0,1
5306,0,0,0,1
5307,0,0,0,1
5308,1,1,1,1
5309,1,1,1,1
5310,1,0,1,1
5311,0,0,0,0
5312,0,0,0,0
5313,0,0,0,1
5314,1,0,0,1
5315,0,0,0,1
5316,0,0,0,0
5317,1,0,1,1
5318,0,0,0,0
5319,0,0,0,0
5320,0,0,0,0
5321,1,1,1,1
5322,0,0,0,0
5323,1,1,1,1
5324,1,1,1,1
5325,0,0,0,0
5326,0,0,0,0
5327,0,0,0,1
5328,0,0,0,1
5329,1,0,0,0
5330,0,0,0,1
5331,1,0,1,0
5332,0,0,0,1
5333,1,0,1,1
5334,1,1,1,1
5335,0,0,0,0
5336,0,0,0,0
5337,0,0,0,1
5338,0,0,0,0
5339,0,0,0,0
5340,0,0,0,0
5341,1,1,1,1
5342,1,1,1,1
5343,0,0,0,0
5344,0,1,1,1
5345,1,1,1,1
5346,0,0,0,0
5347,1,1,1,1
5348,1,1,1,1
5349,1,1,1,1
5350,1,1,0,1
5351,0,0,0,0
5352,1,1,1,1
5353,1,1,1,1
5354,1,1,1,1
5355,0,0,0,1
5356,0,0,0,1
5357,0,1,0,1
5358,1,1,1,1
5359,1,0,0,1
5360,0,0,0,0
5361,0,0,0,0
5362,0,1,1,1
5363,0,1,0,1
5364,1,1,1,1
5365,1,1,1,1
5366,0,1,0,1
5367,1,1,1,1
5368,0,0,0,0
5369,1,1,1,1
5370,0,0,0,1
5371,1,1,1,1
5372,0,0,0,0
5373,0,0,0,0
5374,0,0,0,0
5375,0,1,1,1
5376,0,1,0,1
5377,1,0,0,1
5378,1,1,0,1
5379,0,0,0,0
5380,0,1,1,1
5381,1,1,1,1
5382,0,0,0,0
5383,0,0,0,0
5384,0,0,0,1
5385,1,1,1,1
5386,1,1,1,1
5387,1,1,0,1
5388,1,1,1,1
5389,1,1,1,1
5390,0,1,0,1
5391,1,1,1,0
5392,1,1,1,1
5393,1,1,1,1
5394,1,1,1,1
5395,0,0,0,1
5396,1,1,1,1
5397,0,0,0,0
5398,0,0,0,0
5399,1,0,0,1
5400,1,1,1,1
5401,1,0,0,1
5402,0,0,0,0
5403,0,1,0,1
5404,0,0,0,0
5405,0,0,0,0
5406,0,0,0,0
5407,0,0,0,0
5408,0,0,0,0
5409,1,1,1,1
5410,1,1,1,1
5411,0,0,0,0
5412,0,0,0,0
5413,0,0,0,1
5414,1,1,0,1
5415,0,1,0,1
5416,0,0,0,0
5417,0,1,0,1
5418,1,0,1,1
5419,1,0,0,1
5420,1,0,1,1
5421,0,1,1,1
5422,0,0,0,1
5423,0,0,0,0
5424,0,0,0,0
5425,1,0,0,1
5426,0,0,0,1
5427,1,1,1,1
5428,0,0,0,0
5429,0,0,0,0
5430,0,0,0,1
5431,0,0,0,0
5432,1,1,1,1
5433,0,0,0,1
5434,0,0,0,1
5435,1,1,1,1
5436,1,1,1,1
5437,0,0,0,1
5438,0,0,0,0
5439,0,0,0,0
5440,0,0,0,1
5441,0,0,0,0
5442,0,0,0,1
5443,1,1,1,1
5444,0,0,0,0
5445,1,0,0,0
5446,0,1,1,1
5447,0,1,0,1
5448,1,1,1,1
5449,1,1,1,1
5450,0,1,0,1
5451,1,1,1,1
5452,1,1,1,1
5453,0,0,0,0
5454,1,1,1,1
5455,0,0,0,0
5456,1,1,1,1
5457,0,0,0,1
5458,0,0,0,0
5459,0,0,0,0
5460,1,1,0,1
5461,0,0,0,1
5462,0,1,0,1
5463,1,1,1,1
5464,1,0,1,1
5465,0,0,0,1
5466,0,1,1,1
5467,1,1,1,1
5468,1,1,1,1
5469,0,0,0,0
5470,1,1,1,1
5471,0,0,0,1
5472,1,1,1,1
5473,1,1,1,1
5474,0,0,0,0
5475,1,1,0,1
5476,0,0,0,0
5477,1,1,1,1
5478,1,0,1,1
5479,1,1,1,1
5480,1,1,1,1
5481,0,0,0,1
5482,0,0,0,0
5483,0,0,0,0
5484,1,1,1,1
5485,1,0,0,1
5486,1,0,1,1
5487,0,0,0,0
5488,1,1,1,1
5489,0,1,1,1
5490,0,0,0,0
5491,0,0,0,1
5492,1,1,1,1
5493,1,1,0,1
5494,0,0,0,0
5495,1,1,1,1
5496,0,0,0,0
5497,1,0,0,1
5498,1,0,0,1
5499,0,1,0,1
5500,0,0,0,1
5501,1,1,1,1
5502,1,1,1,1
5503,0,0,0,0
5504,1,0,0,1
5505,0,0,0,0
5506,1,1,0,1
5507,1,0,0,1
5508,1,1,1,1
5509,0,0,0,0
5510,1,1,1,1
5511,0,1,1,1
5512,0,0,0,0
5513,0,0,0,1
5514,0,0,0,1
5515,1,0,0,1
5516,1,1,1,1
5517,0,0,0,1
5518,0,0,0,0
5519,0,0,0,0
5520,0,0,0,0
5521,0,0,0,1
5522,0,0,0,0
5523,1,1,1,1
5524,0,0,0,0
5525,1,1,1,1
5526,1,0,0,1
5527,1,1,1,1
5528,1,1,1,1
5529,1,1,1,1
5530,0,1,0,1
5531,0,0,0,0
5532,1,1,1,1
5533,0,1,0,1
5534,0,0,0,1
5535,1,0,1,1
5536,1,1,1,1
5537,0,0,0,1
5538,0,0,0,1
5539,0,0,0,0
5540,1,1,1,1
5541,1,1,1,1
5542,1,1,1,1
5543,0,0,0,0
5544,1,1,1,1
5545,0,0,0,1
5546,0,0,0,0
5547,0,1,1,1
5548,0,0,0,1
5549,0,0,0,1
5550,1,1,1,1
5551,1,1,1,1
5552,1,1,0,1
5553,1,1,1,1
5554,1,1,1,1
5555,1,1,1,1
5556,1,1,1,1
5557,1,1,1,1
5558,0,0,0,0
5559,1,1,1,1
5560,0,0,0,0
5561,0,0,0,0
5562,0,0,0,0
5563,1,0,0,1
5564,0,0,0,0
5565,0,1,0,1
5566,1,1,1,1
5567,1,0,0,1
5568,0,0,0,0
5569,1,1,1,1
5570,1,0,1,1
5571,1,1,1,1
5572,0,0,0,1
5573,1,1,0,1
5574,0,0,0,0
5575,1,0,0,0
5576,1,0,0,1
5577,0,0,0,0
5578,0,0,0,1
5579,0,0,0,1
5580,1,1,1,1
5581,0,0,0,1
5582,1,1,1,1
5583,0,0,0,1
5584,0,0,0,1
5585,0,0,0,0
5586,0,1,0,1
5587,1,0,1,0
5588,1,1,0,1
5589,1,1,1,1
5590,1,1,1,1
5591,0,0,0,1
5592,0,0,0,1
5593,1,0,1,0
5594,1,1,1,1
5595,0,0,0,0
5596,1,1,0,1
5597,1,1,1,1
5598,1,0,1,1
5599,0,0,0,1
5600,0,0,0,0
5601,1,0,0,0
5602,0,1,0,1
5603,1,1,1,1
5604,0,1,1,1
5605,0,1,1,1
5606,1,1,1,1
5607,0,1,1,1
5608,1,1,1,1
5609,1,1,1,1
5610,1,0,1,1
5611,1,1,0,1
5612,1,0,0,1
5613,0,0,0,1
5614,1,1,1,1
5615,0,0,0,1
5616,0,0,0,1
5617,1,1,1,1
5618,1,0,1,1
5619,0,0,0,0
5620,1,1,0,1
5621,0,0,0,0
5622,1,1,1,1
5623,1,1,1,1
5624,1,1,0,1
5625,1,1,1,1
5626,0,0,0,0
5627,1,0,0,1
5628,1,0,1,1
5629,1,0,0,1
5630,0,0,0,0
5631,1,1,1,1
5632,0,0,0,0
5633,0,0,0,0
5634,0,0,0,0
5635,0,0,0,0
5636,0,0,0,0
5637,0,0,0,1
5638,1,1,1,1
5639,0,1,1,1
5640,0,0,0,0
5641,0,0,0,0
5642,0,0,0,0
5643,0,1,0,1
5644,0,0,0,0
5645,1,1,1,1
5646,0,0,0,0
5647,1,1,1,1
5648,0,1,0,1
5649,1,1,1,1
5650,1,0,0,1
5651,0,0,0,0
5652,1,1,1,1
5653,1,1,1,1
5654,0,1,0,1
5655,0,1,1,1
5656,0,0,0,0
5657,1,1,1,1
5658,0,0,0,1
5659,1,1,0,1
5660,0,0,0,1
5661,1,1,1,1
5662,0,0,0,0
5663,1,1,1,1
5664,1,1,1,1
5665,1,1,1,1
5666,1,1,1,1
5667,1,1,1,1
5668,0,0,0,0
5669,1,1,1,1
5670,0,0,0,0
5671,0,1,1,1
5672,1,1,1,1
5673,0,1,0,1
5674,1,1,1,1
5675,1,0,1,1
5676,0,0,0,1
5677,1,1,0,1
5678,0,0,0,0
5679,1,1,1,1
5680,1,1,1,1
5681,1,1,0,1
5682,1,0,1,0
5683,0,0,0,1
5684,0,0,0,0
5685,0,0,0,0
5686,1,0,1,1
5687,1,1,1,1
5688,0,0,0,0
5689,1,1,1,1
5690,1,1,1,1
5691,1,1,1,1
5692,0,0,0,1
5693,0,0,0,0
5694,0,0,0,1
5695,0,0,0,0
5696,0,0,0,1
5697,0,1,1,1
5698,1,1,1,1
5699,1,1,1,1
5700,0,0,0,0
5701,1,1,1,1
5702,0,0,0,0
5703,0,1,0,1
5704,1,1,0,1
5705,0,0,0,0
5706,1,0,0,1
5707,1,0,0,0
5708,1,1,1,1
5709,0,1,1,1
5710,0,0,0,0
5711,0,0,0,0
5712,0,0,0,0
5713,0,0,0,0
5714,1,1,1,1
5715,1,0,1,1
5716,1,0,0,1
5717,0,1,1,1
5718,0,0,0,1
5719,0,0,0,1
5720,0,0,0,1
5721,1,1,1,1
5722,0,0,0,1
5723,0,1,1,1
5724,0,0,0,0
5725,1,0,1,0
5726,0,0,0,1
5727,1,1,1,1
5728,0,1,1,1
5729,1,1,1,1
5730,0,0,0,0
5731,1,1,1,1
5732,0,1,0,1
5733,0,1,1,1
5734,1,1,1,1
5735,0,0,0,1
5736,0,0,0,1
5737,0,0,0,0
5738,0,0,0,0
5739,0,0,0,1
5740,0,0,0,0
5741,1,1,1,1
5742,0,0,0,1
5743,0,1,1,1
5744,0,0,0,0
5745,0,0,0,0
5746,0,0,0,1
5747,1,1,1,1
5748,0,1,1,1
5749,0,0,0,1
5750,1,1,1,1
5751,1,0,1,1
5752,0,1,1,1
5753,1,1,1,1
5754,0,0,0,0
5755,1,1,1,1
5756,0,0,0,0
5757,1,0,0,1
5758,0,0,0,1
5759,0,0,0,1
5760,0,0,0,0
5761,1,1,1,1
5762,0,0,0,0
5763,0,0,0,1
5764,1,1,1,1
5765,0,1,1,1
5766,1,1,1,1
5767,1,1,1,1
5768,1,0,0,1
5769,0,0,0,0
5770,1,1,1,1
5771,1,1,0,1
5772,0,1,1,1
5773,1,0,1,1
5774,0,0,0,0
5775,0,0,0,0
5776,1,1,1,1
5777,1,1,0,1
5778,1,1,1,1
5779,0,0,0,1
5780,0,0,0,0
5781,0,0,0,0
5782,0,0,0,0
5783,0,0,0,0
5784,1,1,1,1
5785,0,0,0,0
5786,1,1,1,1
5787,0,0,0,1
5788,1,1,1,1
5789,0,0,0,0
5790,0,0,0,1
5791,0,0,0,0
5792,1,1,1,1
5793,0,1,1,1
5794,1,0,1,1
5795,1,0,0,1
5796,0,0,0,0
5797,0,0,0,0
5798,1,1,1,1
5799,0,0,0,1
5800,0,1,1,1
5801,0,0,0,1
5802,0,0,0,1
5803,1,1,1,1
5804,1,1,1,1
5805,1,1,1,1
5806,0,0,0,0
5807,0,0,0,0
5808,1,1,1,1
5809,1,0,1,1
5810,0,0,0,0
5811,0,0,0,0
5812,1,1,1,1
5813,1,1,1,1
5814,0,0,0,0
5815,1,0,0,1
5816,1,1,1,1
5817,0,0,0,0
5818,1,1,1,1
5819,0,0,0,0
5820,1,1,1,1
5821,1,1,0,0
5822,0,0,0,1
5823,0,0,0,0
5824,0,0,0,0
5825,0,0,0,1
5826,0,0,0,1
5827,0,0,0,0
5828,0,0,0,0
5829,1,1,1,1
5830,0,0,0,0
5831,0,0,0,0
5832,0,0,0,1
5833,0,0,0,1
5834,0,0,0,1
5835,0,1,1,1
5836,0,0,0,0
5837,1,1,1,1
5838,1,1,1,1
5839,1,1,1,1
5840,0,0,0,0
5841,0,0,0,1
5842,0,0,0,1
5843,1,1,1,1
5844,1,1,1,1
5845,0,0,0,1
5846,0,0,0,0
5847,0,1,0,1
5848,1,1,1,1
5849,0,0,0,1
5850,0,0,0,1
5851,0,0,0,0
5852,0,0,0,0
5853,1,1,1,1
5854,0,0,0,1
5855,0,0,0,1
5856,1,1,1,1
5857,0,0,0,0
5858,1,0,0,1
5859,1,0,0,0
5860,0,0,0,0
5861,1,1,1,1
5862,0,0,0,0
5863,1,1,1,1
5864,1,1,1,1
5865,0,0,0,0
5866,0,1,0,1
5867,1,1,1,1
5868,0,0,0,0
5869,0,0,0,0
5870,1,1,1,1
5871,0,0,0,1
5872,0,0,0,0
5873,1,1,1,1
5874,1,1,1,1
5875,0,0,0,1
5876,0,0,0,1
5877,0,0,0,0
5878,1,0,0,1
5879,0,0,0,0
5880,0,0,0,0
5881,0,0,0,0
5882,1,1,0,1
5883,1,1,1,1
5884,0,0,0,0
5885,1,1,1,1
5886,0,0,0,1
5887,0,0,0,1
5888,1,1,1,1
5889,0,0,0,0
5890,0,0,0,0
5891,0,0,0,0
5892,1,0,1,0
5893,1,1,1,1
5894,0,0,0,1
5895,0,1,0,1
5896,1,1,1,1
5897,1,1,1,1
5898,1,0,0,1
5899,0,0,0,0
5900,1,1,1,1
5901,1,1,1,1
5902,0,0,0,0
5903,0,0,0,0
5904,1,1,1,1
5905,1,1,1,1
5906,1,1,0,1
5907,1,1,1,1
5908,0,0,0,1
5909,1,1,1,1
5910,1,1,1,1
5911,1,1,1,1
5912,0,0,0,0
5913,0,1,1,1
5914,0,1,0,1
5915,1,1,1,1
5916,0,0,0,0
5917,0,1,0,1
5918,0,0,0,1
5919,1,1,1,1
5920,1,0,1,1
5921,1,1,1,1
5922,0,0,0,0
5923,0,0,0,0
5924,1,1,1,1
5925,0,1,1,1
5926,1,0,0,1
5927,0,0,0,0
5928,0,0,0,0
5929,0,0,0,0
5930,0,0,0,0
5931,0,0,0,1
5932,1,1,1,1
5933,1,1,1,1
5934,0,0,0,0
5935,1,0,0,0
5936,1,1,1,1
5937,0,0,0,0
5938,1,1,1,1
5939,1,0,0,1
5940,0,0,0,0
5941,1,1,1,1
5942,1,1,1,1
5943,1,1,1,1
5944,1,1,1,1
5945,0,0,0,0
5946,0,0,0,0
5947,0,1,1,1
5948,1,0,0,1
5949,0,0,0,1
5950,1,1,1,1
5951,1,0,0,1
5952,1,1,1,1
5953,1,0,0,0
5954,1,1,1,1
5955,1,0,1,1
5956,1,1,1,1
5957,0,0,0,0
5958,1,1,1,1
5959,0,0,0,1
5960,0,0,0,1
5961,0,0,0,0
5962,1,1,1,1
5963,1,0,0,0
5964,0,0,0,0
5965,0,1,0,1
5966,1,1,1,1
5967,0,0,0,1
5968,0,0,0,1
5969,1,1,1,1
5970,1,0,0,0
5971,0,0,0,0
5972,0,0,0,1
5973,1,1,1,1
5974,0,0,0,0
5975,0,0,0,0
5976,0,0,0,0
5977,0,0,0,0
5978,1,1,1,1
5979,1,0,0,1
5980,1,1,1,1
5981,1,0,1,1
5982,1,1,1,1
5983,1,0,0,1
5984,0,0,0,0
5985,1,1,1,1
5986,0,0,0,0
5987,1,1,0,1
5988,0,0,0,0
5989,0,1,1,1
5990,1,1,1,1
5991,1,1,1,1
5992,1,1,1,1
5993,0,0,0,0
5994,0,0,0,1
5995,0,0,0,0
5996,0,0,0,1
5997,1,1,1,1
5998,0,0,0,0
5999,1,1,1,1
6000,1,0,0,1
6001,1,1,1,1
6002,1,1,1,1
6003,1,1,1,1
6004,0,0,0,0
6005,0,0,0,0
6006,1,1,1,1
6007,0,1,0,1
6008,0,0,0,0
6009,1,1,1,1
6010,0,0,0,0
6011,0,0,0,0
6012,0,0,0,1
6013,1,1,1,1
6014,0,0,0,0
6015,1,1,1,1
6016,1,1,0,1
6017,1,0,1,1
6018,0,0,0,0
6019,1,1,1,1
6020,0,0,0,0
6021,0,0,0,0
6022,1,1,1,1
6023,0,1,0,1
6024,0,0,0,1
6025,0,0,0,0
6026,1,1,1,1
6027,0,0,0,0
6028,0,0,0,1
6029,1,0,1,1
6030,0,0,0,0
6031,1,1,1,1
6032,1,1,1,1
6033,0,0,0,0
6034,0,0,0,1
6035,0,0,0,1
6036,1,1,1,1
6037,1,0,0,1
6038,0,0,0,0
6039,0,0,0,0
6040,1,1,1,1
6041,1,0,0,1
6042,0,0,0,0
6043,0,0,0,0
6044,0,0,0,1
6045,0,0,0,1
6046,0,1,0,1
6047,0,0,0,0
6048,0,0,0,0
6049,1,1,1,1
6050,1,1,1,1
6051,1,0,1,0
6052,1,0,0,1
6053,1,1,1,1
6054,0,0,0,0
6055,1,1,1,1
6056,1,1,1,1
6057,0,0,0,0
6058,0,0,0,0
6059,1,0,1,0
6060,1,1,1,1
6061,1,1,1,1
6062,1,1,1,1
6063,1,1,1,1
6064,1,0,0,1
6065,1,0,0,1
6066,0,0,0,1
6067,1,1,1,1
6068,0,0,0,0
6069,1,1,1,1
6070,0,0,0,0
6071,1,1,0,1
6072,1,1,1,1
6073,1,0,1,1
6074,0,0,0,0
6075,1,1,1,1
6076,1,1,1,1
6077,1,0,0,1
6078,0,0,0,0
6079,1,1,1,1
6080,0,0,0,1
6081,0,0,0,0
6082,0,0,0,0
6083,1,0,1,1
6084,1,1,1,1
6085,0,0,0,0
6086,1,1,1,1
6087,1,1,1,1
6088,0,0,0,1
6089,1,1,0,1
6090,0,0,0,1
6091,1,1,1,1
6092,0,0,0,0
6093,1,1,1,1
6094,0,0,0,1
6095,0,0,0,0
6096,0,0,0,0
6097,1,1,1,1
6098,0,1,0,1
6099,1,1,1,1
6100,1,0,0,1
6101,1,1,0,1
6102,0,0,0,0
6103,0,0,0,0
6104,0,1,1,1
6105,1,1,0,1
6106,0,1,0,1
6107,1,1,1,1
6108,1,1,1,1
6109,0,0,0,1
6110,1,1,1,1
6111,0,0,0,0
6112,1,0,1,1
6113,1,1,1,1
6114,0,0,0,0
6115,1,1,1,1
6116,0,0,0,0
6117,0,0,0,0
6118,0,0,0,0
6119,0,1,1,1
6120,1,0,0,1
6121,0,1,1,1
6122,0,0,0,0
6123,1,1,1,1
6124,0,0,0,0
6125,0,0,0,0
6126,0,0,0,1
6127,1,1,1,1
6128,1,0,1,1
6129,0,0,0,0
6130,0,1,0,1
6131,1,1,1,1
6132,0,0,0,1
6133,1,0,1,1
6134,0,0,0,0
6135,1,0,1,0
6136,1,0,0,0
6137,0,1,1,1
6138,0,0,0,0
6139,0,0,0,0
6140,0,0,0,0
6141,1,1,1,1
6142,0,0,0,0
6143,1,0,0,1
6144,1,0,0,0
6145,0,0,0,0
6146,0,1,1,1
6147,1,1,1,0
6148,0,0,0,1
6149,1,1,1,1
6150,1,1,1,1
6151,0,0,0,1
6152,0,0,0,1
6153,1,1,1,1
6154,1,0,1,1
6155,0,0,0,0
6156,0,0,0,1
6157,0,1,1,1
6158,0,0,0,1
6159,1,1,0,1
6160,1,1,1,1
6161,0,0,0,0
6162,0,0,0,0
6163,0,0,0,0
6164,1,1,1,1
6165,1,0,1,1
6166,0,1,1,1
6167,0,0,0,1
6168,0,0,0,1
6169,0,0,0,0
6170,0,1,0,1
6171,1,1,1,1
