,id,actual,mlp,lr,nb
0,0,1,0.10086394463968100,0.626486363472068,0.939749256674654
1,1,0,0.615356593940977,0.00882664756442068,2.84094846712466E-10
2,2,0,0.9683967626691980,0.0205195234584805,1.8253242048777E-08
3,3,0,0.9215524779469780,0.0733527840875743,5.12654713084524E-05
4,4,1,0.4707737846470140,0.935556020479191,1.0
5,5,1,0.495910755343891,0.48346730995028000,0.009076483168926360
6,6,0,0.8244408492914970,0.0036274284463383900,2.04604286393555E-10
7,7,0,0.8510092944022410,0.395949870855529,0.8169783434034120
8,8,1,0.1933478959218090,0.9616797728783170,1.0
9,9,1,0.2783307179917860,0.9043046541465660,0.9986578446920430
10,10,0,0.5312586480784530,0.0652881708626589,2.56642213245344E-05
11,11,1,0.0528602586236447,0.489278008851258,9.83627248463421E-05
12,12,1,0.2890002329697950,0.6434318677923460,0.963106654131268
13,13,0,0.60188850598019,0.41784861264203700,0.768626105601509
14,14,0,0.5654212598981520,0.0199488173212507,2.046763471513E-08
15,15,1,0.2994006851596340,0.8225177014628910,0.989067498996532
16,16,1,0.2817377193896930,0.679146350151292,0.9898989468845530
17,17,0,0.6450230504669180,0.177441431385138,0.00021997381588322600
18,18,1,0.15559798209816000,0.4883506357118160,0.539196371964795
19,19,1,0.0308815498302999,0.482657282704125,4.71229643990105E-06
20,20,0,0.9578210381305830,0.0249915334857336,2.40303106283691E-09
21,21,1,0.347280508000058,0.4873090487670930,0.0372367743233145
22,22,0,0.6921517893131870,0.0305565902764906,7.30446197889384E-08
23,23,1,0.17386075808211900,0.6766225272892840,0.9785058824164010
24,24,0,0.531859153970789,0.536088705512046,0.912737569104117
25,25,1,0.38640724699340800,0.620006144538287,0.9988812457101020
26,26,1,0.4470648778472630,0.9985429786662790,1.0
27,27,0,0.9889277630502690,0.24294235427979600,0.7054717297162160
28,28,1,0.24879245631786200,0.610821769695773,0.9059459718238320
29,29,0,0.5492325336466160,0.166637839224301,0.0338548446913465
30,30,1,0.565653051296342,0.941059971999619,0.9999999839529440
31,31,0,0.408349505946878,0.520657922761524,0.724015532646631
32,32,1,0.5993516617955670,0.8997146331409330,0.999999999997261
33,33,0,0.335467655763997,0.32703014982835100,0.311884678558748
34,34,0,0.474318739635639,0.416148379112534,0.38006887241457400
35,35,0,0.23222238608306300,0.279386161657389,0.0818941653629479
36,36,0,0.434219259019058,0.0267895086941943,6.88434033577729E-06
37,37,1,0.5809078550889210,0.4870956699756900,0.23662625239550600
38,38,0,0.859147669091063,0.5609172758731,0.99608851119904
39,39,1,0.6127002718203880,0.45767581263910300,0.8589812889461770
40,40,0,0.446536208668917,0.0966124277235034,0.018013025712371000
41,41,0,0.4626738252235120,0.0343671278329566,5.39651486864474E-05
42,42,1,0.548950588933062,0.9291392423100840,0.999999994375502
43,43,1,0.8081945323344300,0.810078568474775,0.996053159948358
44,44,0,0.31770625785868600,0.455169650234319,0.0659113143594542
45,45,1,0.5308231267546670,0.502104758352144,0.12327188625139100
46,46,0,0.462606718059766,0.0207902993467337,1.83443350041721E-06
47,47,0,0.40007222442753000,0.0530263016265346,7.50152299596874E-06
48,48,0,0.4844292409800780,0.552095811003538,0.939112916311878
49,49,1,0.555107858032561,0.934149202147458,0.9999999930053640
50,50,0,0.440982492224988,0.061282998919297,8.60260343620878E-06
51,51,0,0.47020773053980300,0.00926761565932526,6.57187607154096E-07
52,52,1,0.829926654215311,0.849301767709683,0.99971509086513
53,53,0,0.47672689680852200,0.0785286728426816,8.97557111156856E-06
54,54,0,0.3898875593824130,0.299613579061633,0.630536620434175
55,55,0,0.378230191631947,0.39252983513093600,0.3977335107221260
56,56,0,0.44292330958357400,0.05247888300640390,0.00011526370191316600
57,57,0,0.773809930021175,0.535195314952119,0.9976751365606370
58,58,1,0.5111001521021980,0.8871677347492740,1.0
59,59,0,0.47096148562289800,0.11254049365077700,0.0786267943272842
60,60,1,0.5512318556885260,0.998780461250603,1.0
61,61,0,0.48982778963329500,0.0527766480670655,1.85001463235764E-06
62,62,1,0.7850806888350790,0.668669694242263,0.9999995005115300
63,63,0,0.4669556830582950,0.0397500764439984,5.53433283219487E-07
64,64,0,0.354334025404794,0.496286032991369,0.579855201810937
65,65,0,0.4666237109991640,0.0340149320305744,2.41125604763267E-06
66,66,0,0.170402230995263,0.22107413329655100,0.00102145950208321
67,67,1,0.545404148119781,0.9999999999999910,1.0
68,68,1,0.5259076017259690,0.9066001122803010,0.998167928970663
69,69,1,0.551687086403753,0.8761657921196020,1.0
70,70,0,1.0,0.0840717757185145,0.0554056565946334
71,71,1,0.5512428169003680,0.4862763741227890,0.0694657566342879
72,72,0,0.4839702697030970,0.0342529888579946,1.73899443384923E-07
73,73,0,0.4647982702446120,0.0106863970534905,1.67561741481738E-07
74,74,1,0.8136567722589190,0.8981847708422830,0.99970664846163
75,75,0,0.4664049709622520,0.0218532361284302,2.79551930575719E-06
76,76,1,0.341878214231451,0.455265398105229,0.724195775693457
77,77,1,0.156745426719415,0.4637734361343330,0.0014404510415408600
78,78,1,0.298044148146704,0.4849656796308990,0.0120150913398796
79,79,0,0.214412135043287,0.169662649994681,0.00665973503776574
80,80,0,0.679519620286281,0.5271443692288270,0.9888748291458580
81,81,0,0.4793848308158450,0.0574532906883032,5.70315804151397E-06
82,82,1,0.5441010983059970,0.91231732822723,1.0
83,83,1,0.584486987337355,0.818427080006236,0.952333710589468
84,84,0,0.4759417546820730,0.116630622150649,1.00670890597492E-06
85,85,1,0.751242612208288,0.766308476908488,0.946696654625856
86,86,1,0.541097888324197,0.4773424965627000,0.728723978759792
87,87,0,0.587043766015374,0.574731693161243,0.790105267482447
88,88,0,0.4638363073226010,0.0835451323572339,3.93727835282084E-06
89,89,1,0.31779041613265900,0.47087120177380700,0.000285090505621626
90,90,0,0.4822188068329180,0.0325566530461688,1.51051526178712E-07
91,91,0,0.35467889418060300,0.400079773670178,0.585992627514198
92,92,1,0.4161783482981720,0.538068937587303,0.0227397877620784
93,93,0,1.0,0.13472775856003,0.5511576452734340
94,94,1,0.5256742841940320,0.9521693867545820,1.0
95,95,0,0.4805040699320470,0.0824679947661716,1.40058582643624E-05
96,96,0,0.48110146612274500,0.00599974797489056,1.16559894433125E-06
97,97,1,0.7198128189290870,0.542144639557196,0.920073012597042
98,98,0,0.394033286643066,0.464176358429043,0.53781227451766
99,99,1,0.542541957841375,0.9708773948235890,0.999999999521894
100,100,0,0.162809618900747,0.13305240883879300,0.0007413957357090560
101,101,1,0.0327481796809313,0.461210256582115,1.87119055732383E-06
102,102,1,0.550854431453232,0.4636574034419290,0.786851313704866
103,103,1,0.188439207669192,0.4770819770910120,0.00028436242697052600
104,104,0,0.18288286016302300,0.126728798008395,0.0793450000258206
105,105,0,0.4648902816120040,0.0144118458671603,1.14416962539965E-10
106,106,1,0.535298650166194,0.483297025753782,0.72900326120273
107,107,0,0.4664679018502400,0.16067898057268000,0.000578284827526833
108,108,0,0.4681904064347320,0.0269013718726322,3.07896347218286E-08
109,109,0,0.4651307715281490,0.0995808654929685,2.61241142797734E-07
110,110,1,0.646296673254619,0.49919792267010200,0.0106500619002499
111,111,1,0.541483915070712,0.8820329973024210,0.999793334977428
112,112,0,0.4778334759352300,0.10117506113150800,1.14593794885789E-05
113,113,0,0.4609321706938060,0.0408397317238923,2.68606591189218E-08
114,114,1,0.514498942338955,0.999727775084298,1.0
115,115,1,0.537996972974631,0.848517169469647,0.998124493774091
116,116,1,0.843763731065595,0.8281019026913820,0.9999996566481750
117,117,1,0.5149514758356400,0.989980714750232,1.0
118,118,0,1.0,0.5412861509892660,0.9999999999998970
119,119,0,0.4864889308835010,0.062972935395417,6.97254660382022E-05
120,120,0,0.4743911727486630,0.0053771521064108,4.42645965915591E-10
121,121,1,0.551166769348109,0.6143048114894100,0.8589702800707640
122,122,1,0.561579046679641,0.98293616106493,1.0
123,123,1,0.491081258031959,0.4871113085371730,0.0238940490742608
124,124,0,0.23268515742414200,0.211356075200447,0.128370814966909
125,125,0,0.4844022145702330,0.00661498630692495,8.98477788574193E-09
126,126,0,0.4647606986956810,0.22422070315932600,0.000351645432032598
127,127,1,0.809160527353188,0.81066226302958,0.990964810693878
128,128,0,0.4834329956107660,0.0345451700159985,3.03243683187469E-05
129,129,0,0.999999999911786,0.0300811332931899,3.28157658242032E-06
130,130,1,0.738829878264693,0.718347573819209,0.24349237508944600
131,131,0,0.48395847897688100,0.16915713274213200,1.35367775385612E-05
132,132,0,0.693001500069026,0.5307869592441110,0.999999689622447
133,133,1,0.689225277183439,0.5869839413893360,0.999996578408054
134,134,1,0.7571538932447540,0.5671629983316740,0.9575122202950120
135,135,0,0.178534383754577,0.21453886281391600,0.0688732980489391
136,136,0,0.178876000938865,0.252999857233754,0.100647217252182
137,137,1,0.5577674431085600,0.635849006979562,0.84727115473629
138,138,0,0.4646626579790410,0.047039329893254500,1.52916139038802E-06
139,139,0,0.4637098560983240,0.10137443954310300,8.99199102511905E-08
140,140,1,0.652126251134766,0.752018171372989,0.9772395687526260
141,141,0,0.161580631552504,0.225708722207093,0.0350655721019572
142,142,0,0.4722649549245950,0.113392698661306,0.009076989192649890
143,143,1,0.5127798069097870,0.999451973522686,1.0
144,144,0,0.4746684767030200,0.0279962964014068,1.8164054965724E-07
145,145,0,0.4762516657817120,0.13412834784171100,1.73909441040848E-05
146,146,1,0.296263045231825,0.4757333648103130,0.784008301881004
147,147,1,0.605717212422071,0.986185209302241,1.0
148,148,0,0.4805480120369920,0.0686787526258256,0.000187275082423206
149,149,0,0.4860272403693780,0.0664223088349241,7.2137695771669E-06
150,150,0,0.618560429545093,0.20871178120886700,0.9995489532014180
151,151,1,0.5714757858545080,0.847489374087688,0.999999998585563
152,152,1,0.32363319091148000,0.4745649072421560,0.00422463044438854
153,153,0,0.34483682715925100,0.308037574103389,0.11473301117800300
154,154,1,0.36305791081711800,0.4789821610946980,0.008791862554586580
155,155,0,0.000666553394134793,0.00811193419509627,1.1592330150896E-10
156,156,1,0.562964275303115,0.9366427240884440,0.9999999845751960
157,157,1,0.555682331536765,0.9486554053055100,0.9999999102041070
158,158,0,1.0,0.5260168461819820,1.0
159,159,1,0.5570166301724710,0.8098501708138680,0.999999999959449
160,160,0,0.0142737103935793,0.0303033041196507,3.88529943153185E-07
161,161,1,0.5579338823425140,0.974972618318658,1.0
162,162,1,0.6916480766451690,0.6098678299449150,0.7291586960338240
163,163,0,0.898950239733806,0.5574892964119940,0.9999998003911970
164,164,0,0.0144601174675733,0.0288790204697766,8.68165454625544E-07
165,165,1,0.541121744241606,0.9030117695353470,1.0
166,166,1,0.568116090631314,0.8757600429692110,0.995728441034524
167,167,1,0.8519089825304340,0.8610333926613110,0.9984084029694820
168,168,0,0.0019148797212322,0.0104057240265669,8.5662725319316E-09
169,169,0,0.0300655188472222,0.0399221788422001,0.00172996977403198
170,170,0,0.9999999999999980,0.143794675429062,0.0010766533770621
171,171,1,0.49315301661540400,0.4711481955884720,0.769298258239455
172,172,1,1.0,0.7905001349118460,0.999997169792832
173,173,0,0.034853530392808000,0.0630752544229468,3.27802462259903E-08
174,174,1,1.0,0.9981880773751610,1.0
175,175,1,0.516832609686498,0.4658549682143380,0.844317901090751
176,176,0,0.0311861275431807,0.039964324171868100,6.91714737010341E-06
177,177,1,0.6728677197601,0.5339526866005410,0.999996529611423
178,178,0,0.146755193824569,0.13135807279703700,0.00192108176875375
179,179,1,0.19273088086156900,0.4636792697542830,0.000187941877649834
180,180,1,0.557045594708907,0.46821816215724100,0.724624337362612
181,181,0,0.35220025136799400,0.350894760858792,0.329181918384054
182,182,1,0.7593852598899400,0.8416092622576890,0.999314206561008
183,183,0,0.00940643358011341,0.024534399339862000,3.23957382160564E-07
184,184,1,0.7504057086254730,0.637168288521015,0.7689066311255000
185,185,0,0.00199030287320245,0.0163876610243713,5.78941869584594E-10
186,186,1,0.6864430171246520,0.48184534925117600,0.9635219475047500
187,187,0,0.0142805095741378,0.0311269232476112,4.62456434891292E-06
188,188,0,0.0921874079218762,0.111283513395672,0.0729127932155723
189,189,0,0.930633814787571,0.529000944971453,0.981952952936486
190,190,0,0.0138425544472825,0.040757289709391,1.31428217499941E-05
191,191,1,0.856474423145316,0.8712020502629,0.998755466022864
192,192,1,0.546290855437286,0.4885525515195120,0.868757823892196
193,193,0,0.0218283806976044,0.0377093014336673,3.52810369297654E-06
194,194,0,0.00547681152321537,0.00935916172512173,7.34382121172909E-07
195,195,0,0.0701016047378443,0.130665829139323,1.45712532992666E-06
196,196,0,0.606667419235289,0.5207075504211790,0.0785675655257373
197,197,1,0.403527417439322,0.4692800594843160,0.630210088891635
198,198,0,0.0380472647494118,0.0562225901255834,2.46887345306238E-06
199,199,0,0.00548823302952071,0.0115301056930779,1.13414694632843E-08
200,200,0,0.0110706799755095,0.0198384883795501,1.42601940413688E-07
201,201,1,0.798319160293992,0.8829763238042910,0.9995646098864520
202,202,1,1.0,0.9999999999999930,1.0
203,203,1,0.878007799383049,0.937282444683827,0.9998797526412260
204,204,0,0.0166213709112207,0.0672588762701737,2.35760254060805E-07
205,205,0,0.104468798517658,0.165339262269876,5.86533540418019E-05
206,206,1,0.961193951683355,0.952254577072033,0.9999999999734650
207,207,0,1.0,0.534551654349507,0.999998078025688
208,208,0,0.30946144553576500,0.501790217904299,0.00273284280284588
209,209,0,0.0995538315917096,0.19247888356999500,0.00030965998572674900
210,210,0,0.3225019248277490,0.5319913609177900,0.9913970516019300
211,211,1,0.5637817062167550,0.585684112304745,0.9636952973708390
212,212,0,0.00588769275475428,0.0218682769541173,5.12004216689958E-07
213,213,0,0.0153982778052555,0.0640241121746505,1.71969967299436E-06
214,214,0,0.114141594733575,0.200951745396147,2.97614592053195E-05
215,215,0,0.502896589592315,0.337124427896218,0.6692078499335020
216,216,0,0.687032412909859,0.5140305847203040,0.999640802467652
217,217,1,0.763415198315634,0.7341375987257030,0.9999971140288590
218,218,0,0.00735294654466625,0.0252406573973386,1.54402772575694E-07
219,219,1,1.0,0.985808253738212,1.0
220,220,1,0.22673740584118200,0.4655080574246270,0.0138104935773385
221,221,1,1.0,0.957528403512925,1.0
222,222,0,0.0100879732698707,0.026343329180374000,7.83937814072373E-07
223,223,1,0.907150106633514,0.949013300971873,0.9984037747805610
224,224,0,0.44889465582106300,0.210564200635795,0.346683989198517
225,225,1,0.740732125411359,0.7848634298982860,0.998230362092132
226,226,1,0.8141546352014830,0.618159671974947,0.998939202219939
227,227,1,0.908759677207118,0.9009661623720140,0.9999207947772730
228,228,1,0.895263151486869,0.9066805384843200,0.9994427357474520
229,229,1,0.9119699618881320,0.896698319232583,0.999999984775707
230,230,0,0.00817036870542915,0.0217882755336273,4.31180699772772E-08
231,231,1,1.0,0.998235035987577,1.0
232,232,0,0.0301457218079038,0.0623790230423582,4.32648753697596E-06
233,233,0,0.148746613540196,0.163468831894736,7.9914952962304E-05
234,234,0,0.6580046631528340,0.568678648999953,0.9999986282257040
235,235,0,0.0195050238766772,0.0610529187457216,1.35272667463146E-06
236,236,0,0.0052334002333572,0.0165030134689391,4.004678008747E-08
237,237,0,0.0341490260591478,0.072949146372365,2.15774220725703E-05
238,238,0,0.32650149163014100,0.577255475536629,0.0883493737823946
239,239,1,1.0,0.7432056713288340,0.9999999999999500
240,240,0,0.0013567386180412800,0.0111513938741577,2.58823797520009E-09
241,241,0,0.31412814006420500,0.43022991993449900,0.539332860716299
242,242,0,0.0601145431023757,0.0463450044842089,0.000246227229494431
243,243,0,0.013034173550415000,0.0326687694978593,7.12936844521973E-08
244,244,0,0.321244319308737,0.5317348486826360,0.00429618965107789
245,245,0,0.0909499806860132,0.15008721283329300,4.06690237252362E-05
246,246,0,0.0547735465741553,0.10750902652792100,1.52029314902631E-07
247,247,0,0.0160763532689749,0.0430907198413207,4.83621012149477E-08
248,248,0,0.0128050592860381,0.0220978048758793,1.10101992433166E-08
249,249,1,1.0,0.9999999999999700,1.0
250,250,0,0.00241960936680312,0.0143686627176122,3.7159643994633E-09
251,251,0,0.782813392187069,0.5356727076055510,0.985225785559082
252,252,0,0.00576343361633388,0.0198610179798608,2.32619837341831E-10
253,253,1,0.7266344249508970,0.8262956926806290,0.991969859481348
254,254,0,0.5250690907115760,0.4170344837064170,0.7392940835665710
255,255,1,0.7906387166852870,0.7660604298540020,0.952700699050874
256,256,1,0.6735877600830690,0.5404610528910100,0.9488454499245170
257,257,0,0.007256880838474340,0.0314780582145935,2.67067320636299E-08
258,258,1,0.4027547597517270,0.4604567520208700,0.7604412228154940
259,259,0,0.41033414531520100,0.296153429212609,0.7192448576305560
260,260,0,0.0020116865903404200,0.0152093656398196,5.22300647401442E-09
261,261,1,0.417495321490315,0.41700750054797500,0.8046033663941840
262,262,0,0.0331076431106101,0.0321970133140887,0.00017121332306712
263,263,1,0.48059255009916700,0.403083760092043,0.767977134314367
264,264,0,0.601826513959952,0.48278060036632900,0.9381867550464240
265,265,0,0.0489049124516094,0.0890994665827412,1.36722666405728E-08
266,266,0,0.00606522140954486,0.0162562116118,3.11131585553803E-09
267,267,1,0.798720708026332,0.6907551941418100,0.24792057660209300
268,268,1,0.875423905462279,0.9284815864956530,0.9994596089825380
269,269,1,0.7870043475698140,0.838301682753793,0.9705361435695820
270,270,0,0.6271848544762580,0.5409114919998060,0.9930692532011280
271,271,0,0.0364159115281741,0.0428806621966098,9.18616945094823E-05
272,272,0,0.0994452461750391,0.13802213420595900,0.0002536874673968
273,273,0,0.935350618499773,0.581285084187662,0.9999999439732570
274,274,1,1.0,0.990546892660508,1.0
275,275,1,0.7649916696667760,0.737929304518779,0.990362731760847
276,276,0,0.528021873931925,0.5402865626524950,0.9981154649156070
277,277,1,1.0,0.9703426763904250,1.0
278,278,1,0.761211262236399,0.8526115138939650,0.9997041783033980
279,279,0,0.0412790830151087,0.0857599421414246,1.73495379336184E-05
280,280,1,1.0,0.7714571143763630,0.9999999994192130
281,281,1,0.916586577931489,0.921895965394189,0.9999999750670620
282,282,1,0.8458384878389390,0.720914296703652,0.9835609959509110
283,283,0,0.183158927617147,0.348302162452726,0.000294776235414729
284,284,1,0.13408012128465,0.416924589389382,0.0090908424666188
285,285,1,1.0,0.999999999999958,1.0
286,286,0,0.0124170772451568,0.0195099553674617,1.13180086788727E-08
287,287,0,0.00408827375501755,0.0104660232511842,1.97693697953882E-10
288,288,0,0.7005578263761250,0.5488045830878170,0.9915996215848570
289,289,1,0.6552034685153000,0.6911839569516590,0.978531217869502
290,290,0,0.0239575042918318,0.0846906357922666,8.31067228500765E-09
291,291,0,0.0676918654274246,0.0611793415867487,0.000491655483381589
292,292,1,0.8893801126798370,0.775987920694608,0.999553818615539
293,293,1,1.0,0.999999999999996,1.0
294,294,0,0.3653608049093520,0.5307278950545200,0.403746961301355
295,295,1,1.0,0.998952406684092,1.0
296,296,0,0.0465244547568535,0.104200612784242,4.32107460060909E-05
297,297,0,0.0318974221319703,0.042552049969826300,1.93830318282508E-07
298,298,0,0.0964596413862535,0.183385378780958,3.54029815926989E-05
299,299,0,0.0191662578636044,0.0342084757965337,4.70015238085236E-09
300,300,1,0.826313508546491,0.796471890502343,0.9957282743094120
301,301,1,0.7500030015753460,0.560744885541048,0.9730677264615230
302,302,0,0.0553087920121228,0.105343149123005,9.49018183056138E-05
303,303,0,0.0268566820012227,0.11740441774967800,5.95915692531496E-07
304,304,0,0.573761997398782,0.38883370851767700,0.183870860410534
305,305,1,0.93561269880621,0.927704678943868,0.9997912806129130
306,306,0,0.18656053147622200,0.320065727116565,0.0150086662881929
307,307,1,0.8658347847514970,0.902319088192014,0.99717180706448
308,308,0,0.044099656792580100,0.0330476418844231,1.34279825456925E-05
309,309,1,0.822708747454143,0.8231338531020660,0.993149735742986
310,310,0,0.004325630394441370,0.0122445548732579,1.09623116369477E-08
311,311,1,0.731943756287718,0.752787362009562,0.991928504260005
312,312,1,0.9183217669131430,0.9398737468802340,0.999987390025284
313,313,0,0.10669257929689600,0.16534714408487800,0.0211755682118804
314,314,1,0.966092613963979,0.981178053396736,0.999999999998062
315,315,0,0.150562839916646,0.19960702865896,0.679087723869534
316,316,0,0.659453636237591,0.5286489074586390,0.994909665604088
317,317,0,0.033283583295346,0.0713782275003011,6.62474307652694E-06
318,318,0,0.3564900460207980,0.28172936439446,0.669245871187921
319,319,0,0.21011844824062200,0.35521154116549500,0.0793480554679192
320,320,0,0.0571742137921189,0.0458836406752788,8.02559204375458E-05
321,321,1,0.5092472912135810,0.32926012380690500,0.704624243510787
322,322,0,0.037009024312317300,0.0404632273812497,0.00011660306872883700
323,323,0,0.468568706278921,0.476883569966726,0.289522035926824
324,324,0,0.700684914624578,0.5387896070083100,0.921948830705904
325,325,0,0.0928764834115465,0.0551536943490862,2.36308486401632E-05
326,326,0,0.224170031412412,0.3908721409374030,0.0301272505855038
327,327,1,0.943104815856376,0.9789395779842780,0.999999999528271
328,328,1,0.874217876289604,0.9005741731603000,0.9977025365218460
329,329,1,0.6770609435669360,0.5552758348353110,0.23539288271793200
330,330,0,0.0917387380505529,0.315598193077362,0.0170732058536201
331,331,1,0.8933777182657480,0.91420220026829,0.999999907026825
332,332,1,0.802241123558989,0.645376090871428,0.9976033920445750
333,333,1,0.29161367854839,0.45686375092773700,0.00534916533356596
334,334,1,0.8601935621656460,0.866684483676876,0.993576598220519
335,335,0,0.798940995546261,0.5376245333711210,0.9960961744556960
336,336,1,0.45357481652500300,0.42589752511421600,0.0227022087717699
337,337,1,0.0573572591499799,0.40006395401158200,6.89169768258234E-05
338,338,1,0.354711287523743,0.323422156674013,0.28699192227199
339,339,0,0.384462605433875,0.508524490902595,0.8440330373033570
340,340,0,0.0270114028808237,0.0536314905222054,4.50436239794394E-07
341,341,0,0.0665341851879757,0.0586852863828929,0.00019788005744503300
342,342,1,1.0,0.99286829797305,1.0
343,343,1,0.8868869082041500,0.812092509463038,0.9994475991476250
344,344,0,0.000748130093098092,0.00545810605001422,8.20735285656401E-10
345,345,1,1.0,0.996912864640054,1.0
346,346,0,0.0183895676925703,0.0754736433884559,1.75365950971571E-07
347,347,0,0.5716022108408780,0.5134839124657340,0.945621273432083
348,348,1,1.0,0.789098294773729,0.9999999998444820
349,349,1,0.181642677176037,0.486912136070378,0.00638477198548171
350,350,0,0.0633892452968927,0.163769882834589,0.0184658545225051
351,351,1,1.0,0.9587784096619730,1.0
352,352,1,1.0,0.999999999999994,1.0
353,353,0,0.000814065796551237,0.00391380340950811,1.334261363956E-09
354,354,0,0.202195510873904,0.10536224556152300,0.000574114798373959
355,355,0,0.0990890123945608,0.14611476320542000,4.68754099975754E-06
356,356,0,0.0184696114907441,0.0254077768665562,8.52907288978339E-07
357,357,0,0.0019493278475707400,0.008113825466523990,3.18694917849168E-09
358,358,0,0.0289282728784566,0.0243354529792505,6.20810016953235E-06
359,359,0,0.00824116682902035,0.0346133253706433,7.80641041450153E-10
360,360,0,0.401295613193713,0.491308981482266,0.727440899409822
361,361,0,0.044225715620530100,0.0479174579595674,7.19752215253006E-05
362,362,1,0.482337254315392,0.36920637804197100,0.751229150014066
363,363,1,0.691761995634159,0.54486324028236,0.9713248448998720
364,364,0,0.0169872521644666,0.0206351617575185,1.46015778226734E-05
365,365,1,0.534503432723856,0.513250178145838,0.8691033997262660
366,366,0,0.595399753816909,0.552812873729566,0.998748300097375
367,367,1,1.0,0.7104561885459830,1.0
368,368,0,0.0166966688852337,0.0378638596691056,1.28864691730636E-06
369,369,0,0.144573065886793,0.153904011637512,0.0001390586190246
370,370,1,1.0,0.997463206081239,1.0
371,371,0,0.6491873140442190,0.5913971467638610,0.9323119529989490
372,372,1,0.555074629470499,0.39546191355085000,0.838462424799721
373,373,1,0.9125763145079880,0.9180859894959490,0.985830376715382
374,374,0,0.00722567312380702,0.0113922643555793,6.2356830873625E-08
375,375,0,0.00749670170527882,0.0166379267695958,6.74375966494043E-08
376,376,0,0.615085362895033,0.5495743063560720,0.9746350225727040
377,377,0,0.622242356034157,0.5264079127141890,0.987821125170828
378,378,0,0.238764624337201,0.0634673917631743,0.00165534339662066
379,379,0,0.147153624839038,0.11332210509410300,0.00145470949774814
380,380,0,0.00572981746662002,0.0190394325246533,4.0052591527493E-08
381,381,1,0.9044958923201460,0.9006734014142830,0.999121780117506
382,382,0,1.0,0.5487634176380920,0.15020994653377700
383,383,1,0.759232964928894,0.713126105111932,0.95033561568645
384,384,1,0.692140860288826,0.570271703752466,0.97623099633313
385,385,1,0.8698367513373590,0.862976430946842,0.99781336891681
386,386,0,0.0122502666944633,0.0410422794225172,3.16081061802697E-08
387,387,1,0.76693519749439,0.573785356810354,0.9657976119885480
388,388,0,0.048067882077164100,0.0866902054870423,1.35571004399751E-05
389,389,1,0.42574517806421800,0.488556129003419,0.00115220232428895
390,390,0,0.0308477720778416,0.109000526136701,4.31374455267193E-07
391,391,1,0.823083138350175,0.8078048903905450,0.99610135086734
392,392,0,0.459609841827705,0.38024423072425900,0.663315173895953
393,393,1,0.774148316038897,0.8159789641928670,0.912727033137805
394,394,0,0.0111107654042645,0.0223348723113929,1.96351608353335E-08
395,395,1,0.681791697800054,0.5519941303579300,0.9521158306484450
396,396,1,0.9683683738772350,0.980071832706535,0.9999973437947250
397,397,0,0.0634188991588969,0.16054409345687,0.0059863206404842
398,398,0,0.42225589538996300,0.359142207113444,0.0961793132553763
399,399,1,0.845241823224491,0.849104392911168,0.99051587569511
400,400,0,0.051503627860824300,0.13668420627761600,4.35075309527177E-07
401,401,0,0.00909490273557786,0.0324737624012433,3.10789136821449E-08
402,402,0,0.00994951807697748,0.0218789599180261,1.3720396729467E-06
403,403,0,0.203926184904952,0.5143012062466570,0.454119373044433
404,404,1,0.6070825682723990,0.488986847794839,0.7281864878955900
405,405,1,0.7774269639198550,0.672106226944282,0.9899252390509830
406,406,0,0.0301529572912603,0.06224817415098200,1.70816860331157E-05
407,407,0,0.461899151962564,0.274660487405623,0.127030302335891
408,408,1,0.629685456938638,0.576108317962516,0.35626520973452400
409,409,1,0.941084731193427,0.9494290653606740,0.9999999964751320
410,410,1,0.6864322537780250,0.5647284256645070,0.986350745578543
411,411,0,0.0760966722214555,0.0756816964998121,6.27817234231521E-05
412,412,1,0.38108018833299700,0.311508059955723,0.656329690237142
413,413,1,0.8932277557691760,0.9129440292228490,0.9993383611791540
414,414,0,0.00505352573674814,0.0226320288798115,1.56545586126771E-09
415,415,1,1.0,0.950426365705559,1.0
416,416,1,0.9086210111724940,0.915151729148786,0.9943969615583390
417,417,1,0.7111003848552740,0.6217442339204950,0.9031273830847590
418,418,0,0.00515579706109974,0.0113734886034342,5.01496473602613E-08
419,419,0,0.0195598490290794,0.0104390656122002,3.10151644954236E-07
420,420,1,0.814573782555071,0.802721610908998,0.9946061109785920
421,421,0,0.41656966043303000,0.0754435452413175,0.8118382016087870
422,422,0,0.113075049178116,0.094184585683736,0.00247309321814824
423,423,0,0.13699407217475400,0.227597353371164,1.21708098480965E-05
424,424,0,0.18283732512219300,0.386464228170924,0.0052635537778063
425,425,1,0.382797075989346,0.354183506971563,0.856118725128448
426,426,0,0.0024623033564701,0.0156185160499481,3.57575551153581E-09
427,427,0,0.0032870389509260400,0.0245453498835595,2.35905655424411E-09
428,428,0,0.0381940329573691,0.0427617890396266,8.71072317964101E-05
429,429,0,0.11506666031551200,0.19000432826250600,0.000656037778250437
430,430,0,0.0025627338427433100,0.0139484255365008,8.85296623173456E-10
431,431,0,0.24514587365768700,0.219619025619421,0.675964973413338
432,432,0,0.17366331608709000,0.0178448832017713,0.000290201479584459
433,433,0,0.0725696092911878,0.0677257400662416,0.000257893914049721
434,434,1,1.0,0.9995416199621000,1.0
435,435,0,0.0897342673203937,0.10970546565113200,4.07153893503081E-05
436,436,0,0.0296550513338403,0.0349464750132595,6.35490203480467E-05
437,437,0,0.0170551655235057,0.037076561473567700,2.40079578949382E-07
438,438,0,0.0214616712133889,0.0552780361655628,4.19144303434074E-06
439,439,1,1.0,0.97827257186755,1.0
440,440,0,0.00514950291996787,0.0236409179882765,1.45012962520367E-08
441,441,1,0.902305128402185,0.8995720880415430,0.9999999745357670
442,442,1,0.6630895958179040,0.7515482763493690,0.901231863792771
443,443,0,0.0040242929341135,0.0329731184923719,4.56144256678295E-10
444,444,0,1.0,0.23605585164994,0.9993485910395270
445,445,0,0.0241820221925524,0.0724536095009267,6.18740629462468E-06
446,446,0,0.999967943629984,0.018509030329798,9.55129368868539E-09
447,447,0,0.7626540773581930,0.5447868946095550,0.9843167678546840
448,448,0,0.0792629446581469,0.0965591156985543,2.60550721183764E-05
449,449,0,0.0112593678227685,0.0355772052271575,1.50158185995898E-08
450,450,0,0.106758765540282,0.0996798046712374,2.52285550206222E-05
451,451,0,0.702669070486203,0.5451716608724400,0.999939465573933
452,452,1,0.815003706233415,0.665651083079687,0.980629650341105
453,453,1,0.7049977215601660,0.612203508083354,0.795528578818595
454,454,0,0.00615383493450549,0.009137455255949740,5.14493407066902E-09
455,455,0,0.48459653651307,0.382825606307246,0.8471910774803190
456,456,1,0.9230994081703060,0.944800810427432,0.9999687284372190
457,457,1,0.409462270869521,0.34491258095819200,0.609688741494349
458,458,0,0.0209287484160637,0.0368118053787361,3.22100745423316E-07
459,459,0,0.174919250878572,0.24150347992545300,0.00345728925987001
460,460,1,0.767258057563826,0.720782183236759,0.989595414170855
461,461,0,0.24587888927792400,0.222890016954644,0.00073168328186674
462,462,0,0.0187414831650746,0.0218134241419074,9.12308728024644E-07
463,463,0,0.007720025616660820,0.0119566510849387,6.31660320775577E-06
464,464,0,0.35545962936395700,0.43373996904845100,0.7465713172235050
465,465,1,0.7495425412607700,0.5533140253593880,0.9720033289196840
466,466,1,0.844268868143312,0.8064750634062420,0.968570848434985
467,467,1,0.696750054984813,0.53740553134403,0.919779857770275
468,468,1,0.7399178932369060,0.670655699712605,0.99999788172925
469,469,0,0.0312553511282956,0.0899848976151749,0.0727668108466047
470,470,0,0.12772044938727200,0.143826868898862,2.77668824294278E-05
471,471,1,1.0,0.9999999999999950,1.0
472,472,0,0.499670266365933,0.728084910173326,0.979081037577616
473,473,0,0.342947646376995,0.466646362213274,0.00209237383752267
474,474,0,0.00413402375237535,0.0153377433735257,1.54904555839622E-07
475,475,0,0.40477311583102300,0.675517062793563,0.799961910555785
476,476,0,0.0209033465201908,0.0262177023428671,2.06875261385794E-08
477,477,0,0.00296051118736552,0.0135665254832276,7.82326471965026E-10
478,478,0,0.30949209467545600,0.30640467768844,0.572217039593985
479,479,0,0.0326732284021017,0.0846267449160186,4.24023076614871E-06
480,480,1,1.0,0.999849206416495,1.0
481,481,0,0.268296094509637,0.284478189908246,0.24457504971248
482,482,0,0.911553988647673,0.5509173009885900,0.999775922860532
483,483,0,0.00607414136259659,0.027990694550387000,2.37439708080297E-08
484,484,1,0.59823828235679,0.5280157802845900,0.425408287048136
485,485,1,1.0,0.991343427105583,1.0
486,486,0,0.00280460016066016,0.007419145613783240,8.85527290872827E-09
487,487,0,0.754014026366094,0.5272372006375630,0.959269591730111
488,488,0,0.0163208093325844,0.0301948260371068,1.33479730711676E-07
489,489,0,0.844079207377164,0.5574080909854510,0.999742711911512
490,490,0,0.05432273946102330,0.0293733253806091,4.48247744716873E-05
491,491,1,1.0,0.8939649608136360,1.0
492,492,0,0.0012412606487842,0.00647967229150119,1.16891155541867E-09
493,493,1,0.820578222603141,0.7242025992598250,0.999999686019144
494,494,1,0.835256923452283,0.78841468693775,0.9428763041442
495,495,1,0.492889756856849,0.38900138996373000,0.749961336825477
496,496,1,0.967685544830674,0.98305608509632,0.999999999627725
497,497,0,0.0472282085915748,0.128541209277754,1.1252638696326E-05
498,498,1,0.876878295601293,0.927563743100168,0.999556678198876
499,499,0,0.343825711473585,0.58727403110957,0.0839193900478341
500,500,0,0.00585427698265906,0.047118542434031,1.13492819992464E-07
501,501,0,0.029059099995064,0.0863998696020802,1.07222373434398E-05
502,502,0,0.215368627877187,0.0825423222924797,0.00731289022049883
503,503,1,0.71547069101741,0.538551439420353,0.9699649745194850
504,504,0,0.0817122140453132,0.0588060723621342,3.38546829847237E-06
505,505,0,0.003830739794382350,0.0175066738743092,8.24544997928492E-09
506,506,0,0.105038816042413,0.21100502409021300,9.03094339212688E-07
507,507,0,0.0599464718775276,0.082927209977709,8.45894309706161E-05
508,508,0,0.5667045492603460,0.57140430900002,0.0899991519097281
509,509,0,1.0,0.796499929514672,0.999997490393521
510,510,1,0.6054086846169850,0.527771619078387,0.984978354593473
511,511,0,0.66453978783453,0.513931198794571,0.903814817121534
512,512,0,0.345686544440192,0.703789625111693,0.9147703317905890
513,513,1,0.880344917807695,0.883768125038996,0.9995476205590840
514,514,0,0.0173867489089006,0.0636684241800763,3.01540599113833E-06
515,515,0,0.071605579661827,0.16327822918590400,0.0339882198772475
516,516,1,0.9182230612761610,0.9233373029906600,0.997598807255457
517,517,0,0.042366754219980300,0.139538483437991,1.25608186265182E-06
518,518,0,0.0009506383117110780,0.0050516674361408200,6.11674501920121E-11
519,519,0,0.0200653675733291,0.03996553575917100,3.4881590859701E-06
520,520,1,0.5807251458144070,0.6449301871641650,0.8899233881926510
521,521,0,0.06432747886659700,0.135737116593718,8.36795226837684E-05
522,522,1,0.76387450283501,0.799733025717626,0.9976592124974410
523,523,0,0.766230408261532,0.821392753703292,0.993913434915563
524,524,1,0.8518693301396410,0.734326049080278,0.99581129155053
525,525,0,0.274014148007804,0.16616251755558000,0.0515243530824679
526,526,0,0.5827000439379550,0.5560086623643960,0.983347495170283
527,527,0,0.0037303952377250200,0.0164146557967054,6.56812287181052E-09
528,528,0,0.16915264157628400,0.172376045481987,5.74902881926765E-05
529,529,1,0.9268878142346910,0.9380933185110480,0.9999999834883680
530,530,1,0.6485647806338720,0.522104531124959,0.837212239933019
531,531,1,0.608235505047926,0.481934359169807,0.8948408486056320
532,532,0,0.0349550240466999,0.041691403546959,4.70817864621951E-05
533,533,0,0.462086336770609,0.5302705017486910,0.929910765752088
534,534,0,0.611644258116948,0.6237933233801900,0.9995910288259740
535,535,0,0.0107705872337893,0.0165573995164378,2.34834876198395E-07
536,536,1,0.190314337020983,0.454220727084621,0.000297630911162162
537,537,1,0.883587147616188,0.913766194239381,0.999485838515168
538,538,0,0.000857521729867175,0.0049010654462534,1.01766513791408E-09
539,539,0,0.285505025586847,0.243228899541575,0.0137370330477157
540,540,0,0.39953142913835800,0.671405058469737,0.0377433415503097
541,541,1,1.0,0.99867175606387,1.0
542,542,0,0.054979895195767700,0.0557700163765844,6.21894366055922E-05
543,543,1,0.772286766825764,0.634580343878662,0.9878037224018250
544,544,1,0.8903734604004440,0.8809659075583350,0.998331932167145
545,545,0,0.9992452299575140,0.0159200374214037,1.55529791513376E-10
546,546,1,0.494923183131301,0.38572234408256100,0.7422307420253990
547,547,1,0.818801468727731,0.836884997740948,0.9987000140672600
548,548,0,0.0466571015626522,0.0520234119791187,9.07173387830358E-07
549,549,1,0.712372958576698,0.7709737158668860,0.9832295086155300
550,550,1,0.41516374541034000,0.470540028036742,0.0227952570833443
551,551,0,0.24480403745754900,0.36765547870440300,0.0131565066994744
552,552,0,0.019973213879159,0.0187274338078242,1.06490144251359E-06
553,553,1,0.6045343159685600,0.573739971469099,0.918240177467958
554,554,0,0.31080733426135300,0.0970776120443312,0.664338935993667
555,555,0,0.5451976341753400,0.6600345281048900,0.8986041506345410
556,556,0,0.25602243402809,0.205003571632263,0.1942686381216
557,557,1,0.605060706212805,0.502947947693552,0.6832644389936500
558,558,1,0.169610724213613,0.46127544652351600,0.171861954954767
559,559,0,0.0798192631433427,0.040123535886857,0.000137802944943102
560,560,0,0.142784321175073,0.244149418343291,0.201354696053159
561,561,1,1.0,0.978270110367701,1.0
562,562,0,0.015492547988363000,0.0199328523644422,3.53983809266797E-07
563,563,0,0.0557461943968198,0.11868823061687200,0.0004934386749369780
564,564,0,0.00654947401582539,0.0130463438187597,4.23395189327141E-07
565,565,1,1.0,0.9990959166585440,1.0
566,566,1,1.0,0.985970999781149,1.0
567,567,1,1.0,0.999175367399948,1.0
568,568,1,1.0,0.9628474441860540,1.0
569,569,1,0.947479107204258,0.958266117752352,0.9999999861752670
570,570,0,0.475829613621924,0.17153942617504900,0.603582032856539
571,571,1,0.8932256020528170,0.910259981481308,0.9978208778601400
572,572,1,0.277890610990319,0.48296539157773900,0.5511956406168820
573,573,1,0.5529981416714130,0.5054328699083030,0.849047105310908
574,574,1,0.823625593947072,0.804006355360432,0.9963412156963300
575,575,0,0.0616134214563836,0.13909552598755000,1.63202993906172E-06
576,576,0,0.0439745414510006,0.0714508253572742,1.39791359656362E-06
577,577,0,0.154077689117635,0.13031028297061700,0.00045543179113829300
578,578,0,1.0,0.418683370472226,0.970127386516658
579,579,0,0.0257656139176982,0.0241784528020308,1.55835436273573E-05
580,580,0,0.494947232013414,0.47545726517946300,0.00945436920575818
581,581,1,0.7087575625158800,0.619771881370984,0.990206265879722
582,582,0,0.00075960690774081,0.0042399498614822400,1.86668564207003E-11
583,583,0,0.615001877575401,0.707516773441785,0.905763706980366
584,584,0,0.10501198625254300,0.08827544612360600,0.008772267735400370
585,585,1,1.0,0.910640474446547,1.0
586,586,1,0.48039543240091,0.549103033886978,0.677743751566057
587,587,1,0.844333144090192,0.873324033622624,0.9985028594320240
588,588,0,0.0467897461959885,0.0729935260225123,5.1831129792142E-05
589,589,1,0.8794247543320170,0.8860173207208950,0.9995174266868660
590,590,0,0.274837813553771,0.28174425370513900,0.608899832670439
591,591,1,0.8118285685714690,0.8296345725590090,0.9988459977674330
592,592,1,0.8169218690660230,0.861084437969895,0.9989810189002290
593,593,0,0.201204424061778,0.212556167812661,0.160770843057569
594,594,1,0.759432977499076,0.6602492985903840,0.961352381765127
595,595,1,0.610675485198307,0.561166941765124,0.968560871355609
596,596,0,0.0801775039696104,0.26569778481975700,0.298447052450803
597,597,1,1.0,0.636306715716589,0.9999917647423840
598,598,1,1.0,0.981168098305526,1.0
599,599,0,0.545491152458084,0.444503420623035,0.876890930191401
600,600,0,0.696677439098611,0.816941003605743,0.9570053436598230
601,601,1,0.863574589146961,0.8558331984897,0.997789762774274
602,602,1,0.690083497970057,0.8021628008994580,0.9990572909023240
603,603,0,0.185308822254388,0.29862525317143400,0.0177862326008934
604,604,1,0.79426863999663,0.7666717921424860,0.999438413393593
605,605,1,1.0,0.951020306704516,1.0
606,606,0,0.0330722071480387,0.0379372541036582,5.52331599455983E-07
607,607,1,0.509743021541181,0.38839369075208900,0.7856750011481120
608,608,0,0.0359921514959667,0.0263977218009956,8.38688122364611E-05
609,609,0,0.0792298857846658,0.0977298109135791,0.0008684065479362810
610,610,0,0.583498217776254,0.22341013389723000,0.987475324805263
611,611,1,0.790994847115228,0.692263669558254,0.9999852854103630
612,612,0,0.00818387476233376,0.0158512708155356,2.92143728196748E-07
613,613,1,0.827293982242305,0.8291066252645310,0.995238678660986
614,614,0,0.115469312814047,0.0985896907602704,0.000554059570921698
615,615,1,0.8530831320514040,0.821074880136254,0.9973393566163680
616,616,1,0.8653543918014600,0.893639903808725,0.999604215701793
617,617,1,0.485661576800091,0.471711808674737,0.845917061726525
618,618,1,0.818358078860555,0.711044047763264,0.999997842912765
619,619,0,0.00540422433868841,0.0230300079583629,7.39884299078852E-08
620,620,1,0.7693596941912620,0.68311546171813,0.9878152638874840
621,621,0,1.0,0.5846407185947470,1.0
622,622,0,0.194979068201355,0.24714027132420300,0.0930032028836786
623,623,0,0.00045581929574461000,0.00231179065729237,4.46533400405731E-11
624,624,1,1.0,0.9796083229301920,1.0
625,625,0,0.375195393756318,0.28318763128799500,0.007948698434499310
626,626,0,0.106362744075578,0.11551223785949700,0.00474286934987859
627,627,0,0.0151469639769801,0.0773843487443162,6.21473820601802E-09
628,628,1,0.7320992621779160,0.715790192224682,0.9872710661143940
629,629,1,0.932494521548755,0.955915533906264,0.9999999985534180
630,630,0,0.0168608697620451,0.114125799444004,3.81034329935906E-08
631,631,0,0.0926832012331714,0.17580566140272500,0.0118648683222024
632,632,0,0.00645826520287699,0.013445852919856,2.57873612847858E-07
633,633,1,0.826781867448457,0.598458449599226,0.999999929409376
634,634,1,0.8494773776387800,0.8178888946450230,0.997371396080569
635,635,0,0.0085156562033725,0.0141565056644562,8.61667013608877E-06
636,636,0,0.00448660199895836,0.01723586123148,1.054641856153E-09
637,637,1,0.8384079113093,0.804056249107164,0.99974994098299
638,638,0,0.10903598664658000,0.158917508199052,5.32496397432249E-06
639,639,0,0.369298390610212,0.31390588593625600,0.0150943197542921
640,640,0,0.308342255088281,0.22963861030660200,0.23739424659730700
641,641,0,0.0443699233900423,0.080309105458218,0.136324677446191
642,642,1,1.0,0.998555632359478,1.0
643,643,1,0.938572213209564,0.944847028623081,0.9997118595406760
644,644,1,0.131619074563231,0.48010125462491600,5.83201263973865E-05
645,645,1,0.697184520168023,0.574856074413449,0.938043042908008
646,646,0,0.49441519127348,0.39818619639258000,0.982490654747062
647,647,1,0.349555537563408,0.47435451268457400,0.007608437446294340
648,648,1,1.0,0.9797571201136800,1.0
649,649,0,0.0306134235739111,0.0453714206643182,2.03936191275086E-06
650,650,0,1.0,0.6545498121668940,0.9999999997960280
651,651,1,0.9326419405652490,0.950075386846148,0.999999999331248
652,652,1,0.866774258332138,0.8479452994322420,0.9996888396292590
653,653,0,0.0818033736877012,0.13795770687543300,4.80410171972634E-05
654,654,0,0.0114089202059723,0.0115336893600578,9.65956028738431E-07
655,655,0,0.757554910876694,0.608105920211984,0.9873316281698390
656,656,1,1.0,0.9989702545081850,1.0
657,657,1,0.538076748617286,0.41892834612788400,0.7080133887013470
658,658,1,0.6792281232749610,0.520177259924183,0.940642450448796
659,659,1,0.947305227146509,0.972912805893593,0.9999490906364600
660,660,1,0.542928512169947,0.833989777149747,0.8639842493170130
661,661,1,0.834249914246711,0.8786596007245860,0.9885010577396250
662,662,0,0.41099442484512,0.364262817079109,0.709204799852197
663,663,0,0.41634918162074400,0.324678353988499,0.736412418317941
664,664,0,0.0225688544730923,0.0364405692851861,3.18124344717635E-08
665,665,0,0.6835162040764710,0.706726985282258,0.9813533468853360
666,666,0,0.13289961414993000,0.147766867062087,0.0526440391003752
667,667,1,0.6764855368940430,0.557252765387839,0.22450802181066400
668,668,1,0.759225206440614,0.5550458322226630,0.974866061631833
669,669,0,0.9051208825430640,0.531278424759003,0.9999825971713550
670,670,0,0.049177101691287,0.0742299957340755,1.24170691389524E-06
671,671,0,0.00248767051867501,0.0180468086259475,4.26204179810297E-08
672,672,0,0.73809585276718,0.605099037734609,0.9999995376051650
673,673,0,0.46240630630183000,0.39791809859716,0.0700879991804798
674,674,0,0.0260139395714234,0.0843011714990136,0.00107924448897538
675,675,0,0.24526656166989100,0.18367736529169400,0.007900768696519290
676,676,1,0.859830762029109,0.9033401268272510,0.999570431202348
677,677,0,0.6082285140153810,0.697105257883739,0.993482278488256
678,678,0,0.10211294763978,0.213577061698765,0.0268044605441966
679,679,0,0.0666342697579205,0.042918742357982700,0.000407094319215552
680,680,0,0.0488593321763542,0.0413176349557545,1.84638604253395E-06
681,681,0,0.0139399304013834,0.0237383254255144,2.10129226312156E-06
682,682,1,0.8206458813327440,0.643386405723733,0.9988110207767990
683,683,0,0.533651798142678,0.505347694543311,0.4599938841986840
684,684,1,0.883307174838249,0.7703429443970280,0.9994898809611190
685,685,0,1.0,0.0960470724599242,0.7390244609620110
686,686,0,0.00322703693906395,0.0230668933294108,8.98006132498544E-09
687,687,1,0.10061434330412,0.4482320293852410,0.0008945221697454180
688,688,0,0.0148489554362491,0.0288195386434142,6.51928877252697E-06
689,689,0,0.0395376089499049,0.0687072159778223,3.79993654519891E-05
690,690,0,0.244099538360513,0.132405121706862,0.00054889619421817
691,691,1,0.366363651022243,0.340713542450454,0.3496409686684440
692,692,0,0.35973458463760000,0.37919772413913000,0.273225683588515
693,693,0,0.0583013478288725,0.038033618522949500,6.03788156038657E-05
694,694,1,0.743750243430818,0.643033334778611,0.986313399517023
695,695,1,0.802026979092668,0.7610726494335000,0.9964195468419930
696,696,0,0.0110275504489362,0.0198445353815661,2.22745935459526E-07
697,697,1,0.8944844793911090,0.890343253923874,0.9995435643802460
698,698,1,0.885791786341991,0.8776135328093590,0.998158112547436
699,699,0,0.041557694438606000,0.0477264788445744,0.00012612793033458300
700,700,0,0.0146620281980417,0.0573965725852023,1.83403284484221E-07
701,701,0,0.00744418651080896,0.0192112025081241,4.86068046160045E-07
702,702,1,0.4081101811999830,0.4303686724385880,0.0026865907745402200
703,703,0,0.0984434590345158,0.0958123069050221,4.64824653300895E-05
704,704,0,0.399373388642344,0.503619422771272,0.425494814298673
705,705,1,0.8972717044819940,0.9213615132448340,0.999992633499704
706,706,1,0.223562715323927,0.459511944326479,0.0004128928488572790
707,707,1,0.653354332489516,0.471963556337677,0.8373814010234820
708,708,0,0.5298500605374820,0.4872626134895,0.876470443905897
709,709,0,0.024944183492418,0.0913288479521005,1.13122421929862E-07
710,710,1,0.54258916392276,0.477642815907715,7.56943059624061E-05
711,711,1,0.734309064579129,0.8505110535982970,0.99550078118578
712,712,1,0.7932969347069730,0.793883669475549,0.37452562515913600
713,713,1,0.849727936775363,0.7867846782247700,0.9976914006352330
714,714,0,0.0006410655663843030,0.0023477701769704600,9.47497728113773E-10
715,715,0,0.330808879093737,0.5448262747520430,0.0271092292537955
716,716,1,0.666851739770705,0.744713750316298,0.979133030954577
717,717,1,0.0449024839956653,0.440227956982253,0.00204438063665017
718,718,1,1.0,0.9504681102241490,1.0
719,719,0,0.0141591448496173,0.0214677373862656,3.8569416733414E-06
720,720,0,0.00729283362632923,0.018270075792768,1.8774393652446E-07
721,721,1,0.451751702081998,0.35319483736073600,0.7491638211406180
722,722,1,0.9568104322711330,0.9845743001927070,0.9999999987643250
723,723,0,0.0291894908196236,0.0893173432791675,5.11657232661361E-06
724,724,1,1.0,0.8268535185926130,0.99999868345215
725,725,0,0.7674371877585160,0.795662689315218,0.9884713310088990
726,726,1,0.6587107280707790,0.5749889783024820,0.8551026077358210
727,727,0,0.0762700854870648,0.19167270928498,0.000159144748257602
728,728,0,0.0760023770484585,0.14717240967328300,0.0338249712411088
729,729,1,0.894084519214333,0.8903192159888410,0.997319489127645
730,730,0,0.43544119233371600,0.632974221024464,0.0361524782012288
731,731,0,0.0114854107459292,0.0263952766103705,8.721912621391E-07
732,732,1,0.565070251766239,0.3972930208807490,0.674079057080891
733,733,0,0.8131665613096210,0.694373714420944,0.9767064428799060
734,734,1,0.9187329637161270,0.9480306597977560,0.999953984212216
735,735,1,0.8367209101610080,0.8208200148550960,0.999994790225596
736,736,0,0.047222786831950100,0.0730340274623705,0.00019323213998776800
737,737,1,1.0,0.999877155647072,1.0
738,738,0,0.0315016397226649,0.11644559137433500,2.30011780388017E-05
739,739,0,0.00291950014231372,0.0138384833623599,8.85538931847317E-08
740,740,0,0.0492503662742557,0.11506542024400000,2.11194171266238E-05
741,741,0,0.007776134352173090,0.0116755782069707,1.87857698045567E-08
742,742,0,0.518953098262359,0.44206562532576200,0.629553738489922
743,743,0,0.527578557353956,0.670309934998777,0.203666222839477
744,744,0,0.0298759652887216,0.0597180006707864,1.32311090630319E-05
745,745,0,0.0242246825597646,0.0515109956061234,1.27205721657776E-05
746,746,0,0.0125218747344377,0.0306122481597186,1.94031420594457E-07
747,747,0,0.0154857605334763,0.0156417945063661,1.21473900385921E-05
748,748,0,0.0159701692550918,0.0372201801090886,2.30405976554898E-07
749,749,1,0.8458083263924980,0.849453660142271,0.9938075049092100
750,750,0,0.00712435446191827,0.0173899422288286,6.03824782958763E-07
751,751,0,0.405053165664043,0.34004882296810800,0.0980911675768907
752,752,1,0.506427417934812,0.5851611082362960,0.5555614359656420
753,753,0,0.00874016117769392,0.0229315268024753,1.93629705769516E-06
754,754,0,0.999999999751418,0.00683800907365959,2.4984992869322E-10
755,755,0,0.7595600691289060,0.608645324105478,0.9963043530093390
756,756,1,0.7828181748779640,0.7030710133453830,0.9914912331122110
757,757,0,0.043537675479381,0.10224971251327,0.000536859104546983
758,758,0,0.29828587643475300,0.28380129765483700,0.0909116096863191
759,759,1,0.942782543314251,0.947760018742331,0.9998404169683220
760,760,0,1.0,0.540414623016195,0.9999666573456220
761,761,1,0.443900881107545,0.443280327621058,0.631993615021826
762,762,1,0.780568729948592,0.8744869338709590,0.99694345619288
763,763,0,0.0302577781472335,0.0751015841191419,7.04852942171799E-06
764,764,1,1.0,0.8398850641879790,1.0
765,765,1,0.11818227549579900,0.452699173625371,3.64000965939422E-06
766,766,1,1.0,0.9996371087274780,1.0
767,767,0,0.0398869659737874,0.127096714910963,3.05605018226527E-06
768,768,0,0.014306641836766,0.0113460328088407,8.46976239709853E-06
769,769,1,0.27776064978415500,0.40660352680034300,0.00922843010351156
770,770,1,0.243127348301615,0.461433565922005,0.007898501271885090
771,771,1,0.8202863881118760,0.688280183769553,0.981130153761188
772,772,0,0.000818695388538666,0.00405733426126377,2.7043545904805E-10
773,773,1,0.8557095093382470,0.869923265062932,0.9982048448515020
774,774,1,0.9392852183718880,0.972192582651308,0.9999999991450710
775,775,0,0.168064957265588,0.20888189885687800,0.00037518603202276
776,776,1,0.9116988544115540,0.904874032566005,0.999679684271619
777,777,1,0.8112694125089130,0.744670569067328,0.984802757486308
778,778,1,0.175443966728653,0.41113458942323,6.44871281799828E-05
779,779,0,0.681729745356889,0.550174380140083,0.840053207165415
780,780,0,0.00373613389878972,0.0229673919152953,3.85546491292056E-09
781,781,1,0.6430670085108630,0.5420104480108990,0.00737405564233855
782,782,0,0.125269820747092,0.12959126702333200,0.0364792790889548
783,783,0,0.6748127309181500,0.603784667688821,0.987094616574423
784,784,0,0.037220129334045100,0.0241185602486456,1.74651429959161E-07
785,785,0,0.0343546374736842,0.0858276396161427,1.62461365645484E-06
786,786,0,0.009338913812331490,0.009866057489168510,3.8363684050338E-07
787,787,0,0.8178202570793310,0.5948611646251630,0.997671233409577
788,788,0,0.36763438745485700,0.405797065107887,0.0154978410978126
789,789,0,0.0170618193493826,0.0154359151327679,4.78835649129218E-06
790,790,0,0.0638667713344547,0.0535393949221998,9.3175833782327E-06
791,791,0,0.259653109603864,0.38324229203350300,0.0019557094063632700
792,792,0,0.9054732254647960,0.6032452690174830,0.9996288472731280
793,793,1,0.606122016954844,0.538204706440736,0.888479294302065
794,794,1,1.0,0.9982639755965020,1.0
795,795,0,1.0,0.131818179172373,0.86123642801238
796,796,0,0.549879980978884,0.6541066209768680,0.9314855902124090
797,797,0,0.8891065575813190,0.596649887241183,0.999834623084182
798,798,0,0.18267663380792100,0.37176252639857,0.349240057272908
799,799,1,1.0,0.814780128980491,0.9999999999995740
800,800,1,0.100311871361115,0.484563589397354,0.0069060227001487
801,801,1,0.601150938940803,0.4505660643660330,0.909575738263624
802,802,1,0.6087198239062910,0.549826567819176,0.8163805613829940
803,803,0,0.548880409192177,0.431010817245545,0.8714415573507220
804,804,0,0.0416146090103636,0.0994755073890178,3.63345030648892E-07
805,805,0,0.0453380473502912,0.11928478561737100,4.47026983854289E-05
806,806,0,0.0559063590107968,0.101681437799951,5.96205758414334E-05
807,807,1,0.23607880382451800,0.4206465632162270,0.0666841340379795
808,808,0,0.0906804612074323,0.24324709251338400,9.689355006564E-05
809,809,0,0.0254049499883402,0.0512942982693626,1.40073868802798E-07
810,810,0,0.0150092908028614,0.0229944690873496,8.6564431151562E-07
811,811,0,0.011736140216593,0.0457579895688528,5.29234962979918E-07
812,812,0,0.00654128584103705,0.0247421512152021,2.32277741152354E-08
813,813,0,0.008598687371080520,0.0280514224912791,3.02886241466306E-06
814,814,0,0.0016410333151077300,0.012091011593404,2.04609957547315E-08
815,815,1,1.0,0.985550356871536,1.0
816,816,0,0.0198781775431419,0.0173234994764964,2.81937377361728E-05
817,817,1,0.8284609004447360,0.931322145069294,0.998171229196784
818,818,0,0.689661490743107,0.543599044470484,0.914097682930229
819,819,0,0.0288024196555793,0.12046221221288300,7.09594645171402E-07
820,820,1,1.0,0.9576184117039710,1.0
821,821,0,0.000363218726636892,0.0017763557577563900,7.42882414074688E-12
822,822,1,0.574953340281173,0.44476482346014600,0.885683035332001
823,823,0,0.46891359322143600,0.3692297254741840,0.751521749310292
824,824,0,0.132605379070607,0.0927743903368824,0.000170941561941025
825,825,1,0.738900057591518,0.5513840470020280,0.969743470561756
826,826,0,0.679407734818037,0.750093112332734,0.8661179545452620
827,827,0,0.8029747435408800,0.831846181203966,0.8810418802963670
828,828,0,0.00416082397047282,0.00974096093149931,1.83006380004071E-07
829,829,0,0.0034288679270613800,0.0171276990481614,3.41199183588107E-09
830,830,1,0.546782624722655,0.505322950996619,0.8020797651360910
831,831,1,0.8369204688454010,0.86387141452032,0.989271697133505
832,832,0,0.150654543256104,0.132798205902157,0.003957403023324880
833,833,0,0.0737647050062689,0.0224824952749732,1.20399443826361E-05
834,834,0,0.230934483997274,0.38370885313766200,0.00176643094198893
835,835,1,0.542314211312479,0.671156039912426,0.24332157275586000
836,836,0,0.0185486993962126,0.043830934794755300,1.75996954472303E-06
837,837,0,0.0014917809400038800,0.00536551360427247,3.31976193371941E-10
838,838,0,0.02508733025664,0.0337741081204814,4.31806366554073E-07
839,839,0,0.5384733679394080,0.293284009017178,0.0184687932331782
840,840,0,0.109141910007707,0.149346577936063,3.60001749132313E-05
841,841,1,0.957835020225433,0.9760311429648,0.999999999999064
842,842,0,0.519186249609707,0.585626364293695,0.259321141446878
843,843,1,0.966774818435399,0.9859838426487280,0.999999999246178
844,844,0,0.14733884601594100,0.33916261680678700,0.00667330846414517
845,845,1,0.8908251103999260,0.9007929938762400,0.99748834259542
846,846,0,0.00176494626441484,0.0102035343032872,1.89834614865786E-09
847,847,1,0.90399767958049,0.92651492518481,0.9999468594147620
848,848,0,0.541587170639191,0.7518306958767400,0.984954493835365
849,849,1,1.0,0.9969759442939340,1.0
850,850,1,1.0,0.99770720917158,1.0
851,851,0,0.118372060285297,0.0871242537522474,0.00108277567643293
852,852,1,0.745928055612336,0.6746057845453630,0.968954980420852
853,853,0,0.0155722527943719,0.0234572600558784,5.03655350788574E-06
854,854,0,0.058146769929275,0.0873270499856776,5.75378605929484E-05
855,855,0,0.38022542811411700,0.324758523470197,0.661983371641005
856,856,1,0.9200532234416550,0.7481912369449950,0.999999847576427
857,857,0,0.0471567248068675,0.20233206321438500,0.20563972586322
858,858,0,0.00793372230525944,0.0340707084160479,8.56220850038258E-06
859,859,1,0.678689886025368,0.7852383956808930,0.992905887246736
860,860,0,0.7600238617151230,0.519867936138701,0.999419145651092
861,861,0,0.00348304980077866,0.0368091577564337,1.19162287960152E-07
862,862,0,0.0023542318255357,0.0178821219788877,7.02546524242573E-10
863,863,1,1.0,0.585094705518486,0.999988804360047
864,864,0,0.14085454270609,0.19073383356536100,0.000470490365774403
865,865,0,0.00142342924476094,0.00696006376605116,2.82583043191585E-08
866,866,1,0.9367090810691890,0.921582237053448,0.999965204897241
867,867,1,0.940989872141319,0.95635131349798,0.9999999999957190
868,868,0,0.024315612476726000,0.0411314087241547,0.000315727363717505
869,869,1,0.709187699909922,0.545550194427924,0.962538673946721
870,870,1,0.9014687357559700,0.9081547191191550,0.9999675267506220
871,871,1,0.49849149560635,0.733329064387486,0.7699698487484480
872,872,0,0.0161770472510184,0.0237195057412323,1.09647939410265E-06
873,873,1,0.881389316252134,0.8667466563943230,0.998541853311367
874,874,0,0.15500252813879900,0.15832406583433100,0.0020851904395442900
875,875,0,0.0372012916968214,0.0559082269766034,4.68211456980547E-06
876,876,1,0.532114148084634,0.465476674522812,0.377751349690535
877,877,1,0.54239755209701,0.432875504218059,0.727908540514127
878,878,0,0.00402550042147259,0.0104264935029487,4.14345223784491E-08
879,879,0,0.17406202839526800,0.245361033691605,0.053512487233992900
880,880,0,0.301969966820218,0.5510540147074910,0.0893038136098472
881,881,0,0.544876677799651,0.38419796584216,0.250058014043464
882,882,0,0.282306025222269,0.231289964588851,0.00569182714176485
883,883,0,0.267198183415985,0.37754770156052000,0.0161113757590127
884,884,0,0.116545472142011,0.0794989962595553,0.000459352678583138
885,885,0,0.0102723085907945,0.0435755484702797,6.47135530719245E-08
886,886,0,0.0171649663423987,0.0382175648809898,1.48229605766807E-08
887,887,1,0.9339107644068790,0.983829666910495,0.999999998655554
888,888,0,0.0389682607901178,0.0662145349792333,1.34356578294133E-06
889,889,0,0.0161503960911639,0.0186723137507472,3.0979798454028E-05
890,890,0,0.6871888450417220,0.545245466662322,0.954661435449568
891,891,1,0.7026324863594470,0.650593779567508,0.0542376564712348
892,892,0,0.00608540727020052,0.0263196291216392,3.66989109495575E-08
893,893,0,0.0257792280499341,0.10266513047847700,1.20799901784261E-06
894,894,1,0.58844087280275,0.563952822584278,0.148838941736954
895,895,0,0.0155596784918881,0.024005440130131000,1.99288288827519E-06
896,896,1,1.0,0.9652651178096060,1.0
897,897,0,0.114754138414151,0.10074149043089400,0.00011135557194521100
898,898,0,0.642792046975777,0.464692008272539,0.9003278124768490
899,899,0,0.367176464998885,0.348183587153899,0.8920525927705190
900,900,0,0.249703170795843,0.0478164401369306,0.0299098661603784
901,901,0,0.0198129824108543,0.0492727415006293,2.67144325905388E-06
902,902,0,0.0837690657037187,0.125444874850012,2.11876535471758E-06
903,903,0,0.00061059854821872,0.0039030755657241300,6.36571224487225E-10
904,904,0,0.0268313867643808,0.0259476877917932,1.733946899025E-05
905,905,0,1.0,0.400022698499073,0.00106561236502656
906,906,0,0.0411830746838204,0.102577275163992,5.22041144500772E-06
907,907,1,0.554170104334109,0.43205940314860300,0.847385845523141
908,908,0,0.047101946895097500,0.056161294429677300,8.38289529141408E-07
909,909,0,0.10490781478296,0.163122064692146,0.000897624633315359
910,910,0,0.0335359942397393,0.0725836537576931,2.36406006862583E-07
911,911,1,1.0,0.998447988362212,1.0
912,912,1,0.68416374894348,0.683153585459418,0.453664376254124
913,913,1,0.890075206738812,0.920364272584645,0.80116640778318
914,914,0,0.25973738797592600,0.325653685711706,0.281309546519293
915,915,1,0.8624148870667470,0.8734050568882010,0.992324631142424
916,916,0,0.192573280094508,0.272774027644962,0.027544250069125
917,917,1,0.8445036368580020,0.7137908827974550,0.980273377614595
918,918,0,0.00831688836573252,0.027639069914608000,5.1769160537806E-08
919,919,0,1.0,0.0584536293976251,0.000835631045456745
920,920,0,0.014669813373526000,0.021580687475912,9.24434408303379E-07
921,921,0,0.0644237535653228,0.0534267669939926,0.000258238392327792
922,922,0,0.0113778093288045,0.039574503246379100,2.46226567534058E-08
923,923,0,0.558779889384191,0.5360689033179820,0.931600530725496
924,924,0,0.762715883262019,0.511947057685587,0.9999984495410260
925,925,0,0.238963272947742,0.35753436446733700,0.0136988881447758
926,926,1,0.52910498463241,0.46686949093253,0.7589890033040700
927,927,1,0.38720479976128900,0.342327925235281,0.0826758155937241
928,928,0,0.00586513106396559,0.0156764748524472,5.32896640369646E-09
929,929,0,0.00944906357796659,0.0144790633179256,9.75264806770377E-08
930,930,1,0.603536760681634,0.48077398400286200,0.8939675211750690
931,931,0,0.323410604191612,0.32661839740484000,0.0877257034863169
932,932,0,0.19643680005543400,0.217118121169795,0.0022518599680895
933,933,1,1.0,0.836892404819746,0.999999999999965
934,934,1,0.832108708425466,0.91604254189712,0.9993042847465540
935,935,0,0.041319166474085300,0.0477428062456584,7.84907395665867E-06
936,936,1,1.0,0.490507340290484,1.0
937,937,1,1.0,0.977690713347499,1.0
938,938,0,0.18952418267920700,0.29803770950735300,0.35436607666965200
939,939,0,0.0507135526180426,0.0441433923082266,4.17658525249452E-06
940,940,0,0.7823588616349470,0.798907638906057,0.9999995417575640
941,941,0,0.266957306902157,0.262619702344587,0.0916859641904945
942,942,1,0.643971023930829,0.627858064497203,0.8447570763647490
943,943,0,0.00329724941713032,0.0180696986062108,1.11128113027004E-09
944,944,1,0.7490357163226440,0.7788005808594460,0.9889094595006550
945,945,1,0.578190313970046,0.725828058674833,0.9794610355089610
946,946,0,0.0332433418130484,0.0818750016044138,4.91725576941048E-06
947,947,0,0.0133709069689083,0.0273848579130434,3.26623847279154E-08
948,948,0,0.0244433592322103,0.0293612829369314,1.35726606356325E-06
949,949,0,0.00596431468955594,0.0233422068617286,3.20335103468916E-08
950,950,0,1.0,0.0926166939244557,0.020741221180199
951,951,1,1.0,0.7257408834478870,0.999999999999849
952,952,0,0.6439626429762470,0.640137412094343,0.747520405102298
953,953,0,0.009474225657418970,0.0159523980302528,1.23400113628732E-07
954,954,0,0.102315590212953,0.0770570038647529,0.00041756290214312000
955,955,1,0.8183461333307510,0.727892496173751,0.976431125849563
956,956,1,0.8728046574076810,0.735285361609918,0.9990929203162260
957,957,0,0.0464259507363053,0.10549888353125400,1.46628355303716E-05
958,958,0,0.442847159257562,0.43703860698318900,0.254345867115141
959,959,0,0.6967248098395520,0.5752641460411680,0.163846865037137
960,960,0,0.157548102840621,0.18973410198847900,6.77795573177688E-05
961,961,0,0.0138267566778437,0.0352875305863409,5.3724189556774E-07
962,962,1,0.756960433213768,0.76670915200408,0.9961029756622010
963,963,1,0.610746335007824,0.8710047109572430,0.9959635187366810
964,964,0,0.28197101330361900,0.306680165588877,0.20610971247000800
965,965,0,0.31983583940879300,0.302873978020349,0.445949888642805
966,966,1,0.35438337277293300,0.310917796479675,0.544451356110781
967,967,0,0.5305759690852930,0.411280837521519,0.799775434823845
968,968,0,1.0,0.696533786618927,0.999158020703745
969,969,0,0.22399260293510400,0.274242278412875,0.0101337280199437
970,970,0,0.0102522413115286,0.0370271629749445,1.1705997035998E-07
971,971,1,0.926976378801617,0.930572071341525,0.999999990957157
972,972,1,1.0,0.8468799235741440,1.0
973,973,0,0.0350071537626636,0.0738897036719853,1.27589663415751E-07
974,974,1,1.0,0.997271478353625,1.0
975,975,1,0.825899463862333,0.7942845908042730,0.999999757530092
976,976,1,0.8918352008941630,0.883876968497341,0.9970867451053580
977,977,1,0.789091889016525,0.678615481182164,0.983459409208785
978,978,0,0.0029802033570649800,0.0184514775707932,3.40767035345886E-10
979,979,1,0.840939607211103,0.8535589946295140,0.999708323132895
980,980,1,0.551392521645151,0.6412211356606650,0.9100859373424020
981,981,1,0.87290531778375,0.73751704554366,0.9990891425137330
982,982,1,1.0,0.9410439898117010,1.0
983,983,1,0.795493603720731,0.7732012616802060,0.9999954020693140
984,984,0,0.015104027602195,0.0557163439444953,1.34220068633604E-06
985,985,0,0.0109061450899754,0.0282214133274822,1.45726538286454E-07
986,986,0,0.5967185405805170,0.692372494969673,0.945044659825501
987,987,1,0.591193731782402,0.303195799305635,0.999166268554117
988,988,1,0.7119459889690580,0.529626665504054,0.992190126089064
989,989,1,0.804068774162067,0.8121487031382390,0.9911810388411020
990,990,1,0.84345777237387,0.7369503471346330,0.998507157318779
991,991,0,0.6165605625287690,0.562746808724567,0.9999529897799600
992,992,1,0.4318008708975910,0.353309499687486,0.761633261436162
993,993,0,0.36821630346788300,0.312565525376239,0.562843423844523
994,994,1,0.5005925019987290,0.8127501420444300,0.998275301747068
995,995,0,0.0850888811957721,0.18141703607522400,9.34699186521843E-05
996,996,0,1.0,0.590714116702458,0.9322693012408140
997,997,0,0.0413431720623177,0.166677242492199,4.03214948825718E-05
998,998,1,0.644274043388039,0.511065795836047,0.889947130605749
999,999,0,0.17173732767183600,0.21568931799364100,0.000458901440920287
1000,1000,0,0.41705458586383600,0.530256922897889,0.966243599938524
1001,1001,0,0.0388607790573464,0.15207315443832,2.26922947559127E-05
1002,1002,0,0.739196760503718,0.7487714096473960,0.9960147426248760
1003,1003,0,0.0306727408783231,0.0334330347976904,3.20402421544747E-05
1004,1004,0,0.345563429327152,0.43520817038997000,0.157735081255889
1005,1005,1,1.0,0.689942847024364,1.0
1006,1006,1,0.9515112097666560,0.962121545441898,0.9999999990688070
1007,1007,1,1.0,0.915598976706375,1.0
1008,1008,1,0.822034925270163,0.7508884098790890,0.9964479649639110
1009,1009,0,0.00213142818654232,0.00897460840770758,4.31102292937593E-10
1010,1010,1,0.24182112871037200,0.19900831404072300,0.0075242579699305100
1011,1011,1,0.868340855594693,0.9390374701333680,0.9998706202259900
1012,1012,0,1.0,0.57740047515883,0.999999998259749
1013,1013,1,0.8241853318188510,0.8242660021135460,0.990437315954288
1014,1014,0,0.0976215380147996,0.105781013554803,0.00105867460396839
1015,1015,0,0.728710630416132,0.6139054535218770,0.982543951183218
1016,1016,1,1.0,0.9981743455995550,1.0
1017,1017,0,0.513815606017108,0.606154548934481,0.9295265472041550
1018,1018,0,0.0114919604190354,0.0496652045772682,6.89893436754438E-08
1019,1019,1,0.847437054746569,0.8392523824712910,0.9993871908596870
1020,1020,0,0.35200389071450900,0.404366265468266,0.7009962854907850
1021,1021,1,0.480739353355018,0.40815843745935900,0.369404135767144
1022,1022,1,0.786443011862536,0.6129246154010590,0.9765363886711810
1023,1023,0,0.590184975571478,0.63051014156128,0.9902717745681170
1024,1024,0,0.140762076719266,0.24611661102351600,0.5328010000987720
1025,1025,0,0.10438795099369800,0.091177220604315,0.000307661499278781
1026,1026,0,0.0628861849895593,0.0713770171629772,5.38766148342029E-07
1027,1027,1,1.0,0.967912377565226,1.0
1028,1028,0,0.0254422996465568,0.0638430807997695,6.21377538710329E-06
1029,1029,0,0.0479958578615796,0.15767834270107500,0.00264305563402518
1030,1030,0,0.00341532096578822,0.0123683667241063,5.51081976021837E-10
1031,1031,1,0.914317998533396,0.905592526668548,0.99972253027714
1032,1032,1,0.869294598271991,0.8389691681593240,0.997797865436732
1033,1033,0,0.00279425911983215,0.022227335512136,3.7248701406865E-09
1034,1034,0,0.0389713412717553,0.0300503637148404,4.78669559615861E-05
1035,1035,1,0.736564889876932,0.62576701689765,0.0281955225941597
1036,1036,1,0.846980394898919,0.7590000626850910,0.947857212870091
1037,1037,1,0.7868045731689300,0.8359827424474640,0.9982557288135870
1038,1038,0,0.009849620564612160,0.029511391934879,3.19431310524208E-08
1039,1039,1,1.0,0.993542878436792,1.0
1040,1040,0,0.051657430708597500,0.0441857857514796,7.53968330485834E-05
1041,1041,0,0.00897081677964535,0.0177744985009588,8.5532594343966E-08
1042,1042,0,0.00352884912696786,0.009026936965275,1.15542231494765E-08
1043,1043,0,0.0415459296182524,0.0430271376332397,7.76079287763815E-06
1044,1044,0,0.730152649570192,0.637040656958403,0.928326493546165
1045,1045,1,1.0,0.962923746557174,1.0
1046,1046,1,0.799164608983242,0.648938311696811,0.8609731388712730
1047,1047,1,0.8824057157560170,0.8441903043078120,0.9997520925263880
1048,1048,0,0.18953445388377900,0.212750788337388,0.10682594689351800
1049,1049,0,0.0700630413516131,0.275189128918605,7.75395498558754E-05
1050,1050,0,0.577072071063261,0.553742158065436,0.956471581592506
1051,1051,0,0.00467969766932445,0.0174896084794275,2.63171597428634E-08
1052,1052,0,0.0561906193840451,0.0791957187679858,1.49754436487428E-06
1053,1053,1,0.41300168785163,0.32745897969761900,0.0831735376214995
1054,1054,1,0.5616022092348160,0.6435162013432450,0.15714517974317900
1055,1055,1,1.0,0.921417371501749,0.999999868169316
1056,1056,0,0.595916552622048,0.5855651031826860,0.49967167151021
1057,1057,0,0.638755915656093,0.7454046449103040,0.9718266423588350
1058,1058,0,0.128326215247497,0.10083475684972200,1.72278581292554E-05
1059,1059,0,0.436683677404811,0.340471998714576,0.7448757699018490
1060,1060,0,1.0,0.29333332214623,0.40514361721274600
1061,1061,1,1.0,0.986372700163613,1.0
1062,1062,0,1.0,0.689685481729276,0.6863307253984600
1063,1063,1,0.517273213470443,0.48721263654110500,0.850018356806975
1064,1064,1,0.724682793783498,0.5837711674793770,0.760807279900681
1065,1065,0,0.0160881289405547,0.0452479131799089,9.20644228998386E-07
1066,1066,1,0.6937522859928820,0.5129757888063620,0.95699464605274
1067,1067,1,0.785724907574624,0.7397842037752480,0.9927143054922450
1068,1068,1,0.17242978374557900,0.159897529718579,2.95861198063549E-06
1069,1069,1,0.570893144479776,0.450180121497689,0.8073643432111940
1070,1070,0,0.0009645574965534620,0.00719450302031502,1.99383437639955E-09
1071,1071,1,0.371294006769543,0.6486261201164310,0.9249062079060890
1072,1072,1,1.0,0.8742183632937930,1.0
1073,1073,1,0.5679957266740130,0.39954819445491100,0.7565374730421280
1074,1074,1,0.737202880963229,0.533393958838971,0.9638486203642360
1075,1075,1,0.633290235493693,0.3983001870967,0.999948208149827
1076,1076,0,0.0556062484940644,0.291525986727552,5.3383368559611E-07
1077,1077,0,0.0661207747216314,0.0699321481177236,0.000191128215600043
1078,1078,1,1.0,0.847303440563318,1.0
1079,1079,1,1.0,0.998839865991432,1.0
1080,1080,1,0.525917741485978,0.551013284603832,0.124683019848073
1081,1081,0,0.0223896437682505,0.0500639548487464,3.98378736315303E-08
1082,1082,1,0.8899481266894260,0.8945594606734610,0.999678607664976
1083,1083,1,0.18455789427301,0.311725594742253,0.0113106304527295
1084,1084,0,0.039515075488943,0.025825773743866000,4.35608389134887E-06
1085,1085,1,0.7979765555893650,0.644133774521655,0.9977241890729260
1086,1086,0,0.273183496986658,0.432174361497481,0.445501301882549
1087,1087,1,1.0,0.790399560765015,0.9999999999999950
1088,1088,1,0.614850723924461,0.872326531585578,0.29451910245916200
1089,1089,0,0.0217413795146592,0.10159449953310300,9.35405261716385E-07
1090,1090,1,0.7108977954029,0.597147175794706,0.264565882965154
1091,1091,1,0.852108109943379,0.813734214864129,0.9999983940224640
1092,1092,1,0.905868176782202,0.928596595507741,0.999781599027877
1093,1093,0,0.00249698320628103,0.00932403336728573,4.33165586454485E-08
1094,1094,0,0.138434227969674,0.20477397136447200,0.000713258208391171
1095,1095,0,0.00896495254383391,0.024759707804855,1.18979532473286E-08
1096,1096,1,0.381931229331031,0.45851528950294400,0.009959491310882290
1097,1097,0,0.00715849028337522,0.017797866413619,2.99935565505426E-07
1098,1098,0,0.0097379221403415,0.0338605098959338,7.55040732645619E-08
1099,1099,0,0.199180061007196,0.515358621554751,0.9671432382239590
1100,1100,0,0.338243230650286,0.30220861194901,0.23566781368454800
1101,1101,1,0.8837190128948720,0.889770170757113,0.9999995785931990
1102,1102,1,0.801297114512386,0.7885891702271430,0.9589283741616630
1103,1103,1,1.0,0.963959508297138,1.0
1104,1104,1,1.0,0.8891866606813560,1.0
1105,1105,1,1.0,0.965606615427635,1.0
1106,1106,0,0.0881556494239178,0.134901429029292,7.05781508413738E-07
1107,1107,0,0.007782656467209090,0.010819210663859000,2.10449875579867E-08
1108,1108,0,0.421752357601697,0.33992617702326400,0.706428586247004
1109,1109,0,0.8337559807116130,0.8221654099953310,0.9943454206135180
1110,1110,0,0.0135114878944261,0.0217883144630928,1.19642843341635E-06
1111,1111,1,0.663014079929248,0.7155262138719010,0.97631396224047
1112,1112,1,0.7255334155057760,0.719751198049367,0.99954073315022
1113,1113,1,0.858742735503836,0.8800049481580740,0.9781990973558300
1114,1114,0,0.00722847706109733,0.0154687047070714,1.74286588715043E-07
1115,1115,0,0.0646447159744967,0.0825615593942566,0.000180274744378403
1116,1116,0,0.9999999999717360,0.05090420108078550,3.13662125127659E-05
1117,1117,0,0.145029073828506,0.197860194749094,0.00169314361653645
1118,1118,0,1.0,0.522192777661725,0.999957372693631
1119,1119,1,0.7721081097597370,0.849616623230771,0.997682782296632
1120,1120,0,0.0660765590431659,0.15359781933047600,1.2766006301735E-05
1121,1121,0,0.16312239702234600,0.102761326377947,0.00035167302803132200
1122,1122,0,0.5076098838950330,0.5994064533399660,0.9872864266163060
1123,1123,1,0.74901857681282,0.744155487021088,0.917131778003241
1124,1124,1,0.8628551905333580,0.8624699308004750,0.9980026155172680
1125,1125,1,0.46251316289581600,0.49670370627332,0.29977149682037400
1126,1126,1,0.15217155194189800,0.46802697346684,0.000633559235873978
1127,1127,1,1.0,0.998341347059923,1.0
1128,1128,1,0.371762933812732,0.34626824586060400,0.0113670495166557
1129,1129,1,0.4040497810700460,0.31738914373925800,0.0456910854000306
1130,1130,0,0.00828330241373105,0.0180978132444197,9.81390702297375E-07
1131,1131,0,0.35992290843192200,0.457974624059464,0.5355015388365980
1132,1132,0,0.14437325440783400,0.0661432625152219,3.6096860954505E-07
1133,1133,0,0.00368194835777226,0.00986345488643287,7.23391837752666E-09
1134,1134,0,0.0447768421556764,0.0741087714437842,0.000345141643041581
1135,1135,0,0.008326667986428030,0.0118641093169083,6.71551258647072E-06
1136,1136,0,0.384541472339139,0.316434657553931,0.69695636803064
1137,1137,0,0.23895060267888000,0.19365242087688400,0.0030105598138866900
1138,1138,1,0.905276690324177,0.9173851748876680,0.9988510182843100
1139,1139,1,0.279502707836549,0.292564545922325,0.00141298987971406
1140,1140,1,0.6370252544171890,0.5277057076731110,0.5930754618730020
1141,1141,1,0.9193268465913390,0.9111745363393740,0.9997550550278670
1142,1142,1,0.527652567989375,0.5107755107713770,0.8605170729588540
1143,1143,0,0.42262342612126500,0.37184219491830400,0.000288375893416846
1144,1144,1,0.85910187439087,0.795859129904654,0.9999999700395310
1145,1145,0,0.863267600343192,0.5615153585184550,0.998434602035338
1146,1146,0,0.00283752952127255,0.0142500925785611,2.0752934449756E-07
1147,1147,0,0.0542587680237435,0.091072316657774,1.60410639294018E-05
1148,1148,0,0.650289812139451,0.617500135026472,0.9975820089762
1149,1149,0,0.0132227698864462,0.0202816703192325,3.78871185343786E-08
1150,1150,0,0.03998487989965110,0.0782405126600156,6.8107485495075E-05
1151,1151,0,0.113319805125003,0.21905184649656,0.000211561794582656
1152,1152,1,1.0,0.6318458006167810,0.999993378805557
1153,1153,0,0.106455358227732,0.21638557995201500,2.40635964779827E-05
1154,1154,1,0.6767282422996790,0.602521553784683,0.999787333341758
1155,1155,0,0.0602764107988597,0.0727854482032438,0.000539617989874587
1156,1156,0,1.0,0.0864363480984996,0.8828021737435170
1157,1157,0,0.00345231837882691,0.0035523046726755200,3.01210604504899E-07
1158,1158,0,0.15942277053243700,0.150898985438951,0.000217061060627355
1159,1159,1,1.0,0.9990247618675940,1.0
1160,1160,1,0.9191607222458940,0.9344594591775270,0.999237590372495
1161,1161,0,0.0309765741251324,0.300095039157185,3.9376172807836E-05
1162,1162,1,0.883887380746802,0.7413078327852570,0.9986493697796390
1163,1163,1,0.527082376163719,0.443834545157574,0.5333874144841460
1164,1164,0,0.7959790694508880,0.8468738107738310,0.99627267084416
1165,1165,0,0.0033182530638994400,0.00671354459147936,5.81733759059865E-09
1166,1166,0,0.11436766628219300,0.13157144444852,2.90871485114837E-05
1167,1167,1,0.824949809905857,0.8368398431757940,0.999005970678168
1168,1168,1,1.0,0.99799132601089,1.0
1169,1169,0,0.00556835514521106,0.0264566075354886,1.79202670794296E-08
1170,1170,1,1.0,0.998666145854345,1.0
1171,1171,1,0.5451718466499910,0.48313117174949300,0.687642657759601
1172,1172,0,0.0114763292101759,0.0246110284988208,1.98790928944045E-07
1173,1173,0,0.0296620550407046,0.0520830244323303,6.42486959220405E-06
1174,1174,0,0.54431750651799,0.48235026832713,0.6717117029214820
1175,1175,1,0.561226831714849,0.444201798031364,0.754641734174749
1176,1176,1,1.0,0.998229423007011,1.0
1177,1177,0,1.0,0.40751866614744700,0.644312078124659
1178,1178,0,0.457947437620989,0.373202855589512,0.632569444072387
1179,1179,1,0.9692931332614590,0.9838981223348650,0.99999999856626
1180,1180,0,0.177450189475343,0.24268545435897400,0.00381064664494548
1181,1181,0,0.0686774753694484,0.0603095932872613,7.04715212459659E-05
1182,1182,0,0.0383351313380418,0.0358157413279716,0.00040594482389486700
1183,1183,0,0.11851828809837800,0.0873119340433172,0.00144025744838689
1184,1184,0,0.00123981742750378,0.00865996053828215,9.53018122529256E-09
1185,1185,0,0.474907840933944,0.5021232286058430,0.1051172269973
1186,1186,0,0.201281812857164,0.394935884792619,0.000210857424145994
1187,1187,1,0.7327441574110940,0.754400435019861,0.43312394141652200
1188,1188,1,0.895861598059369,0.8138328778310000,0.9999999797302910
1189,1189,0,0.00177679868296379,0.0169434270803756,2.25814813850424E-09
1190,1190,0,0.0129494413136145,0.0472759737250201,5.84249645321112E-07
1191,1191,1,0.611356812304244,0.43202033727256900,0.8730051460125580
1192,1192,1,0.813215110840204,0.6716644771029120,0.95028771003971
1193,1193,0,0.0108643415962082,0.02506130016563,3.00199091719448E-07
1194,1194,0,0.0079558096674322,0.0601779799281987,4.34397083312644E-10
1195,1195,0,0.008949868773354020,0.0701466585009204,4.86979247332586E-07
1196,1196,1,0.371481195628854,0.34010060781955700,0.356563221698254
1197,1197,0,0.0238657714348032,0.0960041175133136,0.00031698719895410600
1198,1198,1,1.0,0.986604359458327,1.0
1199,1199,0,0.0204976232127721,0.0449058493141478,1.044107413772E-06
1200,1200,1,1.0,0.9823682948871810,1.0
1201,1201,1,1.0,0.984647960352405,1.0
1202,1202,0,0.0549079051729269,0.0848831722347896,7.57198187017583E-06
1203,1203,0,0.0187728327194466,0.0304270094932191,3.7321175176504E-06
1204,1204,0,0.100713977644506,0.0678435184114056,3.42516078418312E-05
1205,1205,1,0.61037191781337,0.485138420352846,0.00497362594643029
1206,1206,0,0.711577427611073,0.6565479858612010,0.9900210398270020
1207,1207,0,0.0630660221291522,0.10420807557688,4.95847020974804E-05
1208,1208,0,0.0012701534331763,0.0102219115861681,1.94486899386654E-11
1209,1209,0,1.0,0.061477231058789000,0.9083741802903480
1210,1210,1,0.822253893682537,0.7742491839943500,0.99999975685574
1211,1211,1,0.925199199050589,0.956936353486183,0.999999984055752
1212,1212,0,0.00368737022503855,0.005299371950604420,2.90175071778084E-07
1213,1213,1,0.5085812812353420,0.5162205835273810,0.21027263011536200
1214,1214,0,0.0329520198948596,0.0424734733398266,4.42137098479259E-07
1215,1215,0,0.00171890277642553,0.0106223634522648,3.09493844230052E-09
1216,1216,1,0.655998317214914,0.5012353558156410,0.7825342470751300
1217,1217,0,0.609403047921395,0.29243320870987700,0.9625001039703060
1218,1218,0,0.0127067501114124,0.037937300723202300,1.44332076970671E-07
1219,1219,0,0.47161648660804300,0.512218292505742,0.888959703608501
1220,1220,0,0.17062355468925400,0.20668691433252100,0.00374736374427847
1221,1221,0,0.238808564643102,0.42388975000782800,0.0047258330739085
1222,1222,0,0.15216846649972600,0.301343028111969,0.35616295119575500
1223,1223,0,1.0,0.21255527478921700,0.77344207180476
1224,1224,1,0.866187007189613,0.870153955226683,0.999390956277208
1225,1225,0,0.0200797301974579,0.044107951895415900,5.61350729223203E-06
1226,1226,1,0.717839929772653,0.685541219743558,0.980098156142134
1227,1227,1,0.265399118336482,0.276879249713359,0.776228589958383
1228,1228,0,0.0736758506339856,0.22116872191941,6.36678560124293E-05
1229,1229,0,0.601100799795241,0.51146794020426,0.5728153028366690
1230,1230,1,1.0,0.9993290659774860,1.0
1231,1231,1,0.151762549485579,0.27111310201977900,0.0010447232484440300
1232,1232,0,0.0120348908372241,0.036707628540929,7.98164361295293E-06
1233,1233,0,0.6022986740504030,0.490318284410661,0.7126303366443920
1234,1234,1,1.0,0.999193229385598,1.0
1235,1235,0,0.184634958466788,0.182054987707165,0.11695024649829700
1236,1236,0,0.17297818222456100,0.112927618545281,0.00131856977590954
1237,1237,1,0.10414565079645000,0.479915154285879,0.00163272250945336
1238,1238,1,0.24837287101271100,0.24280832303820600,0.0144734989564736
1239,1239,0,0.0253358196848329,0.0617856076590529,3.53589412176242E-06
1240,1240,1,0.3640164281551840,0.253372650930238,0.00670007168822297
1241,1241,0,0.4504534092121,0.3748468240177130,0.75345888310426
1242,1242,0,0.505408286641314,0.45207978232407500,0.519697154102936
1243,1243,0,0.0261803560890001,0.0803492027600654,9.6898214209008E-06
1244,1244,0,0.205945292821078,0.11613417602052800,0.000693390803104617
1245,1245,0,0.268135268792475,0.34692446372268400,0.18321143909177200
1246,1246,0,0.0144286672726807,0.0221320839186418,2.03388626152862E-07
1247,1247,1,0.5774218408108990,0.553660386117289,0.0711666739774339
1248,1248,1,1.0,0.72810182981845,0.9999999997915
1249,1249,1,0.558263660777872,0.680363399769981,0.0208663280047352
1250,1250,0,0.5951398827105020,0.47476101994369300,0.79275962403017
1251,1251,0,0.8197762564782520,0.5907563096803300,0.993680472831648
1252,1252,0,0.588949757545838,0.45882603025688300,0.689529653451979
1253,1253,1,0.8329698708107970,0.863272600095569,0.9690916038555420
1254,1254,0,0.0140116925046109,0.0357206383076269,5.58948766674734E-07
1255,1255,1,0.8405920563627300,0.877604832228861,0.9993268332854500
1256,1256,1,1.0,0.9533759917319490,1.0
1257,1257,1,1.0,0.962686327864937,1.0
1258,1258,0,0.405488961333834,0.547198205561828,0.0329837173905739
1259,1259,0,0.478163896357945,0.600930387115125,0.607438923995804
1260,1260,0,0.45116623749241100,0.481714234107128,0.8449850020211990
1261,1261,1,0.5151960391179950,0.522535237038906,0.9058660003125290
1262,1262,0,0.00782216368425023,0.0182048621170756,2.00131416005767E-08
1263,1263,1,0.0168649876556761,0.421227975869285,1.33981293523286E-05
1264,1264,0,0.37977799478116900,0.30551974898401200,0.000729478732725893
1265,1265,1,0.894312298548229,0.902251557553616,0.999298344390414
1266,1266,1,0.8401104827597060,0.895593302089179,0.999830638975698
1267,1267,1,1.0,0.9179219071264980,1.0
1268,1268,0,0.40662601861030800,0.39041843922120700,0.0649908887927442
1269,1269,0,0.121566143759619,0.130536380108426,0.0003670877727546740
1270,1270,1,0.640913991786236,0.5683598141352170,0.9999859741660580
1271,1271,1,0.931034368656394,0.931702293895473,0.999991980727396
1272,1272,0,0.00905089295706776,0.0298511389627005,5.53060648936674E-08
1273,1273,0,0.6346556711893310,0.700758645816187,0.947746064901187
1274,1274,0,0.0353168482904005,0.036895103069693,3.70426161621633E-06
1275,1275,0,0.29255258878893100,0.0489750538108132,0.017071009410342000
1276,1276,0,0.177674855390263,0.14597893612759800,0.15769726086942100
1277,1277,1,0.650480514072697,0.7317290645899060,0.131913167161677
1278,1278,0,0.617289827432693,0.488727339457375,0.735029431851768
1279,1279,0,0.0699234017397623,0.0730471529227952,1.00424989768272E-05
1280,1280,1,1.0,0.999999999999997,1.0
1281,1281,0,0.0562583857393384,0.0343135544606359,6.59943331120637E-05
1282,1282,0,0.006120935171163620,0.0196637685501848,4.03666420510763E-07
1283,1283,1,0.7964969892129000,0.876201354608515,0.998594501019879
1284,1284,0,0.4018646495666480,0.36401827533930700,0.38061223304768700
1285,1285,1,0.698575128443721,0.7230355385103610,0.36775815833600100
1286,1286,0,0.247996335956715,0.22664252201332600,0.198382919300147
1287,1287,1,1.0,0.900503396877167,1.0
1288,1288,1,0.023903733824523,0.0224282395292558,2.57258955531095E-05
1289,1289,0,0.0819037262419151,0.497482809654957,0.00011107509310093600
1290,1290,0,0.0279446647591286,0.435864035775151,2.73383153010295E-07
1291,1291,0,0.355580761097794,0.6459648253897660,0.0113521657736314
1292,1292,1,1.0,0.9380860977275510,1.0
1293,1293,1,0.757025500204782,0.705292637708214,0.974128248588236
1294,1294,1,0.21678903512817100,0.11706464335545700,0.000430366344902048
1295,1295,0,0.147973398949346,0.228905775740055,0.00024234601233091300
1296,1296,0,0.037015952142315000,0.0612117720226652,1.40974789360488E-06
1297,1297,0,0.0010305468439440700,0.00682997586316715,1.6138017591763E-10
1298,1298,0,0.0518922461416038,0.0434773446288768,3.455126551389E-06
1299,1299,0,0.00545599138094371,0.0171866909198623,8.7441961584558E-08
1300,1300,1,0.7301103895415650,0.576261558094425,0.9561784347540500
1301,1301,1,0.9636357957968480,0.9799073033278140,0.999999999999851
1302,1302,0,1.0,0.533608502159571,0.999999999999778
1303,1303,1,1.0,0.9999999999999710,1.0
1304,1304,1,0.812659071287917,0.789311913405498,0.995946142779772
1305,1305,1,0.8662556584568240,0.849264389123864,0.999889077980787
1306,1306,0,0.009211833261653990,0.0183620423996058,3.27688603775753E-08
1307,1307,1,0.6202740754254140,0.550261862570673,0.860216919086592
1308,1308,0,0.0717256710968524,0.0503812574832473,0.000327347649247156
1309,1309,0,0.274200816013141,0.335699684048765,0.0048933743410547300
1310,1310,0,0.0155346669581683,0.0167691728120114,8.07364008270148E-06
1311,1311,0,0.0136181053086184,0.0560133215567417,3.41488143833822E-07
1312,1312,0,0.815600074606812,0.515148829584378,0.9978118346072630
1313,1313,0,0.09847310456495800,0.35587970835604,4.29168268900596E-08
1314,1314,1,0.33210295537225,0.48814096839368600,0.704809888526299
1315,1315,1,0.6484646912176430,0.628624873854691,0.9893761042535170
1316,1316,1,0.855067785198552,0.8433849434781640,0.9975988278165730
1317,1317,0,0.0357185536063921,0.0703634333184036,1.03018332094244E-06
1318,1318,0,0.22416829734529500,0.25426271240686600,0.0303692241631075
1319,1319,1,0.6215318128295580,0.66020850717547,0.975817793927366
1320,1320,1,1.0,0.8181390127577210,0.999999999999702
1321,1321,0,0.387795047504294,0.277135195700606,0.0394942545058261
1322,1322,1,0.804641243651996,0.7479376961639830,0.9947365411094980
1323,1323,0,0.00848515607238277,0.0229058569293785,1.32356988491856E-07
1324,1324,1,1.0,0.9999999999999690,1.0
1325,1325,0,0.0255900546636522,0.091268233701098,3.93154334712293E-06
1326,1326,0,0.6575285702290330,0.80109447746869,0.993377154969604
1327,1327,0,0.262545443521577,0.210407342692437,0.12573568174303100
1328,1328,1,1.0,0.8258097629956170,1.0
1329,1329,1,0.827360698492082,0.819128298104783,0.993649336998302
1330,1330,0,0.0100718079605426,0.0290588971680721,1.61698418206147E-07
1331,1331,1,0.8923976792853100,0.904410514419688,0.9987679178346870
1332,1332,1,0.30816523732400100,0.355374502823155,0.00347479759953982
1333,1333,0,0.280433639054798,0.273750749448412,0.15838195894904
1334,1334,1,0.877854640887791,0.839586778963375,0.6848338210798710
1335,1335,0,0.14591874780012,0.110963084772671,0.00036466315714611600
1336,1336,0,0.0523402338795265,0.0536268217694159,0.00042794550281141
1337,1337,0,1.0,0.845495960774704,0.9999999999815930
1338,1338,0,0.0113547525644538,0.0287243670741533,8.64685544221747E-07
1339,1339,0,0.0867298587463242,0.194961699379542,1.18750369304432E-05
1340,1340,1,0.48410156531388100,0.394033144669384,0.7695673310437530
1341,1341,1,0.854927547541717,0.8865454029138470,0.9993205578920380
1342,1342,0,0.0251459672465774,0.0742798754776115,5.86997915498097E-06
1343,1343,1,1.0,0.9950535069491850,1.0
1344,1344,0,0.0156209188863685,0.0265004068100199,3.49508944647963E-06
1345,1345,0,0.0247565646314931,0.0392921882585874,1.14010882333222E-05
1346,1346,1,0.54604032493804,0.652036424481338,0.0425243733983957
1347,1347,1,0.7243396985604110,0.6156375879757260,0.995125997094798
1348,1348,0,0.559445088694792,0.48347967993885700,0.86909405380766
1349,1349,1,1.0,0.947119892484502,1.0
1350,1350,1,0.7210426024750700,0.730648575275747,0.9872521686484190
1351,1351,0,0.45359184437655200,0.441339709396683,0.10470404587620900
1352,1352,1,0.907266646645051,0.8996737034555560,0.998184701192389
1353,1353,0,0.0069526245996802800,0.0151432248343331,6.9783260896213E-07
1354,1354,1,0.873122717276176,0.91941281704523,0.9996059728412870
1355,1355,0,0.4950574415146430,0.526404975082315,0.955871158986098
1356,1356,0,0.147590819403891,0.252721574248206,3.75442912023411E-05
1357,1357,0,0.150906516055065,0.145387945561121,0.13980548004778700
1358,1358,1,0.596720118001991,0.680416416664948,0.8303783726973360
1359,1359,0,0.0221884717858598,0.0337421207574931,2.82537020066261E-07
1360,1360,0,0.05506765490640500,0.131454009580767,8.17872127867887E-05
1361,1361,1,0.20608639613982200,0.381263921629053,0.5752189886251270
1362,1362,0,0.0515176703235134,0.14614711986659,1.53703048369361E-05
1363,1363,1,0.3852521723142550,0.34159476994864400,0.35478148493611
1364,1364,0,0.00129483712184484,0.0100532020183267,2.50542928504432E-10
1365,1365,1,0.467573164873185,0.5099492141022500,0.5659125173199470
1366,1366,0,0.37501315805723000,0.38550703282699000,0.765044289685057
1367,1367,1,1.0,0.9999999999991140,1.0
1368,1368,0,0.0570927599540046,0.18442439164674100,1.05441019392162E-05
1369,1369,0,0.596714927893504,0.43884510099217300,0.8406011832203190
1370,1370,1,0.49782107395253500,0.5726906714232730,0.46349701596714200
1371,1371,1,0.36829392416545000,0.457525059522335,0.40557291186288800
1372,1372,0,0.596465179159863,0.6407678026863200,0.445794437780778
1373,1373,0,0.040199468355978,0.0686018323412341,1.34137003020585E-05
1374,1374,0,0.0172251672461394,0.042309631885518700,3.06886385370177E-07
1375,1375,0,0.120884903776871,0.201187410186397,0.0022332140374941
1376,1376,0,0.00500324244485802,0.0211354221146758,9.42746717715025E-10
1377,1377,0,0.753177172264626,0.580255659651213,0.9721453807727430
1378,1378,1,0.8172343045941020,0.735338393859172,0.99999984407072
1379,1379,1,0.8762145869495100,0.883205824190609,0.9999396557369110
1380,1380,1,0.134097254353458,0.256201823742025,4.34201758235306E-05
1381,1381,1,0.897937060956244,0.9122449217017980,0.9999999313251390
1382,1382,0,1.0,0.598896964659547,1.0
1383,1383,1,0.35322360538133400,0.549180302567552,0.799470907539634
1384,1384,0,0.688587396413755,0.520037216818508,0.953896055591157
1385,1385,1,0.108309796160043,0.351042706636914,0.0209307604186195
1386,1386,1,1.0,0.81420652134564,0.9984816522503360
1387,1387,1,1.0,0.981942291189735,1.0
1388,1388,0,0.0568552409190171,0.0621037445272196,1.28376940265401E-05
1389,1389,0,0.0204891961661727,0.0372191010223658,9.00516198027369E-09
1390,1390,0,0.624089392844952,0.306853359964389,0.9999341782694910
1391,1391,1,1.0,0.41494071036509,0.9981174202140310
1392,1392,0,0.0382032324708841,0.0525799483286748,6.99437559811236E-06
1393,1393,1,0.472881549057764,0.331083221692173,0.198302408382012
1394,1394,0,0.8394217683014750,0.812565035626456,0.997407676662101
1395,1395,0,0.17257145685139300,0.171284679211796,0.00637149689041486
1396,1396,0,0.347553761946633,0.32549075699081600,0.046149019525415
1397,1397,0,0.12093697394892400,0.0641356776692696,3.18366305251113E-05
1398,1398,1,0.18074823072670900,0.363322505954,9.24048726422191E-05
1399,1399,0,0.0853089211607188,0.18295627566038400,0.0135744242729284
1400,1400,1,0.930827969298022,0.9419649367334270,0.9999225802994880
1401,1401,1,1.0,0.9985538579786170,1.0
1402,1402,0,0.12752790398996,0.148772650763039,0.0004985574492864260
1403,1403,0,0.0450699735655662,0.0724134743013236,1.36024376405364E-05
1404,1404,0,0.5964548761271650,0.476922760831234,0.244619312636436
1405,1405,0,0.33004218833447000,0.302372356933318,0.32614047517483700
1406,1406,0,0.13317519855719200,0.114085665026973,0.14213957182009800
1407,1407,1,0.739375875624998,0.827477269673785,0.989844701331634
1408,1408,1,0.5614761855657860,0.509647731754986,0.764104608269223
1409,1409,0,0.05368504975042230,0.12136416739630900,0.00131096014662261
1410,1410,0,0.0170947982996117,0.0209548139905426,6.88648010995076E-06
1411,1411,0,0.362706011354108,0.522603089515038,0.471665542100069
1412,1412,1,0.7643390454960870,0.676081505253875,0.973733139049936
1413,1413,0,0.273782369887829,0.45757074665732000,0.715685841839257
1414,1414,1,0.8248905978492620,0.868293403352555,0.998395944167457
1415,1415,0,0.00458464939978529,0.0324028861644894,2.13369293763304E-07
1416,1416,0,0.0744494654744356,0.0878862349861718,3.06712010211837E-06
1417,1417,1,1.0,0.8485824667607690,1.0
1418,1418,0,0.5781089844426150,0.604818326493658,0.8653754708887560
1419,1419,0,0.00767412886672535,0.0226934566582612,5.9368961269993E-08
1420,1420,1,1.0,0.9197531775800610,1.0
1421,1421,0,0.110037536792378,0.18035107870080000,0.000176420092246975
1422,1422,1,0.8485260218258450,0.821432154512042,0.9976820281447580
1423,1423,0,0.0365542095642071,0.039274101010404700,1.02204690077765E-05
1424,1424,0,0.0143115904507405,0.0597238348115517,3.3968074333259E-07
1425,1425,0,0.0384014757548422,0.104242507887033,3.00822490919125E-05
1426,1426,0,0.502362045301754,0.47380912858138900,0.19922896308051600
1427,1427,1,0.8307681165151,0.852536603310106,0.996537485286797
1428,1428,1,0.929610468926835,0.9634388511258780,0.9999426056194480
1429,1429,0,0.57602934075267,0.7840786381109420,0.9180557818320440
1430,1430,1,0.584844885153295,0.688843431154532,0.9523930963023510
1431,1431,0,0.46905776532645700,0.4438942406603110,0.3292413452247
1432,1432,0,0.4969206959008620,0.33395253559771800,0.654296651550843
1433,1433,1,0.39052691810747900,0.41060682969340100,0.0508278361666071
1434,1434,0,0.0466560276008831,0.0831592270991464,1.04087883816886E-07
1435,1435,0,0.47365832292807100,0.581074743502838,0.0340978751198779
1436,1436,1,0.7766255317270310,0.776363895291692,0.954888286382266
1437,1437,1,0.7788630934658380,0.674269416554465,0.956551535734615
1438,1438,1,0.8313242363725560,0.8045839381639510,0.9973918928916
1439,1439,0,0.32970278844666000,0.38457109221478300,0.672859600143213
1440,1440,1,0.22972526496821100,0.476394786386992,0.0238126177961267
1441,1441,1,0.7920910285447110,0.769228204461347,0.990981745004544
1442,1442,0,0.00155473210308071,0.410245376278827,8.4620159477548E-09
1443,1443,0,0.0414663956561816,0.0857846400456804,3.7875765916351E-05
1444,1444,1,0.8544066271346880,0.8423138379569750,0.997058985768563
1445,1445,1,0.0752954815620357,0.496242720699317,0.0006105748181178600
1446,1446,1,0.755351615951324,0.5860170963113000,0.974416158830344
1447,1447,0,0.37119792206624,0.5766074889867770,0.0326447379311024
1448,1448,0,0.302551890941078,0.375398953799716,0.8040961515180760
1449,1449,0,0.734553823673506,0.7967211876187520,0.9879817266211810
1450,1450,1,1.0,0.9995178672669350,1.0
1451,1451,0,0.0041964590507140700,0.0154932606045056,6.78452134672388E-08
1452,1452,1,0.927024157619235,0.9611229435620440,0.9999999999730780
1453,1453,0,0.00326293009998094,0.0138581543475402,1.36549644259427E-09
1454,1454,0,0.00457198684935229,0.0116152357833534,1.44256299678365E-08
1455,1455,1,1.0,0.450548755629216,0.9999697985035990
1456,1456,0,0.21097183328332500,0.11647227633707900,0.00258283573447288
1457,1457,0,0.0126815130430958,0.0394395364999505,6.00236683077928E-07
1458,1458,0,0.9999999999856470,0.0778824712764814,8.98067149708539E-06
1459,1459,0,1.0,0.173384368467901,0.9756204980728580
1460,1460,0,0.36854753446515200,0.368858192018317,0.000409818374212141
1461,1461,0,0.0119591592728212,0.0277218526853533,2.33588337293435E-08
1462,1462,1,0.435585852561254,0.43437381728738,0.00455829079461237
1463,1463,1,0.7319613076165260,0.704936496300922,0.9850637688041910
1464,1464,1,0.860637112597612,0.840200939918222,0.987863686031723
1465,1465,1,0.8478321357687040,0.738096679233494,0.984753835465653
1466,1466,0,0.0164848395090738,0.0252080029375711,1.36403894705262E-07
1467,1467,0,0.0782655403934132,0.09866245271036,9.9696458402123E-05
1468,1468,0,0.010536670131728,0.0165822106392832,1.54101976827154E-06
1469,1469,0,0.6069627976796280,0.376243008128711,0.96620461236809
1470,1470,0,0.0778922620987351,0.0549051867919426,0.000189575887217024
1471,1471,1,0.8678180730430450,0.8748774308156270,0.9957870333928490
1472,1472,0,0.114168951775798,0.023688568416694000,5.21522386227838E-06
1473,1473,1,0.663052210605222,0.572601328710519,0.8850254109933100
1474,1474,0,0.0513360106546914,0.13639218533048,4.35290785181674E-07
1475,1475,0,0.179032669796425,0.199743095563998,0.00126686716975857
1476,1476,1,0.667079520689077,0.5031556511681890,0.849175534375332
1477,1477,1,1.0,0.9999999999999850,1.0
1478,1478,0,0.12353468606883200,0.27454765585182200,5.14352494125657E-05
1479,1479,0,0.0256979894270675,0.0277418134039716,1.75993574804849E-05
1480,1480,1,0.92645448508319,0.9626920071322050,0.9999999983018280
1481,1481,0,0.00900776473593996,0.0150505779776366,4.32640335995472E-08
1482,1482,0,0.19097165495141,0.0330304176173405,2.64247106466205E-05
1483,1483,1,0.8110560862896600,0.7873507215738570,0.995912587002714
1484,1484,1,0.9229141005252560,0.915602637487622,0.9999489222185640
1485,1485,0,0.33074923838082800,0.465089723884314,0.0064603706426212
1486,1486,0,0.547715031816146,0.506230003852053,0.942413221252255
1487,1487,0,0.0055316533837965300,0.00924037584777643,2.38717878356229E-09
1488,1488,0,0.0386191432651102,0.0821331966281272,0.000838974125679367
1489,1489,0,0.00534299018064804,0.0123800851773131,2.12974229350238E-07
1490,1490,0,0.0593840148320804,0.0852781960384693,2.48691459031424E-05
1491,1491,1,0.914120863447364,0.9141339221993410,0.99235438844006
1492,1492,0,0.0506398441432884,0.11774921922147,2.77241056451263E-05
1493,1493,1,1.0,0.999389965035172,1.0
1494,1494,0,1.0,0.0705812629614463,2.57704944273564E-05
1495,1495,0,0.00689775050735779,0.0139718110228925,1.64507469735576E-07
1496,1496,0,0.0178705834934688,0.0634200402645159,1.78604444243194E-05
1497,1497,0,0.0146240131472958,0.0721916264638066,6.20418206184352E-07
1498,1498,1,0.947265870123618,0.984670596543533,0.9999999922211740
1499,1499,0,0.095903758975317,0.0579531659887462,0.00028218658508350600