,id,actual,lr,nb
0,0,1,0.626486363,0.939749257
1,1,0,0.008826648,2.84E-10
2,2,0,0.020519523,1.83E-08
3,3,0,0.073352784,5.13E-05
4,4,1,0.93555602,1
5,5,1,0.48346731,0.009076483
6,6,0,0.003627428,2.05E-10
7,7,0,0.395949871,0.816978343
8,8,1,0.961679773,1
9,9,1,0.904304654,0.998657845
10,10,0,0.065288171,2.57E-05
11,11,1,0.489278009,9.84E-05
12,12,1,0.643431868,0.963106654
13,13,0,0.417848613,0.768626106
14,14,0,0.019948817,2.05E-08
15,15,1,0.822517701,0.989067499
16,16,1,0.67914635,0.989898947
17,17,0,0.177441431,0.000219974
18,18,1,0.488350636,0.539196372
19,19,1,0.482657283,4.71E-06
20,20,0,0.024991533,2.40E-09
21,21,1,0.487309049,0.037236774
22,22,0,0.03055659,7.30E-08
23,23,1,0.676622527,0.978505882
24,24,0,0.536088706,0.912737569
25,25,1,0.620006145,0.998881246
26,26,1,0.998542979,1
27,27,0,0.242942354,0.70547173
28,28,1,0.61082177,0.905945972
29,29,0,0.166637839,0.033854845
30,30,1,0.941059972,0.999999984
31,31,0,0.520657923,0.724015533
32,32,1,0.899714633,1
33,33,0,0.32703015,0.311884679
34,34,0,0.416148379,0.380068872
35,35,0,0.279386162,0.081894165
36,36,0,0.026789509,6.88E-06
37,37,1,0.48709567,0.236626252
38,38,0,0.560917276,0.996088511
39,39,1,0.457675813,0.858981289
40,40,0,0.096612428,0.018013026
41,41,0,0.034367128,5.40E-05
42,42,1,0.929139242,0.999999994
43,43,1,0.810078568,0.99605316
44,44,0,0.45516965,0.065911314
45,45,1,0.502104758,0.123271886
46,46,0,0.020790299,1.83E-06
47,47,0,0.053026302,7.50E-06
48,48,0,0.552095811,0.939112916
49,49,1,0.934149202,0.999999993
50,50,0,0.061282999,8.60E-06
51,51,0,0.009267616,6.57E-07
52,52,1,0.849301768,0.999715091
53,53,0,0.078528673,8.98E-06
54,54,0,0.299613579,0.63053662
55,55,0,0.392529835,0.397733511
56,56,0,0.052478883,0.000115264
57,57,0,0.535195315,0.997675137
58,58,1,0.887167735,1
59,59,0,0.112540494,0.078626794
60,60,1,0.998780461,1
61,61,0,0.052776648,1.85E-06
62,62,1,0.668669694,0.999999501
63,63,0,0.039750076,5.53E-07
64,64,0,0.496286033,0.579855202
65,65,0,0.034014932,2.41E-06
66,66,0,0.221074133,0.00102146
67,67,1,1,1
68,68,1,0.906600112,0.998167929
69,69,1,0.876165792,1
70,70,0,0.084071776,0.055405657
71,71,1,0.486276374,0.069465757
72,72,0,0.034252989,1.74E-07
73,73,0,0.010686397,1.68E-07
74,74,1,0.898184771,0.999706648
75,75,0,0.021853236,2.80E-06
76,76,1,0.455265398,0.724195776
77,77,1,0.463773436,0.001440451
78,78,1,0.48496568,0.012015091
79,79,0,0.16966265,0.006659735
80,80,0,0.527144369,0.988874829
81,81,0,0.057453291,5.70E-06
82,82,1,0.912317328,1
83,83,1,0.81842708,0.952333711
84,84,0,0.116630622,1.01E-06
85,85,1,0.766308477,0.946696655
86,86,1,0.477342497,0.728723979
87,87,0,0.574731693,0.790105267
88,88,0,0.083545132,3.94E-06
89,89,1,0.470871202,0.000285091
90,90,0,0.032556653,1.51E-07
91,91,0,0.400079774,0.585992628
92,92,1,0.538068938,0.022739788
93,93,0,0.134727759,0.551157645
94,94,1,0.952169387,1
95,95,0,0.082467995,1.40E-05
96,96,0,0.005999748,1.17E-06
97,97,1,0.54214464,0.920073013
98,98,0,0.464176358,0.537812275
99,99,1,0.970877395,1
100,100,0,0.133052409,0.000741396
101,101,1,0.461210257,1.87E-06
102,102,1,0.463657403,0.786851314
103,103,1,0.477081977,0.000284362
104,104,0,0.126728798,0.079345
105,105,0,0.014411846,1.14E-10
106,106,1,0.483297026,0.729003261
107,107,0,0.160678981,0.000578285
108,108,0,0.026901372,3.08E-08
109,109,0,0.099580865,2.61E-07
110,110,1,0.499197923,0.010650062
111,111,1,0.882032997,0.999793335
112,112,0,0.101175061,1.15E-05
113,113,0,0.040839732,2.69E-08
114,114,1,0.999727775,1
115,115,1,0.848517169,0.998124494
116,116,1,0.828101903,0.999999657
117,117,1,0.989980715,1
118,118,0,0.541286151,1
119,119,0,0.062972935,6.97E-05
120,120,0,0.005377152,4.43E-10
121,121,1,0.614304811,0.85897028
122,122,1,0.982936161,1
123,123,1,0.487111309,0.023894049
124,124,0,0.211356075,0.128370815
125,125,0,0.006614986,8.98E-09
126,126,0,0.224220703,0.000351645
127,127,1,0.810662263,0.990964811
128,128,0,0.03454517,3.03E-05
129,129,0,0.030081133,3.28E-06
130,130,1,0.718347574,0.243492375
131,131,0,0.169157133,1.35E-05
132,132,0,0.530786959,0.99999969
133,133,1,0.586983941,0.999996578
134,134,1,0.567162998,0.95751222
135,135,0,0.214538863,0.068873298
136,136,0,0.252999857,0.100647217
137,137,1,0.635849007,0.847271155
138,138,0,0.04703933,1.53E-06
139,139,0,0.10137444,8.99E-08
140,140,1,0.752018171,0.977239569
141,141,0,0.225708722,0.035065572
142,142,0,0.113392699,0.009076989
143,143,1,0.999451974,1
144,144,0,0.027996296,1.82E-07
145,145,0,0.134128348,1.74E-05
146,146,1,0.475733365,0.784008302
147,147,1,0.986185209,1
148,148,0,0.068678753,0.000187275
149,149,0,0.066422309,7.21E-06
150,150,0,0.208711781,0.999548953
151,151,1,0.847489374,0.999999999
152,152,1,0.474564907,0.00422463
153,153,0,0.308037574,0.114733011
154,154,1,0.478982161,0.008791863
155,155,0,0.008111934,1.16E-10
156,156,1,0.936642724,0.999999985
157,157,1,0.948655405,0.99999991
158,158,0,0.526016846,1
159,159,1,0.809850171,1
160,160,0,0.030303304,3.89E-07
161,161,1,0.974972618,1
162,162,1,0.60986783,0.729158696
163,163,0,0.557489296,0.9999998
164,164,0,0.02887902,8.68E-07
165,165,1,0.90301177,1
166,166,1,0.875760043,0.995728441
167,167,1,0.861033393,0.998408403
168,168,0,0.010405724,8.57E-09
169,169,0,0.039922179,0.00172997
170,170,0,0.143794675,0.001076653
171,171,1,0.471148196,0.769298258
172,172,1,0.790500135,0.99999717
173,173,0,0.063075254,3.28E-08
174,174,1,0.998188077,1
175,175,1,0.465854968,0.844317901
176,176,0,0.039964324,6.92E-06
177,177,1,0.533952687,0.99999653
178,178,0,0.131358073,0.001921082
179,179,1,0.46367927,0.000187942
180,180,1,0.468218162,0.724624337
181,181,0,0.350894761,0.329181918
182,182,1,0.841609262,0.999314207
183,183,0,0.024534399,3.24E-07
184,184,1,0.637168289,0.768906631
185,185,0,0.016387661,5.79E-10
186,186,1,0.481845349,0.963521948
187,187,0,0.031126923,4.62E-06
188,188,0,0.111283513,0.072912793
189,189,0,0.529000945,0.981952953
190,190,0,0.04075729,1.31E-05
191,191,1,0.87120205,0.998755466
192,192,1,0.488552552,0.868757824
193,193,0,0.037709301,3.53E-06
194,194,0,0.009359162,7.34E-07
195,195,0,0.130665829,1.46E-06
196,196,0,0.52070755,0.078567566
197,197,1,0.469280059,0.630210089
198,198,0,0.05622259,2.47E-06
199,199,0,0.011530106,1.13E-08
200,200,0,0.019838488,1.43E-07
201,201,1,0.882976324,0.99956461
202,202,1,1,1
203,203,1,0.937282445,0.999879753
204,204,0,0.067258876,2.36E-07
205,205,0,0.165339262,5.87E-05
206,206,1,0.952254577,1
207,207,0,0.534551654,0.999998078
208,208,0,0.501790218,0.002732843
209,209,0,0.192478884,0.00030966
210,210,0,0.531991361,0.991397052
211,211,1,0.585684112,0.963695297
212,212,0,0.021868277,5.12E-07
213,213,0,0.064024112,1.72E-06
214,214,0,0.200951745,2.98E-05
215,215,0,0.337124428,0.66920785
216,216,0,0.514030585,0.999640802
217,217,1,0.734137599,0.999997114
218,218,0,0.025240657,1.54E-07
219,219,1,0.985808254,1
220,220,1,0.465508057,0.013810494
221,221,1,0.957528404,1
222,222,0,0.026343329,7.84E-07
223,223,1,0.949013301,0.998403775
224,224,0,0.210564201,0.346683989
225,225,1,0.78486343,0.998230362
226,226,1,0.618159672,0.998939202
227,227,1,0.900966162,0.999920795
228,228,1,0.906680538,0.999442736
229,229,1,0.896698319,0.999999985
230,230,0,0.021788276,4.31E-08
231,231,1,0.998235036,1
232,232,0,0.062379023,4.33E-06
233,233,0,0.163468832,7.99E-05
234,234,0,0.568678649,0.999998628
235,235,0,0.061052919,1.35E-06
236,236,0,0.016503013,4.00E-08
237,237,0,0.072949146,2.16E-05
238,238,0,0.577255476,0.088349374
239,239,1,0.743205671,1
240,240,0,0.011151394,2.59E-09
241,241,0,0.43022992,0.539332861
242,242,0,0.046345004,0.000246227
243,243,0,0.032668769,7.13E-08
244,244,0,0.531734849,0.00429619
245,245,0,0.150087213,4.07E-05
246,246,0,0.107509027,1.52E-07
247,247,0,0.04309072,4.84E-08
248,248,0,0.022097805,1.10E-08
249,249,1,1,1
250,250,0,0.014368663,3.72E-09
251,251,0,0.535672708,0.985225786
252,252,0,0.019861018,2.33E-10
253,253,1,0.826295693,0.991969859
254,254,0,0.417034484,0.739294084
255,255,1,0.76606043,0.952700699
256,256,1,0.540461053,0.94884545
257,257,0,0.031478058,2.67E-08
258,258,1,0.460456752,0.760441223
259,259,0,0.296153429,0.719244858
260,260,0,0.015209366,5.22E-09
261,261,1,0.417007501,0.804603366
262,262,0,0.032197013,0.000171213
263,263,1,0.40308376,0.767977134
264,264,0,0.4827806,0.938186755
265,265,0,0.089099467,1.37E-08
266,266,0,0.016256212,3.11E-09
267,267,1,0.690755194,0.247920577
268,268,1,0.928481586,0.999459609
269,269,1,0.838301683,0.970536144
270,270,0,0.540911492,0.993069253
271,271,0,0.042880662,9.19E-05
272,272,0,0.138022134,0.000253687
273,273,0,0.581285084,0.999999944
274,274,1,0.990546893,1
275,275,1,0.737929305,0.990362732
276,276,0,0.540286563,0.998115465
277,277,1,0.970342676,1
278,278,1,0.852611514,0.999704178
279,279,0,0.085759942,1.73E-05
280,280,1,0.771457114,0.999999999
281,281,1,0.921895965,0.999999975
282,282,1,0.720914297,0.983560996
283,283,0,0.348302162,0.000294776
284,284,1,0.416924589,0.009090842
285,285,1,1,1
286,286,0,0.019509955,1.13E-08
287,287,0,0.010466023,1.98E-10
288,288,0,0.548804583,0.991599622
289,289,1,0.691183957,0.978531218
290,290,0,0.084690636,8.31E-09
291,291,0,0.061179342,0.000491655
292,292,1,0.775987921,0.999553819
293,293,1,1,1
294,294,0,0.530727895,0.403746961
295,295,1,0.998952407,1
296,296,0,0.104200613,4.32E-05
297,297,0,0.04255205,1.94E-07
298,298,0,0.183385379,3.54E-05
299,299,0,0.034208476,4.70E-09
300,300,1,0.796471891,0.995728274
301,301,1,0.560744886,0.973067726
302,302,0,0.105343149,9.49E-05
303,303,0,0.117404418,5.96E-07
304,304,0,0.388833709,0.18387086
305,305,1,0.927704679,0.999791281
306,306,0,0.320065727,0.015008666
307,307,1,0.902319088,0.997171807
308,308,0,0.033047642,1.34E-05
309,309,1,0.823133853,0.993149736
310,310,0,0.012244555,1.10E-08
311,311,1,0.752787362,0.991928504
312,312,1,0.939873747,0.99998739
313,313,0,0.165347144,0.021175568
314,314,1,0.981178053,1
315,315,0,0.199607029,0.679087724
316,316,0,0.528648907,0.994909666
317,317,0,0.071378228,6.62E-06
318,318,0,0.281729364,0.669245871
319,319,0,0.355211541,0.079348055
320,320,0,0.045883641,8.03E-05
321,321,1,0.329260124,0.704624244
322,322,0,0.040463227,0.000116603
323,323,0,0.47688357,0.289522036
324,324,0,0.538789607,0.921948831
325,325,0,0.055153694,2.36E-05
326,326,0,0.390872141,0.030127251
327,327,1,0.978939578,1
328,328,1,0.900574173,0.997702537
329,329,1,0.555275835,0.235392883
330,330,0,0.315598193,0.017073206
331,331,1,0.9142022,0.999999907
332,332,1,0.645376091,0.997603392
333,333,1,0.456863751,0.005349165
334,334,1,0.866684484,0.993576598
335,335,0,0.537624533,0.996096174
336,336,1,0.425897525,0.022702209
337,337,1,0.400063954,6.89E-05
338,338,1,0.323422157,0.286991922
339,339,0,0.508524491,0.844033037
340,340,0,0.053631491,4.50E-07
341,341,0,0.058685286,0.00019788
342,342,1,0.992868298,1
343,343,1,0.812092509,0.999447599
344,344,0,0.005458106,8.21E-10
345,345,1,0.996912865,1
346,346,0,0.075473643,1.75E-07
347,347,0,0.513483912,0.945621273
348,348,1,0.789098295,1
349,349,1,0.486912136,0.006384772
350,350,0,0.163769883,0.018465855
351,351,1,0.95877841,1
352,352,1,1,1
353,353,0,0.003913803,1.33E-09
354,354,0,0.105362246,0.000574115
355,355,0,0.146114763,4.69E-06
356,356,0,0.025407777,8.53E-07
357,357,0,0.008113825,3.19E-09
358,358,0,0.024335453,6.21E-06
359,359,0,0.034613325,7.81E-10
360,360,0,0.491308981,0.727440899
361,361,0,0.047917458,7.20E-05
362,362,1,0.369206378,0.75122915
363,363,1,0.54486324,0.971324845
364,364,0,0.020635162,1.46E-05
365,365,1,0.513250178,0.8691034
366,366,0,0.552812874,0.9987483
367,367,1,0.710456189,1
368,368,0,0.03786386,1.29E-06
369,369,0,0.153904012,0.000139059
370,370,1,0.997463206,1
371,371,0,0.591397147,0.932311953
372,372,1,0.395461914,0.838462425
373,373,1,0.918085989,0.985830377
374,374,0,0.011392264,6.24E-08
375,375,0,0.016637927,6.74E-08
376,376,0,0.549574306,0.974635023
377,377,0,0.526407913,0.987821125
378,378,0,0.063467392,0.001655343
379,379,0,0.113322105,0.001454709
380,380,0,0.019039433,4.01E-08
381,381,1,0.900673401,0.99912178
382,382,0,0.548763418,0.150209947
383,383,1,0.713126105,0.950335616
384,384,1,0.570271704,0.976230996
385,385,1,0.862976431,0.997813369
386,386,0,0.041042279,3.16E-08
387,387,1,0.573785357,0.965797612
388,388,0,0.086690205,1.36E-05
389,389,1,0.488556129,0.001152202
390,390,0,0.109000526,4.31E-07
391,391,1,0.80780489,0.996101351
392,392,0,0.380244231,0.663315174
393,393,1,0.815978964,0.912727033
394,394,0,0.022334872,1.96E-08
395,395,1,0.55199413,0.952115831
396,396,1,0.980071833,0.999997344
397,397,0,0.160544093,0.005986321
398,398,0,0.359142207,0.096179313
399,399,1,0.849104393,0.990515876
400,400,0,0.136684206,4.35E-07
401,401,0,0.032473762,3.11E-08
402,402,0,0.02187896,1.37E-06
403,403,0,0.514301206,0.454119373
404,404,1,0.488986848,0.728186488
405,405,1,0.672106227,0.989925239
406,406,0,0.062248174,1.71E-05
407,407,0,0.274660487,0.127030302
408,408,1,0.576108318,0.35626521
409,409,1,0.949429065,0.999999996
410,410,1,0.564728426,0.986350746
411,411,0,0.075681696,6.28E-05
412,412,1,0.31150806,0.65632969
413,413,1,0.912944029,0.999338361
414,414,0,0.022632029,1.57E-09
415,415,1,0.950426366,1
416,416,1,0.915151729,0.994396962
417,417,1,0.621744234,0.903127383
418,418,0,0.011373489,5.01E-08
419,419,0,0.010439066,3.10E-07
420,420,1,0.802721611,0.994606111
421,421,0,0.075443545,0.811838202
422,422,0,0.094184586,0.002473093
423,423,0,0.227597353,1.22E-05
424,424,0,0.386464228,0.005263554
425,425,1,0.354183507,0.856118725
426,426,0,0.015618516,3.58E-09
427,427,0,0.02454535,2.36E-09
428,428,0,0.042761789,8.71E-05
429,429,0,0.190004328,0.000656038
430,430,0,0.013948426,8.85E-10
431,431,0,0.219619026,0.675964973
432,432,0,0.017844883,0.000290201
433,433,0,0.06772574,0.000257894
434,434,1,0.99954162,1
435,435,0,0.109705466,4.07E-05
436,436,0,0.034946475,6.35E-05
437,437,0,0.037076561,2.40E-07
438,438,0,0.055278036,4.19E-06
439,439,1,0.978272572,1
440,440,0,0.023640918,1.45E-08
441,441,1,0.899572088,0.999999975
442,442,1,0.751548276,0.901231864
443,443,0,0.032973118,4.56E-10
444,444,0,0.236055852,0.999348591
445,445,0,0.07245361,6.19E-06
446,446,0,0.01850903,9.55E-09
447,447,0,0.544786895,0.984316768
448,448,0,0.096559116,2.61E-05
449,449,0,0.035577205,1.50E-08
450,450,0,0.099679805,2.52E-05
451,451,0,0.545171661,0.999939466
452,452,1,0.665651083,0.98062965
453,453,1,0.612203508,0.795528579
454,454,0,0.009137455,5.14E-09
455,455,0,0.382825606,0.847191077
456,456,1,0.94480081,0.999968728
457,457,1,0.344912581,0.609688741
458,458,0,0.036811805,3.22E-07
459,459,0,0.24150348,0.003457289
460,460,1,0.720782183,0.989595414
461,461,0,0.222890017,0.000731683
462,462,0,0.021813424,9.12E-07
463,463,0,0.011956651,6.32E-06
464,464,0,0.433739969,0.746571317
465,465,1,0.553314025,0.972003329
466,466,1,0.806475063,0.968570848
467,467,1,0.537405531,0.919779858
468,468,1,0.6706557,0.999997882
469,469,0,0.089984898,0.072766811
470,470,0,0.143826869,2.78E-05
471,471,1,1,1
472,472,0,0.72808491,0.979081038
473,473,0,0.466646362,0.002092374
474,474,0,0.015337743,1.55E-07
475,475,0,0.675517063,0.799961911
476,476,0,0.026217702,2.07E-08
477,477,0,0.013566525,7.82E-10
478,478,0,0.306404678,0.57221704
479,479,0,0.084626745,4.24E-06
480,480,1,0.999849206,1
481,481,0,0.28447819,0.24457505
482,482,0,0.550917301,0.999775923
483,483,0,0.027990695,2.37E-08
484,484,1,0.52801578,0.425408287
485,485,1,0.991343427,1
486,486,0,0.007419146,8.86E-09
487,487,0,0.527237201,0.959269592
488,488,0,0.030194826,1.33E-07
489,489,0,0.557408091,0.999742712
490,490,0,0.029373325,4.48E-05
491,491,1,0.893964961,1
492,492,0,0.006479672,1.17E-09
493,493,1,0.724202599,0.999999686
494,494,1,0.788414687,0.942876304
495,495,1,0.38900139,0.749961337
496,496,1,0.983056085,1
497,497,0,0.128541209,1.13E-05
498,498,1,0.927563743,0.999556678
499,499,0,0.587274031,0.08391939
500,500,0,0.047118542,1.13E-07
501,501,0,0.08639987,1.07E-05
502,502,0,0.082542322,0.00731289
503,503,1,0.538551439,0.969964975
504,504,0,0.058806072,3.39E-06
505,505,0,0.017506674,8.25E-09
506,506,0,0.211005024,9.03E-07
507,507,0,0.08292721,8.46E-05
508,508,0,0.571404309,0.089999152
509,509,0,0.79649993,0.99999749
510,510,1,0.527771619,0.984978355
511,511,0,0.513931199,0.903814817
512,512,0,0.703789625,0.914770332
513,513,1,0.883768125,0.999547621
514,514,0,0.063668424,3.02E-06
515,515,0,0.163278229,0.03398822
516,516,1,0.923337303,0.997598807
517,517,0,0.139538483,1.26E-06
518,518,0,0.005051667,6.12E-11
519,519,0,0.039965536,3.49E-06
520,520,1,0.644930187,0.889923388
521,521,0,0.135737117,8.37E-05
522,522,1,0.799733026,0.997659212
523,523,0,0.821392754,0.993913435
524,524,1,0.734326049,0.995811292
525,525,0,0.166162518,0.051524353
526,526,0,0.556008662,0.983347495
527,527,0,0.016414656,6.57E-09
528,528,0,0.172376045,5.75E-05
529,529,1,0.938093319,0.999999983
530,530,1,0.522104531,0.83721224
531,531,1,0.481934359,0.894840849
532,532,0,0.041691404,4.71E-05
533,533,0,0.530270502,0.929910766
534,534,0,0.623793323,0.999591029
535,535,0,0.0165574,2.35E-07
536,536,1,0.454220727,0.000297631
537,537,1,0.913766194,0.999485839
538,538,0,0.004901065,1.02E-09
539,539,0,0.2432289,0.013737033
540,540,0,0.671405058,0.037743342
541,541,1,0.998671756,1
542,542,0,0.055770016,6.22E-05
543,543,1,0.634580344,0.987803722
544,544,1,0.880965908,0.998331932
545,545,0,0.015920037,1.56E-10
546,546,1,0.385722344,0.742230742
547,547,1,0.836884998,0.998700014
548,548,0,0.052023412,9.07E-07
549,549,1,0.770973716,0.983229509
550,550,1,0.470540028,0.022795257
551,551,0,0.367655479,0.013156507
552,552,0,0.018727434,1.06E-06
553,553,1,0.573739971,0.918240177
554,554,0,0.097077612,0.664338936
555,555,0,0.660034528,0.898604151
556,556,0,0.205003572,0.194268638
557,557,1,0.502947948,0.683264439
558,558,1,0.461275447,0.171861955
559,559,0,0.040123536,0.000137803
560,560,0,0.244149418,0.201354696
561,561,1,0.97827011,1
562,562,0,0.019932852,3.54E-07
563,563,0,0.118688231,0.000493439
564,564,0,0.013046344,4.23E-07
565,565,1,0.999095917,1
566,566,1,0.985971,1
567,567,1,0.999175367,1
568,568,1,0.962847444,1
569,569,1,0.958266118,0.999999986
570,570,0,0.171539426,0.603582033
571,571,1,0.910259981,0.997820878
572,572,1,0.482965392,0.551195641
573,573,1,0.50543287,0.849047105
574,574,1,0.804006355,0.996341216
575,575,0,0.139095526,1.63E-06
576,576,0,0.071450825,1.40E-06
577,577,0,0.130310283,0.000455432
578,578,0,0.41868337,0.970127387
579,579,0,0.024178453,1.56E-05
580,580,0,0.475457265,0.009454369
581,581,1,0.619771881,0.990206266
582,582,0,0.00423995,1.87E-11
583,583,0,0.707516773,0.905763707
584,584,0,0.088275446,0.008772268
585,585,1,0.910640474,1
586,586,1,0.549103034,0.677743752
587,587,1,0.873324034,0.998502859
588,588,0,0.072993526,5.18E-05
589,589,1,0.886017321,0.999517427
590,590,0,0.281744254,0.608899833
591,591,1,0.829634573,0.998845998
592,592,1,0.861084438,0.998981019
593,593,0,0.212556168,0.160770843
594,594,1,0.660249299,0.961352382
595,595,1,0.561166942,0.968560871
596,596,0,0.265697785,0.298447052
597,597,1,0.636306716,0.999991765
598,598,1,0.981168098,1
599,599,0,0.444503421,0.87689093
600,600,0,0.816941004,0.957005344
601,601,1,0.855833198,0.997789763
602,602,1,0.802162801,0.999057291
603,603,0,0.298625253,0.017786233
604,604,1,0.766671792,0.999438413
605,605,1,0.951020307,1
606,606,0,0.037937254,5.52E-07
607,607,1,0.388393691,0.785675001
608,608,0,0.026397722,8.39E-05
609,609,0,0.097729811,0.000868407
610,610,0,0.223410134,0.987475325
611,611,1,0.69226367,0.999985285
612,612,0,0.015851271,2.92E-07
613,613,1,0.829106625,0.995238679
614,614,0,0.098589691,0.00055406
615,615,1,0.82107488,0.997339357
616,616,1,0.893639904,0.999604216
617,617,1,0.471711809,0.845917062
618,618,1,0.711044048,0.999997843
619,619,0,0.023030008,7.40E-08
620,620,1,0.683115462,0.987815264
621,621,0,0.584640719,1
622,622,0,0.247140271,0.093003203
623,623,0,0.002311791,4.47E-11
624,624,1,0.979608323,1
625,625,0,0.283187631,0.007948698
626,626,0,0.115512238,0.004742869
627,627,0,0.077384349,6.21E-09
628,628,1,0.715790192,0.987271066
629,629,1,0.955915534,0.999999999
630,630,0,0.114125799,3.81E-08
631,631,0,0.175805661,0.011864868
632,632,0,0.013445853,2.58E-07
633,633,1,0.59845845,0.999999929
634,634,1,0.817888895,0.997371396
635,635,0,0.014156506,8.62E-06
636,636,0,0.017235861,1.05E-09
637,637,1,0.804056249,0.999749941
638,638,0,0.158917508,5.32E-06
639,639,0,0.313905886,0.01509432
640,640,0,0.22963861,0.237394247
641,641,0,0.080309105,0.136324677
642,642,1,0.998555632,1
643,643,1,0.944847029,0.99971186
644,644,1,0.480101255,5.83E-05
645,645,1,0.574856074,0.938043043
646,646,0,0.398186196,0.982490655
647,647,1,0.474354513,0.007608437
648,648,1,0.97975712,1
649,649,0,0.045371421,2.04E-06
650,650,0,0.654549812,1
651,651,1,0.950075387,0.999999999
652,652,1,0.847945299,0.99968884
653,653,0,0.137957707,4.80E-05
654,654,0,0.011533689,9.66E-07
655,655,0,0.60810592,0.987331628
656,656,1,0.998970255,1
657,657,1,0.418928346,0.708013389
658,658,1,0.52017726,0.94064245
659,659,1,0.972912806,0.999949091
660,660,1,0.833989777,0.863984249
661,661,1,0.878659601,0.988501058
662,662,0,0.364262817,0.7092048
663,663,0,0.324678354,0.736412418
664,664,0,0.036440569,3.18E-08
665,665,0,0.706726985,0.981353347
666,666,0,0.147766867,0.052644039
667,667,1,0.557252765,0.224508022
668,668,1,0.555045832,0.974866062
669,669,0,0.531278425,0.999982597
670,670,0,0.074229996,1.24E-06
671,671,0,0.018046809,4.26E-08
672,672,0,0.605099038,0.999999538
673,673,0,0.397918099,0.070087999
674,674,0,0.084301171,0.001079244
675,675,0,0.183677365,0.007900769
676,676,1,0.903340127,0.999570431
677,677,0,0.697105258,0.993482278
678,678,0,0.213577062,0.026804461
679,679,0,0.042918742,0.000407094
680,680,0,0.041317635,1.85E-06
681,681,0,0.023738325,2.10E-06
682,682,1,0.643386406,0.998811021
683,683,0,0.505347695,0.459993884
684,684,1,0.770342944,0.999489881
685,685,0,0.096047072,0.739024461
686,686,0,0.023066893,8.98E-09
687,687,1,0.448232029,0.000894522
688,688,0,0.028819539,6.52E-06
689,689,0,0.068707216,3.80E-05
690,690,0,0.132405122,0.000548896
691,691,1,0.340713542,0.349640969
692,692,0,0.379197724,0.273225684
693,693,0,0.038033619,6.04E-05
694,694,1,0.643033335,0.9863134
695,695,1,0.761072649,0.996419547
696,696,0,0.019844535,2.23E-07
697,697,1,0.890343254,0.999543564
698,698,1,0.877613533,0.998158113
699,699,0,0.047726479,0.000126128
700,700,0,0.057396573,1.83E-07
701,701,0,0.019211203,4.86E-07
702,702,1,0.430368672,0.002686591
703,703,0,0.095812307,4.65E-05
704,704,0,0.503619423,0.425494814
705,705,1,0.921361513,0.999992633
706,706,1,0.459511944,0.000412893
707,707,1,0.471963556,0.837381401
708,708,0,0.487262613,0.876470444
709,709,0,0.091328848,1.13E-07
710,710,1,0.477642816,7.57E-05
711,711,1,0.850511054,0.995500781
712,712,1,0.793883669,0.374525625
713,713,1,0.786784678,0.997691401
714,714,0,0.00234777,9.47E-10
715,715,0,0.544826275,0.027109229
716,716,1,0.74471375,0.979133031
717,717,1,0.440227957,0.002044381
718,718,1,0.95046811,1
719,719,0,0.021467737,3.86E-06
720,720,0,0.018270076,1.88E-07
721,721,1,0.353194837,0.749163821
722,722,1,0.9845743,0.999999999
723,723,0,0.089317343,5.12E-06
724,724,1,0.826853519,0.999998683
725,725,0,0.795662689,0.988471331
726,726,1,0.574988978,0.855102608
727,727,0,0.191672709,0.000159145
728,728,0,0.14717241,0.033824971
729,729,1,0.890319216,0.997319489
730,730,0,0.632974221,0.036152478
731,731,0,0.026395277,8.72E-07
732,732,1,0.397293021,0.674079057
733,733,0,0.694373714,0.976706443
734,734,1,0.94803066,0.999953984
735,735,1,0.820820015,0.99999479
736,736,0,0.073034027,0.000193232
737,737,1,0.999877156,1
738,738,0,0.116445591,2.30E-05
739,739,0,0.013838483,8.86E-08
740,740,0,0.11506542,2.11E-05
741,741,0,0.011675578,1.88E-08
742,742,0,0.442065625,0.629553738
743,743,0,0.670309935,0.203666223
744,744,0,0.059718001,1.32E-05
745,745,0,0.051510996,1.27E-05
746,746,0,0.030612248,1.94E-07
747,747,0,0.015641795,1.21E-05
748,748,0,0.03722018,2.30E-07
749,749,1,0.84945366,0.993807505
750,750,0,0.017389942,6.04E-07
751,751,0,0.340048823,0.098091168
752,752,1,0.585161108,0.555561436
753,753,0,0.022931527,1.94E-06
754,754,0,0.006838009,2.50E-10
755,755,0,0.608645324,0.996304353
756,756,1,0.703071013,0.991491233
757,757,0,0.102249713,0.000536859
758,758,0,0.283801298,0.09091161
759,759,1,0.947760019,0.999840417
760,760,0,0.540414623,0.999966657
761,761,1,0.443280328,0.631993615
762,762,1,0.874486934,0.996943456
763,763,0,0.075101584,7.05E-06
764,764,1,0.839885064,1
765,765,1,0.452699174,3.64E-06
766,766,1,0.999637109,1
767,767,0,0.127096715,3.06E-06
768,768,0,0.011346033,8.47E-06
769,769,1,0.406603527,0.00922843
770,770,1,0.461433566,0.007898501
771,771,1,0.688280184,0.981130154
772,772,0,0.004057334,2.70E-10
773,773,1,0.869923265,0.998204845
774,774,1,0.972192583,0.999999999
775,775,0,0.208881899,0.000375186
776,776,1,0.904874033,0.999679684
777,777,1,0.744670569,0.984802757
778,778,1,0.411134589,6.45E-05
779,779,0,0.55017438,0.840053207
780,780,0,0.022967392,3.86E-09
781,781,1,0.542010448,0.007374056
782,782,0,0.129591267,0.036479279
783,783,0,0.603784668,0.987094617
784,784,0,0.02411856,1.75E-07
785,785,0,0.08582764,1.62E-06
786,786,0,0.009866057,3.84E-07
787,787,0,0.594861165,0.997671233
788,788,0,0.405797065,0.015497841
789,789,0,0.015435915,4.79E-06
790,790,0,0.053539395,9.32E-06
791,791,0,0.383242292,0.001955709
792,792,0,0.603245269,0.999628847
793,793,1,0.538204706,0.888479294
794,794,1,0.998263976,1
795,795,0,0.131818179,0.861236428
796,796,0,0.654106621,0.93148559
797,797,0,0.596649887,0.999834623
798,798,0,0.371762526,0.349240057
799,799,1,0.814780129,1
800,800,1,0.484563589,0.006906023
801,801,1,0.450566064,0.909575738
802,802,1,0.549826568,0.816380561
803,803,0,0.431010817,0.871441557
804,804,0,0.099475507,3.63E-07
805,805,0,0.119284786,4.47E-05
806,806,0,0.101681438,5.96E-05
807,807,1,0.420646563,0.066684134
808,808,0,0.243247093,9.69E-05
809,809,0,0.051294298,1.40E-07
810,810,0,0.022994469,8.66E-07
811,811,0,0.04575799,5.29E-07
812,812,0,0.024742151,2.32E-08
813,813,0,0.028051422,3.03E-06
814,814,0,0.012091012,2.05E-08
815,815,1,0.985550357,1
816,816,0,0.017323499,2.82E-05
817,817,1,0.931322145,0.998171229
818,818,0,0.543599044,0.914097683
819,819,0,0.120462212,7.10E-07
820,820,1,0.957618412,1
821,821,0,0.001776356,7.43E-12
822,822,1,0.444764823,0.885683035
823,823,0,0.369229725,0.751521749
824,824,0,0.09277439,0.000170942
825,825,1,0.551384047,0.969743471
826,826,0,0.750093112,0.866117955
827,827,0,0.831846181,0.88104188
828,828,0,0.009740961,1.83E-07
829,829,0,0.017127699,3.41E-09
830,830,1,0.505322951,0.802079765
831,831,1,0.863871415,0.989271697
832,832,0,0.132798206,0.003957403
833,833,0,0.022482495,1.20E-05
834,834,0,0.383708853,0.001766431
835,835,1,0.67115604,0.243321573
836,836,0,0.043830935,1.76E-06
837,837,0,0.005365514,3.32E-10
838,838,0,0.033774108,4.32E-07
839,839,0,0.293284009,0.018468793
840,840,0,0.149346578,3.60E-05
841,841,1,0.976031143,1
842,842,0,0.585626364,0.259321141
843,843,1,0.985983843,0.999999999
844,844,0,0.339162617,0.006673308
845,845,1,0.900792994,0.997488343
846,846,0,0.010203534,1.90E-09
847,847,1,0.926514925,0.999946859
848,848,0,0.751830696,0.984954494
849,849,1,0.996975944,1
850,850,1,0.997707209,1
851,851,0,0.087124254,0.001082776
852,852,1,0.674605785,0.96895498
853,853,0,0.02345726,5.04E-06
854,854,0,0.08732705,5.75E-05
855,855,0,0.324758523,0.661983372
856,856,1,0.748191237,0.999999848
857,857,0,0.202332063,0.205639726
858,858,0,0.034070708,8.56E-06
859,859,1,0.785238396,0.992905887
860,860,0,0.519867936,0.999419146
861,861,0,0.036809158,1.19E-07
862,862,0,0.017882122,7.03E-10
863,863,1,0.585094706,0.999988804
864,864,0,0.190733834,0.00047049
865,865,0,0.006960064,2.83E-08
866,866,1,0.921582237,0.999965205
867,867,1,0.956351313,1
868,868,0,0.041131409,0.000315727
869,869,1,0.545550194,0.962538674
870,870,1,0.908154719,0.999967527
871,871,1,0.733329064,0.769969849
872,872,0,0.023719506,1.10E-06
873,873,1,0.866746656,0.998541853
874,874,0,0.158324066,0.00208519
875,875,0,0.055908227,4.68E-06
876,876,1,0.465476675,0.37775135
877,877,1,0.432875504,0.727908541
878,878,0,0.010426494,4.14E-08
879,879,0,0.245361034,0.053512487
880,880,0,0.551054015,0.089303814
881,881,0,0.384197966,0.250058014
882,882,0,0.231289965,0.005691827
883,883,0,0.377547702,0.016111376
884,884,0,0.079498996,0.000459353
885,885,0,0.043575548,6.47E-08
886,886,0,0.038217565,1.48E-08
887,887,1,0.983829667,0.999999999
888,888,0,0.066214535,1.34E-06
889,889,0,0.018672314,3.10E-05
890,890,0,0.545245467,0.954661435
891,891,1,0.65059378,0.054237656
892,892,0,0.026319629,3.67E-08
893,893,0,0.10266513,1.21E-06
894,894,1,0.563952823,0.148838942
895,895,0,0.02400544,1.99E-06
896,896,1,0.965265118,1
897,897,0,0.10074149,0.000111356
898,898,0,0.464692008,0.900327812
899,899,0,0.348183587,0.892052593
900,900,0,0.04781644,0.029909866
901,901,0,0.049272742,2.67E-06
902,902,0,0.125444875,2.12E-06
903,903,0,0.003903076,6.37E-10
904,904,0,0.025947688,1.73E-05
905,905,0,0.400022698,0.001065612
906,906,0,0.102577275,5.22E-06
907,907,1,0.432059403,0.847385846
908,908,0,0.056161294,8.38E-07
909,909,0,0.163122065,0.000897625
910,910,0,0.072583654,2.36E-07
911,911,1,0.998447988,1
912,912,1,0.683153585,0.453664376
913,913,1,0.920364273,0.801166408
914,914,0,0.325653686,0.281309547
915,915,1,0.873405057,0.992324631
916,916,0,0.272774028,0.02754425
917,917,1,0.713790883,0.980273378
918,918,0,0.02763907,5.18E-08
919,919,0,0.058453629,0.000835631
920,920,0,0.021580687,9.24E-07
921,921,0,0.053426767,0.000258238
922,922,0,0.039574503,2.46E-08
923,923,0,0.536068903,0.931600531
924,924,0,0.511947058,0.99999845
925,925,0,0.357534364,0.013698888
926,926,1,0.466869491,0.758989003
927,927,1,0.342327925,0.082675816
928,928,0,0.015676475,5.33E-09
929,929,0,0.014479063,9.75E-08
930,930,1,0.480773984,0.893967521
931,931,0,0.326618397,0.087725703
932,932,0,0.217118121,0.00225186
933,933,1,0.836892405,1
934,934,1,0.916042542,0.999304285
935,935,0,0.047742806,7.85E-06
936,936,1,0.49050734,1
937,937,1,0.977690713,1
938,938,0,0.29803771,0.354366077
939,939,0,0.044143392,4.18E-06
940,940,0,0.798907639,0.999999542
941,941,0,0.262619702,0.091685964
942,942,1,0.627858064,0.844757076
943,943,0,0.018069699,1.11E-09
944,944,1,0.778800581,0.98890946
945,945,1,0.725828059,0.979461036
946,946,0,0.081875002,4.92E-06
947,947,0,0.027384858,3.27E-08
948,948,0,0.029361283,1.36E-06
949,949,0,0.023342207,3.20E-08
950,950,0,0.092616694,0.020741221
951,951,1,0.725740883,1
952,952,0,0.640137412,0.747520405
953,953,0,0.015952398,1.23E-07
954,954,0,0.077057004,0.000417563
955,955,1,0.727892496,0.976431126
956,956,1,0.735285362,0.99909292
957,957,0,0.105498884,1.47E-05
958,958,0,0.437038607,0.254345867
959,959,0,0.575264146,0.163846865
960,960,0,0.189734102,6.78E-05
961,961,0,0.035287531,5.37E-07
962,962,1,0.766709152,0.996102976
963,963,1,0.871004711,0.995963519
964,964,0,0.306680166,0.206109712
965,965,0,0.302873978,0.445949889
966,966,1,0.310917796,0.544451356
967,967,0,0.411280838,0.799775435
968,968,0,0.696533787,0.999158021
969,969,0,0.274242278,0.010133728
970,970,0,0.037027163,1.17E-07
971,971,1,0.930572071,0.999999991
972,972,1,0.846879924,1
973,973,0,0.073889704,1.28E-07
974,974,1,0.997271478,1
975,975,1,0.794284591,0.999999758
976,976,1,0.883876968,0.997086745
977,977,1,0.678615481,0.983459409
978,978,0,0.018451478,3.41E-10
979,979,1,0.853558995,0.999708323
980,980,1,0.641221136,0.910085937
981,981,1,0.737517046,0.999089143
982,982,1,0.94104399,1
983,983,1,0.773201262,0.999995402
984,984,0,0.055716344,1.34E-06
985,985,0,0.028221413,1.46E-07
986,986,0,0.692372495,0.94504466
987,987,1,0.303195799,0.999166269
988,988,1,0.529626666,0.992190126
989,989,1,0.812148703,0.991181039
990,990,1,0.736950347,0.998507157
991,991,0,0.562746809,0.99995299
992,992,1,0.3533095,0.761633261
993,993,0,0.312565525,0.562843424
994,994,1,0.812750142,0.998275302
995,995,0,0.181417036,9.35E-05
996,996,0,0.590714117,0.932269301
997,997,0,0.166677242,4.03E-05
998,998,1,0.511065796,0.889947131
999,999,0,0.215689318,0.000458901
1000,1000,0,0.530256923,0.9662436
1001,1001,0,0.152073154,2.27E-05
1002,1002,0,0.74877141,0.996014743
1003,1003,0,0.033433035,3.20E-05
1004,1004,0,0.43520817,0.157735081
1005,1005,1,0.689942847,1
1006,1006,1,0.962121545,0.999999999
1007,1007,1,0.915598977,1
1008,1008,1,0.75088841,0.996447965
1009,1009,0,0.008974608,4.31E-10
1010,1010,1,0.199008314,0.007524258
1011,1011,1,0.93903747,0.99987062
1012,1012,0,0.577400475,0.999999998
1013,1013,1,0.824266002,0.990437316
1014,1014,0,0.105781014,0.001058675
1015,1015,0,0.613905454,0.982543951
1016,1016,1,0.998174346,1
1017,1017,0,0.606154549,0.929526547
1018,1018,0,0.049665205,6.90E-08
1019,1019,1,0.839252382,0.999387191
1020,1020,0,0.404366265,0.700996285
1021,1021,1,0.408158437,0.369404136
1022,1022,1,0.612924615,0.976536389
1023,1023,0,0.630510142,0.990271775
1024,1024,0,0.246116611,0.532801
1025,1025,0,0.091177221,0.000307661
1026,1026,0,0.071377017,5.39E-07
1027,1027,1,0.967912378,1
1028,1028,0,0.063843081,6.21E-06
1029,1029,0,0.157678343,0.002643056
1030,1030,0,0.012368367,5.51E-10
1031,1031,1,0.905592527,0.99972253
1032,1032,1,0.838969168,0.997797865
1033,1033,0,0.022227336,3.72E-09
1034,1034,0,0.030050364,4.79E-05
1035,1035,1,0.625767017,0.028195523
1036,1036,1,0.759000063,0.947857213
1037,1037,1,0.835982742,0.998255729
1038,1038,0,0.029511392,3.19E-08
1039,1039,1,0.993542878,1
1040,1040,0,0.044185786,7.54E-05
1041,1041,0,0.017774499,8.55E-08
1042,1042,0,0.009026937,1.16E-08
1043,1043,0,0.043027138,7.76E-06
1044,1044,0,0.637040657,0.928326494
1045,1045,1,0.962923747,1
1046,1046,1,0.648938312,0.860973139
1047,1047,1,0.844190304,0.999752093
1048,1048,0,0.212750788,0.106825947
1049,1049,0,0.275189129,7.75E-05
1050,1050,0,0.553742158,0.956471582
1051,1051,0,0.017489608,2.63E-08
1052,1052,0,0.079195719,1.50E-06
1053,1053,1,0.32745898,0.083173538
1054,1054,1,0.643516201,0.15714518
1055,1055,1,0.921417372,0.999999868
1056,1056,0,0.585565103,0.499671672
1057,1057,0,0.745404645,0.971826642
1058,1058,0,0.100834757,1.72E-05
1059,1059,0,0.340471999,0.74487577
1060,1060,0,0.293333322,0.405143617
1061,1061,1,0.9863727,1
1062,1062,0,0.689685482,0.686330725
1063,1063,1,0.487212637,0.850018357
1064,1064,1,0.583771167,0.76080728
1065,1065,0,0.045247913,9.21E-07
1066,1066,1,0.512975789,0.956994646
1067,1067,1,0.739784204,0.992714305
1068,1068,1,0.15989753,2.96E-06
1069,1069,1,0.450180121,0.807364343
1070,1070,0,0.007194503,1.99E-09
1071,1071,1,0.64862612,0.924906208
1072,1072,1,0.874218363,1
1073,1073,1,0.399548194,0.756537473
1074,1074,1,0.533393959,0.96384862
1075,1075,1,0.398300187,0.999948208
1076,1076,0,0.291525987,5.34E-07
1077,1077,0,0.069932148,0.000191128
1078,1078,1,0.847303441,1
1079,1079,1,0.998839866,1
1080,1080,1,0.551013285,0.12468302
1081,1081,0,0.050063955,3.98E-08
1082,1082,1,0.894559461,0.999678608
1083,1083,1,0.311725595,0.01131063
1084,1084,0,0.025825774,4.36E-06
1085,1085,1,0.644133775,0.997724189
1086,1086,0,0.432174361,0.445501302
1087,1087,1,0.790399561,1
1088,1088,1,0.872326532,0.294519102
1089,1089,0,0.1015945,9.35E-07
1090,1090,1,0.597147176,0.264565883
1091,1091,1,0.813734215,0.999998394
1092,1092,1,0.928596596,0.999781599
1093,1093,0,0.009324033,4.33E-08
1094,1094,0,0.204773971,0.000713258
1095,1095,0,0.024759708,1.19E-08
1096,1096,1,0.45851529,0.009959491
1097,1097,0,0.017797866,3.00E-07
1098,1098,0,0.03386051,7.55E-08
1099,1099,0,0.515358622,0.967143238
1100,1100,0,0.302208612,0.235667814
1101,1101,1,0.889770171,0.999999579
1102,1102,1,0.78858917,0.958928374
1103,1103,1,0.963959508,1
1104,1104,1,0.889186661,1
1105,1105,1,0.965606615,1
1106,1106,0,0.134901429,7.06E-07
1107,1107,0,0.010819211,2.10E-08
1108,1108,0,0.339926177,0.706428586
1109,1109,0,0.82216541,0.994345421
1110,1110,0,0.021788314,1.20E-06
1111,1111,1,0.715526214,0.976313962
1112,1112,1,0.719751198,0.999540733
1113,1113,1,0.880004948,0.978199097
1114,1114,0,0.015468705,1.74E-07
1115,1115,0,0.082561559,0.000180275
1116,1116,0,0.050904201,3.14E-05
1117,1117,0,0.197860195,0.001693144
1118,1118,0,0.522192778,0.999957373
1119,1119,1,0.849616623,0.997682782
1120,1120,0,0.153597819,1.28E-05
1121,1121,0,0.102761326,0.000351673
1122,1122,0,0.599406453,0.987286427
1123,1123,1,0.744155487,0.917131778
1124,1124,1,0.862469931,0.998002616
1125,1125,1,0.496703706,0.299771497
1126,1126,1,0.468026973,0.000633559
1127,1127,1,0.998341347,1
1128,1128,1,0.346268246,0.01136705
1129,1129,1,0.317389144,0.045691085
1130,1130,0,0.018097813,9.81E-07
1131,1131,0,0.457974624,0.535501539
1132,1132,0,0.066143263,3.61E-07
1133,1133,0,0.009863455,7.23E-09
1134,1134,0,0.074108771,0.000345142
1135,1135,0,0.011864109,6.72E-06
1136,1136,0,0.316434658,0.696956368
1137,1137,0,0.193652421,0.00301056
1138,1138,1,0.917385175,0.998851018
1139,1139,1,0.292564546,0.00141299
1140,1140,1,0.527705708,0.593075462
1141,1141,1,0.911174536,0.999755055
1142,1142,1,0.510775511,0.860517073
1143,1143,0,0.371842195,0.000288376
1144,1144,1,0.79585913,0.99999997
1145,1145,0,0.561515359,0.998434602
1146,1146,0,0.014250093,2.08E-07
1147,1147,0,0.091072317,1.60E-05
1148,1148,0,0.617500135,0.997582009
1149,1149,0,0.02028167,3.79E-08
1150,1150,0,0.078240513,6.81E-05
1151,1151,0,0.219051846,0.000211562
1152,1152,1,0.631845801,0.999993379
1153,1153,0,0.21638558,2.41E-05
1154,1154,1,0.602521554,0.999787333
1155,1155,0,0.072785448,0.000539618
1156,1156,0,0.086436348,0.882802174
1157,1157,0,0.003552305,3.01E-07
1158,1158,0,0.150898985,0.000217061
1159,1159,1,0.999024762,1
1160,1160,1,0.934459459,0.99923759
1161,1161,0,0.300095039,3.94E-05
1162,1162,1,0.741307833,0.99864937
1163,1163,1,0.443834545,0.533387414
1164,1164,0,0.846873811,0.996272671
1165,1165,0,0.006713545,5.82E-09
1166,1166,0,0.131571444,2.91E-05
1167,1167,1,0.836839843,0.999005971
1168,1168,1,0.997991326,1
1169,1169,0,0.026456608,1.79E-08
1170,1170,1,0.998666146,1
1171,1171,1,0.483131172,0.687642658
1172,1172,0,0.024611028,1.99E-07
1173,1173,0,0.052083024,6.42E-06
1174,1174,0,0.482350268,0.671711703
1175,1175,1,0.444201798,0.754641734
1176,1176,1,0.998229423,1
1177,1177,0,0.407518666,0.644312078
1178,1178,0,0.373202856,0.632569444
1179,1179,1,0.983898122,0.999999999
1180,1180,0,0.242685454,0.003810647
1181,1181,0,0.060309593,7.05E-05
1182,1182,0,0.035815741,0.000405945
1183,1183,0,0.087311934,0.001440257
1184,1184,0,0.008659961,9.53E-09
1185,1185,0,0.502123229,0.105117227
1186,1186,0,0.394935885,0.000210857
1187,1187,1,0.754400435,0.433123941
1188,1188,1,0.813832878,0.99999998
1189,1189,0,0.016943427,2.26E-09
1190,1190,0,0.047275974,5.84E-07
1191,1191,1,0.432020337,0.873005146
1192,1192,1,0.671664477,0.95028771
1193,1193,0,0.0250613,3.00E-07
1194,1194,0,0.06017798,4.34E-10
1195,1195,0,0.070146659,4.87E-07
1196,1196,1,0.340100608,0.356563222
1197,1197,0,0.096004118,0.000316987
1198,1198,1,0.986604359,1
1199,1199,0,0.044905849,1.04E-06
1200,1200,1,0.982368295,1
1201,1201,1,0.98464796,1
1202,1202,0,0.084883172,7.57E-06
1203,1203,0,0.030427009,3.73E-06
1204,1204,0,0.067843518,3.43E-05
1205,1205,1,0.48513842,0.004973626
1206,1206,0,0.656547986,0.99002104
1207,1207,0,0.104208076,4.96E-05
1208,1208,0,0.010221912,1.94E-11
1209,1209,0,0.061477231,0.90837418
1210,1210,1,0.774249184,0.999999757
1211,1211,1,0.956936353,0.999999984
1212,1212,0,0.005299372,2.90E-07
1213,1213,1,0.516220584,0.21027263
1214,1214,0,0.042473473,4.42E-07
1215,1215,0,0.010622363,3.09E-09
1216,1216,1,0.501235356,0.782534247
1217,1217,0,0.292433209,0.962500104
1218,1218,0,0.037937301,1.44E-07
1219,1219,0,0.512218293,0.888959704
1220,1220,0,0.206686914,0.003747364
1221,1221,0,0.42388975,0.004725833
1222,1222,0,0.301343028,0.356162951
1223,1223,0,0.212555275,0.773442072
1224,1224,1,0.870153955,0.999390956
1225,1225,0,0.044107952,5.61E-06
1226,1226,1,0.68554122,0.980098156
1227,1227,1,0.27687925,0.77622859
1228,1228,0,0.221168722,6.37E-05
1229,1229,0,0.51146794,0.572815303
1230,1230,1,0.999329066,1
1231,1231,1,0.271113102,0.001044723
1232,1232,0,0.036707629,7.98E-06
1233,1233,0,0.490318284,0.712630337
1234,1234,1,0.999193229,1
1235,1235,0,0.182054988,0.116950246
1236,1236,0,0.112927619,0.00131857
1237,1237,1,0.479915154,0.001632723
1238,1238,1,0.242808323,0.014473499
1239,1239,0,0.061785608,3.54E-06
1240,1240,1,0.253372651,0.006700072
1241,1241,0,0.374846824,0.753458883
1242,1242,0,0.452079782,0.519697154
1243,1243,0,0.080349203,9.69E-06
1244,1244,0,0.116134176,0.000693391
1245,1245,0,0.346924464,0.183211439
1246,1246,0,0.022132084,2.03E-07
1247,1247,1,0.553660386,0.071166674
1248,1248,1,0.72810183,1
1249,1249,1,0.6803634,0.020866328
1250,1250,0,0.47476102,0.792759624
1251,1251,0,0.59075631,0.993680473
1252,1252,0,0.45882603,0.689529653
1253,1253,1,0.8632726,0.969091604
1254,1254,0,0.035720638,5.59E-07
1255,1255,1,0.877604832,0.999326833
1256,1256,1,0.953375992,1
1257,1257,1,0.962686328,1
1258,1258,0,0.547198206,0.032983717
1259,1259,0,0.600930387,0.607438924
1260,1260,0,0.481714234,0.844985002
1261,1261,1,0.522535237,0.905866
1262,1262,0,0.018204862,2.00E-08
1263,1263,1,0.421227976,1.34E-05
1264,1264,0,0.305519749,0.000729479
1265,1265,1,0.902251558,0.999298344
1266,1266,1,0.895593302,0.999830639
1267,1267,1,0.917921907,1
1268,1268,0,0.390418439,0.064990889
1269,1269,0,0.13053638,0.000367088
1270,1270,1,0.568359814,0.999985974
1271,1271,1,0.931702294,0.999991981
1272,1272,0,0.029851139,5.53E-08
1273,1273,0,0.700758646,0.947746065
1274,1274,0,0.036895103,3.70E-06
1275,1275,0,0.048975054,0.017071009
1276,1276,0,0.145978936,0.157697261
1277,1277,1,0.731729065,0.131913167
1278,1278,0,0.488727339,0.735029432
1279,1279,0,0.073047153,1.00E-05
1280,1280,1,1,1
1281,1281,0,0.034313554,6.60E-05
1282,1282,0,0.019663769,4.04E-07
1283,1283,1,0.876201355,0.998594501
1284,1284,0,0.364018275,0.380612233
1285,1285,1,0.723035539,0.367758158
1286,1286,0,0.226642522,0.198382919
1287,1287,1,0.900503397,1
1288,1288,1,0.02242824,2.57E-05
1289,1289,0,0.49748281,0.000111075
1290,1290,0,0.435864036,2.73E-07
1291,1291,0,0.645964825,0.011352166
1292,1292,1,0.938086098,1
1293,1293,1,0.705292638,0.974128249
1294,1294,1,0.117064643,0.000430366
1295,1295,0,0.228905776,0.000242346
1296,1296,0,0.061211772,1.41E-06
1297,1297,0,0.006829976,1.61E-10
1298,1298,0,0.043477345,3.46E-06
1299,1299,0,0.017186691,8.74E-08
1300,1300,1,0.576261558,0.956178435
1301,1301,1,0.979907303,1
1302,1302,0,0.533608502,1
1303,1303,1,1,1
1304,1304,1,0.789311913,0.995946143
1305,1305,1,0.849264389,0.999889078
1306,1306,0,0.018362042,3.28E-08
1307,1307,1,0.550261863,0.860216919
1308,1308,0,0.050381257,0.000327348
1309,1309,0,0.335699684,0.004893374
1310,1310,0,0.016769173,8.07E-06
1311,1311,0,0.056013322,3.41E-07
1312,1312,0,0.51514883,0.997811835
1313,1313,0,0.355879708,4.29E-08
1314,1314,1,0.488140968,0.704809889
1315,1315,1,0.628624874,0.989376104
1316,1316,1,0.843384943,0.997598828
1317,1317,0,0.070363433,1.03E-06
1318,1318,0,0.254262712,0.030369224
1319,1319,1,0.660208507,0.975817794
1320,1320,1,0.818139013,1
1321,1321,0,0.277135196,0.039494255
1322,1322,1,0.747937696,0.994736541
1323,1323,0,0.022905857,1.32E-07
1324,1324,1,1,1
1325,1325,0,0.091268234,3.93E-06
1326,1326,0,0.801094477,0.993377155
1327,1327,0,0.210407343,0.125735682
1328,1328,1,0.825809763,1
1329,1329,1,0.819128298,0.993649337
1330,1330,0,0.029058897,1.62E-07
1331,1331,1,0.904410514,0.998767918
1332,1332,1,0.355374503,0.003474798
1333,1333,0,0.273750749,0.158381959
1334,1334,1,0.839586779,0.684833821
1335,1335,0,0.110963085,0.000364663
1336,1336,0,0.053626822,0.000427946
1337,1337,0,0.845495961,1
1338,1338,0,0.028724367,8.65E-07
1339,1339,0,0.194961699,1.19E-05
1340,1340,1,0.394033145,0.769567331
1341,1341,1,0.886545403,0.999320558
1342,1342,0,0.074279875,5.87E-06
1343,1343,1,0.995053507,1
1344,1344,0,0.026500407,3.50E-06
1345,1345,0,0.039292188,1.14E-05
1346,1346,1,0.652036424,0.042524373
1347,1347,1,0.615637588,0.995125997
1348,1348,0,0.48347968,0.869094054
1349,1349,1,0.947119892,1
1350,1350,1,0.730648575,0.987252169
1351,1351,0,0.441339709,0.104704046
1352,1352,1,0.899673703,0.998184701
1353,1353,0,0.015143225,6.98E-07
1354,1354,1,0.919412817,0.999605973
1355,1355,0,0.526404975,0.955871159
1356,1356,0,0.252721574,3.75E-05
1357,1357,0,0.145387946,0.13980548
1358,1358,1,0.680416417,0.830378373
1359,1359,0,0.033742121,2.83E-07
1360,1360,0,0.13145401,8.18E-05
1361,1361,1,0.381263922,0.575218989
1362,1362,0,0.14614712,1.54E-05
1363,1363,1,0.34159477,0.354781485
1364,1364,0,0.010053202,2.51E-10
1365,1365,1,0.509949214,0.565912517
1366,1366,0,0.385507033,0.76504429
1367,1367,1,1,1
1368,1368,0,0.184424392,1.05E-05
1369,1369,0,0.438845101,0.840601183
1370,1370,1,0.572690671,0.463497016
1371,1371,1,0.45752506,0.405572912
1372,1372,0,0.640767803,0.445794438
1373,1373,0,0.068601832,1.34E-05
1374,1374,0,0.042309632,3.07E-07
1375,1375,0,0.20118741,0.002233214
1376,1376,0,0.021135422,9.43E-10
1377,1377,0,0.58025566,0.972145381
1378,1378,1,0.735338394,0.999999844
1379,1379,1,0.883205824,0.999939656
1380,1380,1,0.256201824,4.34E-05
1381,1381,1,0.912244922,0.999999931
1382,1382,0,0.598896965,1
1383,1383,1,0.549180303,0.799470908
1384,1384,0,0.520037217,0.953896056
1385,1385,1,0.351042707,0.02093076
1386,1386,1,0.814206521,0.998481652
1387,1387,1,0.981942291,1
1388,1388,0,0.062103745,1.28E-05
1389,1389,0,0.037219101,9.01E-09
1390,1390,0,0.30685336,0.999934178
1391,1391,1,0.41494071,0.99811742
1392,1392,0,0.052579948,6.99E-06
1393,1393,1,0.331083222,0.198302408
1394,1394,0,0.812565036,0.997407677
1395,1395,0,0.171284679,0.006371497
1396,1396,0,0.325490757,0.04614902
1397,1397,0,0.064135678,3.18E-05
1398,1398,1,0.363322506,9.24E-05
1399,1399,0,0.182956276,0.013574424
1400,1400,1,0.941964937,0.99992258
1401,1401,1,0.998553858,1
1402,1402,0,0.148772651,0.000498557
1403,1403,0,0.072413474,1.36E-05
1404,1404,0,0.476922761,0.244619313
1405,1405,0,0.302372357,0.326140475
1406,1406,0,0.114085665,0.142139572
1407,1407,1,0.82747727,0.989844701
1408,1408,1,0.509647732,0.764104608
1409,1409,0,0.121364167,0.00131096
1410,1410,0,0.020954814,6.89E-06
1411,1411,0,0.52260309,0.471665542
1412,1412,1,0.676081505,0.973733139
1413,1413,0,0.457570747,0.715685842
1414,1414,1,0.868293403,0.998395944
1415,1415,0,0.032402886,2.13E-07
1416,1416,0,0.087886235,3.07E-06
1417,1417,1,0.848582467,1
1418,1418,0,0.604818326,0.865375471
1419,1419,0,0.022693457,5.94E-08
1420,1420,1,0.919753178,1
1421,1421,0,0.180351079,0.00017642
1422,1422,1,0.821432155,0.997682028
1423,1423,0,0.039274101,1.02E-05
1424,1424,0,0.059723835,3.40E-07
1425,1425,0,0.104242508,3.01E-05
1426,1426,0,0.473809129,0.199228963
1427,1427,1,0.852536603,0.996537485
1428,1428,1,0.963438851,0.999942606
1429,1429,0,0.784078638,0.918055782
1430,1430,1,0.688843431,0.952393096
1431,1431,0,0.443894241,0.329241345
1432,1432,0,0.333952536,0.654296652
1433,1433,1,0.41060683,0.050827836
1434,1434,0,0.083159227,1.04E-07
1435,1435,0,0.581074744,0.034097875
1436,1436,1,0.776363895,0.954888286
1437,1437,1,0.674269417,0.956551536
1438,1438,1,0.804583938,0.997391893
1439,1439,0,0.384571092,0.6728596
1440,1440,1,0.476394786,0.023812618
1441,1441,1,0.769228204,0.990981745
1442,1442,0,0.410245376,8.46E-09
1443,1443,0,0.08578464,3.79E-05
1444,1444,1,0.842313838,0.997058986
1445,1445,1,0.496242721,0.000610575
1446,1446,1,0.586017096,0.974416159
1447,1447,0,0.576607489,0.032644738
1448,1448,0,0.375398954,0.804096152
1449,1449,0,0.796721188,0.987981727
1450,1450,1,0.999517867,1
1451,1451,0,0.015493261,6.78E-08
1452,1452,1,0.961122944,1
1453,1453,0,0.013858154,1.37E-09
1454,1454,0,0.011615236,1.44E-08
1455,1455,1,0.450548756,0.999969799
1456,1456,0,0.116472276,0.002582836
1457,1457,0,0.039439536,6.00E-07
1458,1458,0,0.077882471,8.98E-06
1459,1459,0,0.173384368,0.975620498
1460,1460,0,0.368858192,0.000409818
1461,1461,0,0.027721853,2.34E-08
1462,1462,1,0.434373817,0.004558291
1463,1463,1,0.704936496,0.985063769
1464,1464,1,0.84020094,0.987863686
1465,1465,1,0.738096679,0.984753835
1466,1466,0,0.025208003,1.36E-07
1467,1467,0,0.098662453,9.97E-05
1468,1468,0,0.016582211,1.54E-06
1469,1469,0,0.376243008,0.966204612
1470,1470,0,0.054905187,0.000189576
1471,1471,1,0.874877431,0.995787033
1472,1472,0,0.023688568,5.22E-06
1473,1473,1,0.572601329,0.885025411
1474,1474,0,0.136392185,4.35E-07
1475,1475,0,0.199743096,0.001266867
1476,1476,1,0.503155651,0.849175534
1477,1477,1,1,1
1478,1478,0,0.274547656,5.14E-05
1479,1479,0,0.027741813,1.76E-05
1480,1480,1,0.962692007,0.999999998
1481,1481,0,0.015050578,4.33E-08
1482,1482,0,0.033030418,2.64E-05
1483,1483,1,0.787350722,0.995912587
1484,1484,1,0.915602637,0.999948922
1485,1485,0,0.465089724,0.006460371
1486,1486,0,0.506230004,0.942413221
1487,1487,0,0.009240376,2.39E-09
1488,1488,0,0.082133197,0.000838974
1489,1489,0,0.012380085,2.13E-07
1490,1490,0,0.085278196,2.49E-05
1491,1491,1,0.914133922,0.992354388
1492,1492,0,0.117749219,2.77E-05
1493,1493,1,0.999389965,1
1494,1494,0,0.070581263,2.58E-05
1495,1495,0,0.013971811,1.65E-07
1496,1496,0,0.06342004,1.79E-05
1497,1497,0,0.072191626,6.20E-07
1498,1498,1,0.984670597,0.999999992
1499,1499,0,0.057953166,0.000282187
