,id,type,alcohol,density,volatile_acidity,chlorides,citric_acid,fixed_acidity,free_sulfur_dioxide,total_sulfur_dioxide,sulphates,residual_sugar,pH,train_or_test
0,0,white,10.9,0.9947300000000000,0.24,0.042,0.36,6.7,42.0,123.0,0.52,8.4,3.34,train
1,1,red,9.5,1.0004,0.39,0.091,0.63,12.3,6.0,18.0,0.49,2.3,3.16,train
2,2,white,12.4,0.9922,0.43,0.032,0.28,6.5,31.0,87.0,0.38,11.25,3.02,train
3,3,white,9.4,0.9966,0.31,0.04,0.29,7.6,21.0,145.0,0.35,10.5,3.04,train
4,4,white,10.2,0.9957,0.55,0.031,0.15,6.1,19.0,125.0,0.47,9.8,3.36,train
5,5,white,11.5,0.9928,0.29,0.053374835598421900,0.4,7.2,56.0,177.0,0.32,7.6,3.04,train
6,6,white,9.8,0.9967600000000000,0.11,0.053,0.26,6.7,44.0,95.0,0.35,14.8,3.2,train
7,7,red,9.4,0.9974,0.63,0.077,0.24,9.9,6.0,33.0,0.57,2.4,3.09,train
8,8,white,10.4,0.9954,0.21,0.045,0.28,7.0,37.0,222.0,0.54,8.7,3.25,train
9,9,white,10.2,0.9957,0.55,0.031,0.15,6.1,19.0,125.0,0.47,9.8,3.36,train
10,10,white,12.9,0.98836,0.28,0.031,0.39,5.9,47.0,147.0,0.64,1.4,3.08,train
11,11,white,11.1,0.9934,0.28,0.022000000000000000,0.45,8.8,14.0,49.0,0.33,6.0,3.01,train
12,12,white,10.2,0.9945,0.08,0.05,0.49,7.2,18.0,148.0,0.44,1.3,3.46,train
13,13,white,9.6,0.9966,0.13,0.062,0.34,7.6,40.0,126.0,0.39,9.3,3.21,train
14,14,white,9.2,0.99324,0.21,0.138,0.72,7.1,65.0,120.0,0.51,1.6,2.97,train
15,15,white,8.8,0.9987,0.34,0.047,0.54,6.7,44.0,181.0,0.56,16.3,3.04,train
16,16,white,8.8,0.9978,0.23,0.047,0.68,7.5,37.0,133.0,0.38,11.0,2.99,train
17,17,red,10.1,0.99935,0.37,0.071,0.58,10.9,17.0,65.0,0.78,4.0,3.22,train
18,18,white,9.8,0.992,0.17,0.034,0.49,6.0,26.0,106.0,0.42,1.0,3.21,train
19,19,white,11.3,0.992,0.37,0.04,0.32,8.0,32.0,166.0,0.55,1.6,3.0,train
20,20,red,10.2,0.9984,0.39,0.073,0.4,9.3,10.0,26.0,0.75,2.6,3.34,train
21,21,white,8.8,1.0006,0.17,0.053,0.44,8.1,43.0,145.0,0.75,14.1,3.28,train
22,22,white,11.4,0.99166,0.3,0.042,0.28,7.0,21.0,177.0,0.57,2.2,3.2,train
23,23,red,9.4,0.9968,0.67,0.11700000000000000,0.55,8.1,32.0,141.0,0.62,1.8,3.17,train
24,24,white,11.3,0.9916,0.25,0.026000000000000000,0.34,9.2,31.0,93.0,0.37,1.2,2.93,train
25,25,white,12.8,0.99016,0.65,0.035,0.23,5.9,20.0,128.0,0.48,5.0,3.46,train
26,26,white,9.0,0.9978,0.36,0.044000000000000000,0.58,6.1,42.0,115.0,0.51,15.0,3.15,train
27,27,red,10.2,0.9994,0.59,0.09,0.31,10.0,26.0,62.0,0.63,2.2,3.18,train
28,28,white,11.4,0.99069,0.28,0.053,0.31,7.1,20.0,98.0,0.5,1.5,3.15,train
29,29,white,9.5,0.9940000000000000,0.3,0.049,0.34,6.3,14.0,132.0,0.49,1.6,3.3,train
30,30,white,9.7,0.9983,0.29,0.046,0.29,8.0,26.0,113.0,0.37,13.2,3.25,train
31,31,white,11.8,0.9898,0.13,0.042,0.32,4.8,40.0,98.0,0.64,1.2,3.42,train
32,32,white,10.5,0.9945200000000000,0.23,0.046,0.32,6.8,47.0,159.0,0.52,8.6,3.08,train
33,33,red,9.0,0.9991,0.7,0.138,0.24,8.7,5.0,15.0,0.6,2.5,3.32,train
34,34,white,9.6,0.9952,0.31,0.054000000000000000,0.44,6.7,29.0,160.0,0.44,6.7,3.04,train
35,35,white,9.5,0.99566,0.28,0.051,0.09,6.6,37.0,131.0,0.62,10.9,2.93,train
36,36,white,11.3,0.99146,0.17,0.03,0.35,6.6,33.0,78.0,0.72,2.6,3.22,train
37,37,white,8.8,0.998,0.32,0.05,0.24,7.1,52.0,204.0,0.49,13.1,3.1,train
38,38,white,9.1,0.9984,0.28,0.049,0.54,7.3,62.0,162.5,0.45,12.9,3.06,train
39,39,white,12.2,0.99269,0.55,0.036000000000000000,0.05,7.0,19.0,164.0,0.46,8.0,3.26,train
40,40,white,10.2,0.99521,0.32,0.036000000000000000,0.33,6.1,27.0,98.0,0.52,10.7,3.34,train
41,41,white,12.7,0.98964,0.35,0.066,0.37,7.5,29.0,89.0,0.42,2.5,3.14,train
42,42,white,10.4,0.9955200000000000,0.29,0.04,0.25,6.9,29.0,136.0,0.65,12.2,3.05,train
43,43,white,11.0,0.9952,0.24,0.039,0.29,6.2,49.0,130.0,0.46,13.3,3.33,train
44,44,white,9.4,0.9937300000000000,0.34,0.042,0.21,6.1,17.0,133.0,0.53,5.0,3.02,train
45,45,white,8.8,0.9994,0.28,0.043,0.33,7.0,47.0,168.0,0.67,14.6,3.34,train
46,46,white,11.5,0.9937,0.32,0.038,0.32,7.1,16.0,66.0,0.4,11.0,3.24,train
47,47,white,10.9,0.9938,0.5,0.037000000000000000,0.47,8.1,23.0,126.0,0.42,1.1,3.21,train
48,48,red,11.2,0.9998,0.33,0.084,0.63,10.4,5.0,22.0,0.74,2.8,3.26,train
49,49,white,11.9,0.99364,0.2,0.035,0.29,6.2,21.0,93.0,0.34,11.8,3.18,train
50,50,white,11.1,0.9948,0.28,0.037000000000000000,0.37,6.9,16.0,76.0,0.54,9.1,3.05,train
51,51,white,9.6,0.9948,0.25,0.038,0.3,6.4,15.0,129.0,0.49,5.5,3.14,train
52,52,white,9.8,0.9982,0.41,0.048,0.24,6.5,24.0,113.0,0.53,14.0,3.44,train
53,53,white,9.0,0.99808,0.18,0.062,0.3,6.8,19.0,171.0,0.52,12.8,3.0,train
54,54,red,10.5,0.99746,0.61,0.08,0.01,6.6,8.0,25.0,0.73,1.9,3.67,train
55,55,white,10.9,0.9940000000000000,0.25,0.055,0.28,6.1,56.0,131.0,0.35,10.0,3.22,train
56,56,white,10.0,0.9967,0.22,0.059000000000000000,0.38,7.8,28.0,99.0,0.47,10.3,3.12,train
57,57,white,12.7,0.98961,0.23,0.025,0.34,6.0,23.0,111.0,0.37,1.3,3.36,train
58,58,white,9.1,0.9971,0.685,0.07,0.21,7.2,33.0,172.0,0.55,9.5,3.0,train
59,59,white,11.6,0.9941,0.39,0.044000000000000000,0.35,7.1,26.0,72.0,0.29,12.5,3.17,train
60,60,white,9.1,0.9996,0.25,0.041000000000000000,0.42,7.3,57.0,182.0,0.75,14.2,3.29,train
61,61,white,11.3,0.993,0.32,0.04,0.36,7.6,32.0,155.0,0.52,1.6,3.23,train
62,62,white,9.2,0.99815,0.34,0.04,0.28,7.7,31.0,117.0,0.29,11.0,3.27,train
63,63,red,11.2,0.9958,0.715,0.086,0.1,7.5,5.0,12.0,0.6,3.1,3.54,train
64,64,red,9.5,0.9959,0.715,0.092,0.42,7.7,8.0,86.0,0.59,1.9,3.23,train
65,65,white,12.3,0.9912,0.26,0.028000000000000000,0.32,6.0,29.0,113.0,0.71,3.5,3.4,train
66,66,white,12.9,0.98834,0.255,0.037000000000000000,0.27,6.2,30.0,86.0,0.59,1.3,3.05,train
67,67,red,10.0,0.9994,0.705,0.092,0.12,8.3,12.0,28.0,0.72,2.6,3.51,train
68,68,white,11.2,0.9919600000000000,0.22,0.041000000000000000,0.24,7.2,17.0,159.0,0.53,1.4,3.25,train
69,69,white,9.1,0.99336,0.34,0.053,0.2,6.6,26.0,112.0,0.55,1.0,3.32,train
70,70,white,11.2,0.9918400000000000,0.36,0.038,0.22,6.2,44.0,145.0,0.4,5.25,3.22,train
71,71,white,9.8,0.9944,0.37,0.036000000000000000,0.14,5.9,34.0,185.0,0.63,6.3,3.17,train
72,72,white,9.1,1.0,0.18,0.056000000000000000,0.36,7.4,72.0,163.0,0.35,13.1,3.42,train
73,73,white,12.06666667,0.99005,0.35,0.041000000000000000,0.29,6.2,22.0,79.0,0.59,3.9,3.1,train
74,74,white,8.9,0.9996,0.29,0.043,0.4,6.9,36.0,156.0,0.47,18.35,2.93,train
75,75,red,9.2,0.9986,0.62,0.138,0.18,8.9,52.0,145.0,0.88,3.8,3.16,train
76,76,white,10.5,0.992,0.35,0.036000000000000000,0.49,8.8,14.0,56.0,0.33,1.0,2.96,train
77,77,white,12.5,0.98935,0.25,0.024,0.44,6.3,36.0,116.0,0.4,1.7,3.18,train
78,78,white,9.1,0.9942,0.29,0.138,0.44,6.4,75.0,181.0,0.41,3.6,3.02,train
79,79,white,12.2,0.9908,0.23,0.041000000000000000,0.37,7.3,51.0,165.0,0.4,1.9,3.26,train
80,80,white,10.0,0.9948,0.15,0.043,0.39,7.2,21.0,159.0,0.47,1.8,3.52,train
81,81,white,9.5,0.995,0.3,0.04,0.24,6.3,38.0,141.0,0.47,6.6,3.22,train
82,82,white,9.4,0.9937,0.23,0.138,0.39,6.7,63.0,158.0,0.36,2.5,3.11,train
83,83,red,10.0,0.9976,0.67,0.054000000000000000,0.39,10.2,6.0,17.0,0.47,1.9,3.17,train
84,84,white,13.0,0.98854,0.6,0.031,0.34,5.3,3.0,60.0,0.38,1.4,3.27,train
85,85,white,10.7,0.9931,0.21,0.06,0.34,7.5,26.0,111.0,0.47,1.2,3.51,train
86,86,red,9.4,0.99785,0.54,0.09700000000000000,0.13,7.6,24.0,66.0,0.61,2.5,3.39,train
87,87,white,11.1,0.99331,0.33,0.041000000000000000,0.3,6.4,42.0,168.0,0.49,7.2,3.22,train
88,88,white,12.9,0.9892,0.23,0.022000000000000000,0.31,6.3,11.0,82.0,0.4,1.5,3.3,train
89,89,white,12.4,0.9893,0.28,0.028000000000000000,0.36,7.4,42.0,105.0,0.39,1.1,2.99,train
90,90,white,11.3,0.99159,0.18,0.032,0.29,5.9,68.0,137.0,0.38,4.6,3.21,train
91,91,white,12.2,0.9914200000000000,0.23,0.06,0.3,6.6,29.0,154.0,0.49,4.6,3.23,train
92,92,red,12.7,0.9900700000000000,0.18,0.049,0.37,8.0,36.0,109.0,0.44,0.9,2.89,train
93,93,white,8.9,0.9979,0.24,0.066,0.42,7.4,48.0,198.0,0.42,14.0,2.89,train
94,94,white,10.8,0.9914300000000000,0.16,0.042,0.36,6.0,13.0,61.0,0.54,1.6,3.22,train
95,95,white,10.1,0.99266,0.3,0.054000000000000000,0.32,6.2,27.0,183.0,0.43,1.3,3.3,train
96,96,red,10.6,0.9968300000000000,0.37,0.085,0.34,10.1,5.0,17.0,0.65,2.4,3.17,train
97,97,white,9.0,0.9956,0.27,0.056000000000000000,0.43,6.2,48.0,244.0,0.51,7.8,3.1,train
98,98,white,10.0,0.998,0.25,0.044000000000000000,0.49,8.0,31.0,185.0,0.49,9.0,3.34,train
99,99,red,9.9,0.9959,0.715,0.084,0.05,7.9,13.0,29.0,0.55,2.2,3.22,train
100,100,white,10.9,0.99264,0.14,0.036000000000000000,0.46,6.7,15.0,92.0,0.49,1.6,3.37,train
101,101,white,10.5,0.9940000000000000,0.245,0.032,0.25,5.6,12.0,68.0,0.34,9.7,3.31,train
102,102,white,12.2,0.99165,0.2,0.022000000000000000,0.73,7.4,34.0,113.0,0.55,2.1,3.26,train
103,103,white,12.1,0.99461,0.38,0.041000000000000000,0.29,7.1,30.0,137.0,0.92,13.6,3.02,train
104,104,white,9.4,0.9932,0.15,0.033,0.49,6.2,17.0,51.0,0.7,0.9,3.3,train
105,105,white,9.6,0.9976,0.3,0.05,0.51,7.0,40.0,168.0,0.52,13.6,3.07,train
106,106,red,10.0,0.9971200000000000,0.715,0.079,0.26,9.5,13.0,28.0,0.62,1.9,3.25,train
107,107,white,8.9,0.9986200000000000,0.22,0.044000000000000000,0.2,5.7,41.0,113.0,0.46,16.0,3.22,train
108,108,red,9.4,0.9976,0.56,0.078,0.23,8.2,14.0,104.0,0.62,3.4,3.28,train
109,109,white,11.4,0.99177,0.38,0.042,0.4,7.1,54.0,201.0,0.5,2.2,3.03,train
110,110,white,10.4,0.9944,0.32,0.034,0.4,7.1,13.0,84.0,0.6,1.5,3.42,train
111,111,red,12.4,0.99408,0.28,0.09300000000000000,0.48,8.3,6.0,12.0,0.62,2.1,3.26,train
112,112,white,10.2,0.9966,0.34,0.036000000000000000,0.33,8.8,46.0,172.0,0.4,9.7,3.08,train
113,113,white,9.8,0.99659,0.3,0.041000000000000000,0.33,6.8,60.0,168.0,0.56,12.8,3.1,train
114,114,white,10.8,0.9904,0.475,0.03,0.06,6.4,9.0,131.0,0.29,1.0,2.97,train
115,115,white,9.3,0.9942800000000000,0.3,0.041000000000000000,0.25,6.9,26.0,124.0,0.5,3.3,3.18,train
116,116,red,9.4,0.9987,0.54,0.077,0.04,6.9,7.0,27.0,0.91,3.0,3.67,train
117,117,white,9.6,0.9948,0.17,0.053,0.32,7.9,47.0,150.0,0.76,1.6,3.29,train
118,118,white,10.0,0.9922,0.16,0.04,0.32,7.2,50.0,121.0,0.33,0.8,3.27,train
119,119,white,8.9,0.9963,0.26,0.049,0.3,7.4,38.0,157.0,0.48,7.9,3.13,train
120,120,white,9.4,0.99566,0.31,0.043,0.18,6.7,57.0,200.0,0.44,7.7,3.17,train
121,121,white,10.1,0.99266,0.3,0.052000000000000000,0.32,6.2,32.0,185.0,0.44,1.2,3.28,train
122,122,white,10.0,0.99261,0.22,0.045,0.23,6.0,10.0,122.0,0.63,5.0,2.94,train
123,123,red,9.9,0.9972,0.27,0.138,0.68,7.7,5.0,10.0,0.92,3.5,3.25,train
124,124,white,9.6,0.9998,0.28,0.056000000000000000,0.35,7.7,31.0,117.0,0.5,15.3,3.27,train
125,125,white,12.3,0.99175,0.4,0.034,0.27,7.7,27.0,95.0,0.59,4.5,3.21,train
126,126,white,10.4,0.9915200000000000,0.17,0.034,0.3,6.4,33.0,125.0,0.49,2.8,3.03,train
127,127,white,10.7,0.9927,0.23,0.039,0.22,6.3,37.0,116.0,0.5,3.75,3.23,train
128,128,red,9.7,0.9974800000000000,0.635,0.077,0.07,7.2,16.0,86.0,0.54,2.6,3.51,train
129,129,white,9.3,1.0006,0.21,0.049,0.58,8.3,62.0,213.0,0.51,17.1,3.01,train
130,130,white,10.2,0.9935800000000000,0.21,0.041000000000000000,0.62,6.8,7.0,113.0,0.59,6.4,2.96,train
131,131,white,9.4,0.99898,0.46,0.046,0.2,7.0,50.0,184.0,0.56,16.7,3.08,train
132,132,white,11.4,0.993,0.41,0.046,0.51,8.3,11.0,207.0,0.55,2.0,3.02,train
133,133,red,9.3,0.997,0.62,0.079,0.21,6.7,8.0,62.0,0.58,1.9,3.52,train
134,134,white,10.4,0.992,0.21,0.036000000000000000,0.41,7.2,33.0,85.0,0.51,1.3,3.17,train
135,135,red,9.3,0.9969,0.63,0.08800000000000000,0.31,6.2,15.0,64.0,0.79,1.7,3.46,train
136,136,white,12.1,0.9895800000000000,0.16,0.031,0.29,7.2,40.0,123.0,0.4,1.0,3.12,train
137,137,white,12.8,0.9898600000000000,0.28,0.037000000000000000,0.34,5.8,24.0,125.0,0.33,2.2,3.36,train
138,138,white,9.9,0.9952,0.24,0.036000000000000000,0.41,6.7,29.0,148.0,0.62,8.7,3.22,train
139,139,white,11.4,0.9903300000000000,0.2,0.043,0.28,5.9,45.0,100.0,0.41,1.0,3.4,train
140,140,red,9.0,0.99685,0.715,0.065,0.09,8.2,7.0,37.0,0.55,2.3,3.32,train
141,141,white,10.0,0.9967,0.22,0.059000000000000000,0.38,7.8,28.0,99.0,0.47,10.3,3.12,train
142,142,white,10.2,0.9931,0.38,0.044000000000000000,0.15,6.6,25.0,78.0,0.38,4.6,3.11,train
143,143,white,12.1,0.9901,0.28,0.028000000000000000,0.34,7.8,32.0,118.0,0.38,1.6,3.0,train
144,144,red,10.5,0.9978600000000000,0.41,0.091,0.37,9.6,10.0,23.0,0.56,2.3,3.24,train
145,145,white,8.0,0.9968800000000000,0.215,0.041000000000000000,0.23,4.2,64.0,157.0,0.44,5.1,3.42,train
146,146,white,12.4,0.9918,0.24,0.048,0.5,9.0,26.0,107.0,0.34,1.2,3.21,train
147,147,white,10.3,0.9941,0.18,0.054000000000000000,0.39,7.5,23.0,91.0,0.45,1.9,3.27,train
148,148,red,9.7,0.9968,0.4,0.085,0.14,6.9,21.0,40.0,0.63,2.4,3.43,train
149,149,red,11.5,0.998,0.44,0.107,0.5,10.3,5.0,13.0,0.83,4.5,3.28,train
150,150,white,11.3,0.9902,0.17,0.03,0.28,4.8,22.0,111.0,0.34,2.9,3.38,train
151,151,white,9.5,0.9928,0.1,0.047,0.27,5.7,21.0,100.0,0.46,1.3,3.27,train
152,152,white,12.6,0.98862,0.22,0.034,0.28,6.0,47.0,90.0,0.38,1.1,3.22,train
153,153,red,10.4,0.99634,0.43,0.08200000000000000,0.17,7.1,27.0,51.0,0.64,1.8,3.49,train
154,154,white,10.5,0.9945,0.13,0.056000000000000000,0.3,7.0,31.0,122.0,0.42,5.0,3.47,train
155,155,red,10.0,0.9984,0.43,0.095,0.33,10.0,28.0,89.0,0.68,2.7,3.22,train
156,156,red,9.5,0.9968,0.58,0.073,0.02,7.8,9.0,18.0,0.57,2.0,3.36,train
157,157,white,12.4,0.99066,0.27,0.045,0.33,8.1,26.0,100.0,0.44,1.3,2.98,train
158,158,white,11.8,0.99041,0.26,0.019,0.26,6.8,23.5,72.0,0.47,2.0,3.16,train
159,159,white,9.0,0.9983,0.24,0.05,0.34,7.3,38.0,174.0,0.42,15.4,3.03,train
160,160,red,11.4,0.9946200000000000,0.39,0.102,0.24,6.9,4.0,7.0,0.58,2.1,3.44,train
161,161,white,8.8,0.99754,0.28,0.049,0.23,6.6,45.0,190.0,0.51,10.4,3.12,train
162,162,white,10.6,0.9934,0.17,0.034,0.33,7.0,17.0,127.0,0.39,4.0,3.19,train
163,163,white,12.7,0.9902,0.32,0.023,0.37,6.8,19.0,87.0,0.53,3.4,3.14,train
164,164,white,9.9,0.992,0.35,0.045,0.35,5.5,14.0,167.0,0.68,1.1,3.34,train
165,165,white,10.3,0.9955,0.22,0.046,0.29,6.8,82.0,188.0,0.44,8.9,3.3,train
166,166,white,10.9,0.9914,0.3,0.028000000000000000,0.4,7.8,23.0,122.0,0.39,1.8,3.14,train
167,167,white,12.4,0.98895,0.29,0.029000000000000000,0.38,5.4,31.0,132.0,0.36,1.2,3.28,train
168,168,white,10.4,0.9979,0.32,0.046,0.22,6.6,38.0,133.0,0.67,16.7,3.22,train
169,169,white,13.5,0.98936,0.36,0.036000000000000000,0.28,7.1,35.0,115.0,0.44,2.4,3.19,train
170,170,white,10.7,0.99535,0.28,0.039,0.22,6.4,51.0,150.0,0.43,12.8,3.23,train
171,171,white,9.0,0.9976,0.36,0.051,0.26,6.2,54.0,201.0,0.46,13.2,3.25,train
172,172,white,9.2,1.0001,0.25,0.048,0.49,8.3,50.0,228.0,0.52,16.8,3.03,train
173,173,red,11.0,0.9951,0.27,0.05,0.34,7.5,4.0,8.0,0.64,2.3,3.4,train
174,174,white,10.9,0.995,0.18,0.058000000000000000,0.36,7.9,31.0,132.0,0.52,5.9,3.25,train
175,175,white,9.1,0.99675,0.56,0.034,0.22,6.6,27.0,133.0,0.51,8.9,3.2,train
176,176,white,8.7,0.99354,0.26,0.06,0.15,6.0,51.0,154.0,0.51,1.3,3.14,train
177,177,white,9.0,0.9949,0.58,0.057,0.3,6.6,30.0,123.0,0.38,5.1,3.24,train
178,178,white,9.5,0.9958,0.28,0.049,0.3,6.6,57.0,202.0,0.39,7.8,3.24,train
179,179,red,9.5,0.9964,0.705,0.138,0.24,7.5,15.0,63.0,0.92,1.8,3.0,train
180,180,white,9.5,0.997,0.3,0.032,0.45,6.7,56.0,212.0,0.59,10.6,3.22,train
181,181,white,9.5,0.9972,0.24,0.053,0.26,5.9,34.0,134.0,0.45,12.3,3.34,train
182,182,white,9.8,0.9942,0.3196643264589750,0.039,0.26,7.9,8.0,143.0,0.74,2.1,3.05,train
183,183,red,9.6,0.9966,0.49,0.062,0.26,7.7,9.0,31.0,0.64,1.9,3.39,train
184,184,white,9.9,0.9949,0.41,0.057,0.24,7.3,41.0,163.0,0.41,6.8,3.2,train
185,185,white,11.5,0.9933,0.3,0.03,0.47,5.9,19.0,133.0,0.43,7.85,3.52,train
186,186,red,11.0,0.99685,0.52,0.081,0.25,6.9,10.0,37.0,0.5,2.6,3.46,train
187,187,white,9.2,0.9934,0.35,0.06,0.04,6.2,23.0,108.0,0.54,1.2,3.26,train
188,188,white,9.0,0.9959,0.26,0.047,0.22,6.8,57.0,210.0,0.47,7.7,3.1,train
189,189,white,11.94,0.99172,0.41,0.035,0.22,6.3,23.0,117.0,0.39,7.3,3.2,train
190,190,white,12.7,0.9906,0.3,0.066,0.46,7.1,29.0,133.0,0.54,1.5,3.12,train
191,191,white,10.8,0.99326,0.22,0.029000000000000000,0.31,6.9,41.0,131.0,0.49,6.3,3.08,train
192,192,white,11.0,0.9928,0.2,0.049,0.26,6.0,22.0,93.0,0.42,6.8,3.15,train
193,193,white,9.6,0.99692,0.32,0.031,0.33,7.8,47.0,194.0,0.58,10.4,3.07,train
194,194,white,11.6,0.9923,0.19,0.023,0.25,6.1,23.0,112.0,0.51,4.0,3.37,train
195,195,red,10.2,0.9962,0.45,0.094,0.23,8.0,16.0,29.0,0.49,2.2,3.21,train
196,196,white,9.5,0.997,0.24,0.05,0.35,6.7,64.0,205.0,0.5,13.1,3.15,train
197,197,white,10.0,0.99445,0.46,0.046,0.08,6.4,34.0,144.0,0.56,4.9,3.1,train
198,198,white,9.2,0.9931400000000000,0.5,0.059000000000000000,0.2,6.4,19.0,112.0,0.4,2.4,3.18,train
199,199,white,10.5,0.9922,0.16,0.031,0.37,6.1,37.0,97.0,0.58,1.1,3.4,train
200,200,white,10.5,0.99092,0.17,0.041000000000000000,0.31,6.5,34.0,121.0,0.46,1.5,3.06,train
201,201,white,10.4,0.99524,0.25,0.041000000000000000,0.32,5.7,43.0,127.0,0.53,12.2,3.23,train
202,202,red,10.2,0.9993,0.27,0.079,0.49,12.3,28.0,46.0,0.8,3.1,3.2,train
203,203,white,12.5,0.992,0.4,0.034,0.32,5.9,50.0,127.0,0.58,6.0,3.51,train
204,204,white,10.6,0.99516,0.41,0.032,0.2,6.1,54.0,136.0,0.43,12.6,2.91,train
205,205,white,11.4,0.9913,0.24,0.045,0.34,7.2,3.0,64.0,0.51,1.1,3.23,train
206,206,white,9.3,0.9985300000000000,0.23,0.054000000000000000,0.22,6.3,42.0,151.0,0.6,17.45,3.12,train
207,207,white,9.0,0.9983,0.24,0.05,0.34,7.3,38.0,174.0,0.42,15.4,3.03,train
208,208,red,11.0,0.9977,0.24,0.075,0.49,10.4,6.0,20.0,0.92,1.8,3.18,train
209,209,white,9.5,0.99416,0.2,0.054000000000000000,0.31,8.4,16.0,89.0,0.45,2.8,2.96,train
210,210,white,13.1,0.98988,0.4,0.032,0.25,6.4,15.0,91.0,0.52,4.2,3.26,train
211,211,red,9.4,1.0004,0.55,0.087,0.17,9.7,20.0,53.0,0.61,2.9,3.14,train
212,212,red,11.3,0.9948,0.42,0.068,0.27,6.7,24.0,148.0,0.57,8.6,3.16,train
213,213,white,9.5,0.995,0.23,0.04,0.33,7.0,25.0,136.0,0.58,5.8,3.19,train
214,214,white,9.4,0.9956,0.32,0.05,0.49,8.9,17.0,131.0,0.34,1.6,3.13,train
215,215,white,10.4,0.9932,0.34,0.04,0.27,7.8,25.0,106.0,0.55,1.2,3.01,train
216,216,white,9.1,0.9942,0.29,0.138,0.44,6.4,75.0,181.0,0.41,3.6,3.02,train
217,217,white,10.8,0.9936200000000000,0.3,0.036000000000000000,0.25,6.6,21.0,124.0,0.38,8.0,3.06,train
218,218,red,12.5,0.99444,0.31,0.078,0.39,8.3,17.0,43.0,0.77,2.4,3.31,train
219,219,white,10.0,0.9944,0.26,0.037000000000000000,0.44,7.8,43.0,132.0,0.65,1.3,3.18,train
220,220,white,9.6,0.9954,0.61,0.03,0.45,8.2,15.0,118.0,0.34,5.4,3.14,train
221,221,white,11.8,0.99206,0.22,0.029000000000000000,0.36,6.6,30.0,105.0,0.47,5.5,3.2,train
222,222,red,9.8,0.9968,0.715,0.098,0.0,7.8,25.0,67.0,0.68,2.6,3.2,train
223,223,white,10.0,0.9941,0.36,0.038,0.21,5.7,51.0,166.0,0.63,6.7,3.29,train
224,224,white,13.4,0.98944,0.45,0.033,0.27,5.4,20.0,102.0,0.27,6.4,3.22,train
225,225,white,9.3,0.99424,0.32,0.054000000000000000,0.12,6.2,6.0,97.0,0.5,4.8,3.16,train
226,226,white,10.4,0.9934700000000000,0.15,0.029000000000000000,0.28,6.9,14.0,107.0,0.46,4.4,3.24,train
227,227,white,11.8,0.99439,0.32,0.029000000000000000,0.35,8.4,3.0,46.0,0.34,11.7,3.02,train
228,228,white,10.4,0.9940000000000000,0.24,0.06,0.32,5.5,19.0,102.0,0.31,8.7,3.27,train
229,229,red,9.8,0.9940000000000000,0.715,0.138,0.09,5.7,7.0,19.0,0.48,1.5,3.5,train
230,230,white,10.0,0.99475,0.31,0.04,0.39,6.4,57.0,213.0,0.43,7.5,3.32,train
231,231,white,10.4,0.9934,0.62,0.039,0.24,6.7,6.0,62.0,0.32,1.1,3.41,train
232,232,white,10.4,0.99316,0.24,0.033,0.26,8.0,36.0,136.0,0.51,1.7,3.44,train
233,233,white,10.0,0.9974,0.24,0.044000000000000000,0.39,8.5,20.0,142.0,0.53,10.4,3.2,train
234,234,white,8.8,0.9994,0.28,0.043,0.33,7.0,47.0,168.0,0.67,14.6,3.34,train
235,235,white,10.3,0.9920700000000000,0.24,0.05,0.18,5.4,22.0,145.0,0.46,2.3,3.24,train
236,236,white,11.9,0.99064,0.25,0.045,0.45,7.0,40.0,118.0,0.48,2.3,3.16,train
237,237,white,8.7,0.9975,0.37,0.045,0.67,7.1,49.0,155.0,0.44,10.5,3.16,train
238,238,white,11.8,0.991,0.32,0.033,0.38,5.8,23.0,94.0,0.42,4.75,3.42,train
239,239,red,9.3,0.99735,0.62,0.079,0.05,7.8,6.0,18.0,0.63,2.3,3.29,train
240,240,red,9.4,0.9974,0.63,0.077,0.24,9.9,6.0,33.0,0.57,2.4,3.09,train
241,241,white,10.2,0.9928,0.18,0.044000000000000000,0.31,6.5,30.0,127.0,0.5,1.7,3.49,train
242,242,white,9.8,0.9924,0.26,0.052000000000000000,0.49,6.3,34.0,134.0,0.61,1.5,2.99,train
243,243,white,9.1,0.99956,0.3,0.057,0.44,6.7,65.0,224.0,0.53,18.35,3.11,train
244,244,white,10.1,0.9977300000000000,0.26,0.059000000000000000,0.24,5.7,23.0,124.0,0.5,17.8,3.3,train
245,245,white,10.2,0.9936,0.34,0.05,0.21,7.3,14.0,136.0,0.44,3.2,3.25,train
246,246,white,11.05,0.9956,0.14,0.026000000000000000,0.36,8.3,13.0,60.0,0.35,8.8,3.13,train
247,247,white,9.2,0.9960400000000000,0.38,0.047,0.24,6.4,41.0,151.0,0.6,7.2,3.11,train
248,248,white,10.8,0.9951,0.27,0.046,0.26,6.2,43.0,127.0,0.37,12.1,3.16,train
249,249,white,11.0,0.99313,0.275,0.038,0.24,5.3,28.0,114.0,0.51,7.4,3.38,train
250,250,white,9.5,0.996,0.28,0.058000000000000000,0.46,9.2,39.0,133.0,0.58,3.2,3.14,test
251,251,white,11.3,0.9911,0.36,0.038,0.26,5.8,40.0,153.0,0.55,3.3,3.34,test
252,252,white,10.1,0.9942,0.23,0.035,0.21,6.3,29.0,142.0,0.33,5.1,3.36,test
253,253,white,11.6,0.992,0.26,0.054000000000000000,0.36,8.0,30.0,121.0,0.72,2.0,3.09,test
254,254,white,9.9,0.9983,0.22,0.053,0.34,6.5,55.0,177.0,0.44,12.0,3.52,test
255,255,red,11.8,0.9947,0.18,0.066,0.34,7.7,15.0,58.0,0.78,2.7,3.37,test
256,256,red,10.0,0.9950200000000000,0.74,0.086,0.07,7.4,15.0,48.0,0.48,1.7,3.12,test
257,257,red,9.3,0.9961400000000000,0.23,0.057,0.37,10.2,14.0,36.0,0.49,2.2,3.23,test
258,258,white,10.5,0.993,0.15,0.055,0.39,8.3,32.0,146.0,0.39,1.3,3.08,test
259,259,white,8.6,0.9977,0.31,0.041000000000000000,0.69,7.3,58.0,160.0,0.45,10.2,3.06,test
260,260,red,10.9,0.9951400000000000,0.6,0.079,0.01,7.1,24.0,37.0,0.61,2.3,3.4,test
261,261,red,10.3,0.99564,0.57,0.081,0.05,7.2,16.0,36.0,0.6,2.3,3.38,test
262,262,red,10.5,0.99734,0.37,0.09,0.5,11.3,20.0,47.0,0.57,1.8,3.15,test
263,263,red,10.2,0.9991400000000000,0.6,0.068,0.3,7.0,20.0,110.0,0.95,4.5,3.3,test
264,264,white,11.1,0.9923,0.19,0.037000000000000000,0.34,7.5,33.0,125.0,0.49,2.6,3.1,test
265,265,red,9.3,0.9949400000000000,0.58,0.073,0.2,7.5,34.0,44.0,0.43,2.0,3.1,test
266,266,red,9.5,0.9983,0.56,0.08200000000000000,0.22,8.3,10.0,86.0,0.62,2.4,3.37,test
267,267,white,10.2,0.9926,0.39,0.036000000000000000,0.22,7.6,19.0,113.0,0.29,2.8,3.03,test
268,268,red,9.2,0.99592,0.58,0.08,0.03,7.5,27.0,46.0,0.47,4.1,3.02,test
269,269,white,12.0,0.9928,0.34,0.08800000000000000,0.74,6.8,23.0,185.0,0.7,2.8,3.51,test
270,270,red,9.5,0.9955800000000000,0.63,0.09300000000000000,0.0,6.6,51.0,77.5,0.45,4.3,3.2,test
271,271,white,9.5,0.9946,0.14,0.049,0.26,8.3,56.0,189.0,0.62,1.5,3.21,test
272,272,white,10.0,0.9932,0.52,0.047,0.17,6.5,5.0,26.0,0.32,1.4,3.26,test
273,273,white,12.6,0.9917,0.33,0.024,0.44,8.8,9.0,87.0,0.4,6.35,2.96,test
274,274,red,9.4,0.9992200000000000,0.46,0.091,0.23,9.2,18.0,77.0,0.51,2.6,3.15,test
275,275,white,10.5,0.9932,0.15,0.05,0.4,7.3,24.0,92.0,0.45,2.0,3.14,test
276,276,white,10.0,0.9941,0.26,0.049,0.41,8.6,29.0,111.0,0.44,2.2,2.96,test
277,277,white,10.3,0.9932,0.16,0.043,0.44,7.6,25.0,109.0,0.75,1.4,3.11,test
278,278,white,10.5,0.9948,0.2,0.054000000000000000,0.41,7.1,24.0,166.0,0.62,2.1,3.48,test
279,279,white,9.2,0.998,0.105,0.051,0.32,6.7,34.0,106.0,0.45,12.4,3.54,test
280,280,red,10.9,0.9951400000000000,0.6,0.079,0.01,7.1,24.0,37.0,0.61,2.3,3.4,test
281,281,white,10.2,0.9972,0.3,0.055,0.36,7.1,44.5,234.0,0.64,6.8,3.49,test
282,282,white,10.2,0.998,0.34,0.052000000000000000,0.49,9.3,30.0,146.0,0.61,7.3,3.17,test
283,283,red,9.5,0.9966800000000000,0.41,0.079,0.31,6.9,21.0,51.0,0.55,2.0,3.47,test
284,284,white,9.7,0.993,0.15,0.039,0.46,6.2,38.0,123.0,0.51,1.6,3.38,test
285,285,white,12.1,0.9912,0.18,0.04,0.37,8.0,15.0,96.0,0.61,1.3,3.06,test
286,286,white,10.5,0.9916,0.18,0.045,0.42,7.1,47.0,157.0,0.31,1.4,2.95,test
287,287,red,10.5,0.99655,0.55,0.08200000000000000,0.19,7.4,15.0,34.0,0.68,1.8,3.49,test
288,288,red,9.5,0.99718,0.43,0.075,0.29,7.6,19.0,66.0,0.64,2.1,3.4,test
289,289,red,11.0,0.99534,0.36,0.07400000000000000,0.46,7.2,24.0,44.0,0.85,2.1,3.4,test
290,290,white,10.5,0.9922,0.415,0.04,0.13,5.8,11.0,64.0,0.52,1.4,3.29,test
291,291,white,10.2,0.9956,0.28,0.04,0.26,6.5,44.0,139.0,0.37,8.8,3.32,test
292,292,white,12.6,0.9893,0.29,0.024,0.27,6.1,13.0,76.0,0.51,1.7,3.21,test
293,293,red,12.8,0.9924200000000000,0.75,0.059000000000000000,0.01,7.1,11.0,18.0,0.4,2.2,3.39,test
294,294,red,11.7,0.9935,0.44,0.049,0.2,7.3,24.0,64.0,0.57,1.6,3.38,test
295,295,white,9.2,0.9968,0.37,0.071,0.47,6.8,44.0,136.0,0.88,11.2,2.98,test
296,296,white,10.6,0.9936,0.27,0.031,0.32,9.1,15.0,151.0,0.41,1.1,3.03,test
297,297,white,11.0,0.9931,0.2,0.031,0.36,6.9,38.0,147.0,0.56,1.5,3.35,test
298,298,red,9.6,0.9967800000000000,0.53,0.078,0.22,8.1,33.0,89.0,0.46,2.2,3.26,test
299,299,white,9.3,0.9953,0.15,0.034,0.34,7.1,33.0,104.0,0.52,5.3,3.37,test
300,300,white,9.1,0.9988,0.39,0.043,0.31,6.8,28.0,162.0,0.54,14.35,3.17,test
301,301,red,11.2,0.9944,0.58,0.102,0.13,7.8,17.0,36.0,0.53,2.1,3.24,test
302,302,red,13.0,0.9928600000000000,0.6,0.056000000000000000,0.08,8.0,3.0,7.0,0.37,2.6,3.22,test
303,303,white,9.0,0.9974,0.5,0.042,0.16,6.4,26.0,138.0,0.33,12.9,3.28,test
304,304,white,12.3,0.9914,0.26,0.027000000000000000,0.42,6.0,70.0,178.0,0.4,5.2,3.4,test
305,305,white,9.1,0.9942,0.3,0.048,0.51,6.4,62.0,172.0,0.45,5.5,3.08,test
306,306,red,10.3,0.99564,0.57,0.081,0.05,7.2,16.0,36.0,0.6,2.3,3.38,test
307,307,red,9.4,0.9987800000000000,0.74,0.111,0.19,9.9,33.0,76.0,0.55,5.8,3.14,test
308,308,red,12.0,0.99408,0.34,0.057,0.37,8.2,43.0,74.0,0.81,1.9,3.23,test
309,309,red,9.5,0.9968800000000000,0.715,0.075,0.22,8.0,13.0,81.0,0.54,2.3,3.24,test
310,310,red,10.9,0.9961900000000000,0.765,0.084,0.0,7.9,9.0,22.0,0.68,2.0,3.33,test
311,311,red,11.0,0.99534,0.36,0.07400000000000000,0.46,7.2,24.0,44.0,0.85,2.1,3.4,test
312,312,white,9.7,0.9976,0.45,0.037000000000000000,0.34,8.1,33.0,216.0,0.64,8.3,3.31,test
313,313,white,10.1,0.9942,0.23,0.035,0.21,6.3,29.0,142.0,0.33,5.1,3.36,test
314,314,white,9.2,0.9974,0.55,0.047,0.45,6.3,33.0,182.0,0.46,13.0,3.2,test
315,315,red,9.5,0.99677,0.57,0.079,0.31,7.9,10.0,79.0,0.69,2.0,3.29,test
316,316,red,10.9,0.9963800000000000,0.635,0.073,0.1,8.2,25.0,60.0,0.75,2.1,3.29,test
317,317,white,9.3,0.9952,0.22,0.054000000000000000,0.4,9.2,18.0,151.0,0.46,2.4,3.04,test
318,318,red,11.5,0.99734,0.32,0.132,0.52,10.9,17.0,44.0,0.77,1.8,3.28,test
319,319,red,10.2,0.99734,0.63,0.096,0.28,8.7,17.0,69.0,0.63,2.7,3.26,test
320,320,white,10.9,0.9951,0.34,0.048,0.3,7.7,25.0,192.0,0.47,8.0,2.97,test
321,321,red,10.0,0.9975200000000000,0.72,0.136,0.55,9.9,24.0,52.0,0.94,1.7,3.35,test
322,322,white,10.4,0.9928,0.15,0.047,0.38,7.0,33.0,96.0,0.39,2.2,3.13,test
323,323,white,12.7,0.9904,0.4,0.033,0.19,6.4,28.0,124.0,0.54,3.2,3.22,test
324,324,red,12.4,0.9932800000000000,0.16,0.068,0.44,7.1,17.0,31.0,0.54,2.5,3.35,test
325,325,white,9.4,0.995,0.27,0.038,0.25,6.3,52.0,155.0,0.38,5.8,3.28,test
326,326,white,9.3,0.9972,0.6,0.05,0.44,6.3,50.0,245.0,0.57,11.0,3.19,test
327,327,white,12.9,0.9890000000000000,0.115,0.038,0.29,6.5,73.0,166.0,0.25,1.95,3.12,test
328,328,white,10.1,0.9952,0.33969101556480200,0.046,0.29,7.2165793124710800,29.0,227.0,0.53,6.2,3.29,test
329,329,white,11.2,0.992,0.24,0.027000000000000000,0.45,5.2,21.0,128.0,0.49,3.8,3.55,test
330,330,white,10.8,0.993,0.18,0.044000000000000000,0.28,6.6,18.0,91.0,0.64,3.3,3.42,test
331,331,white,10.7,0.9931,0.21,0.06,0.34,7.5,26.0,111.0,0.47,1.2,3.51,test
332,332,red,11.5,0.99572,0.33,0.054000000000000000,0.32,6.0,6.0,113.0,0.56,12.9,3.3,test
333,333,red,10.4,0.9956,0.46,0.077,0.2,7.1,28.0,54.0,0.64,1.9,3.37,test
334,334,red,10.9,0.9947800000000000,0.39,0.044000000000000000,0.4,9.0,25.0,50.0,0.83,1.3,3.2,test
335,335,white,9.7,1.0002,0.22,0.054000000000000000,0.38,8.3,32.0,126.0,0.5,14.8,3.22,test
336,336,white,10.6,0.9921,0.16,0.076,0.33,8.5,17.0,57.0,0.46,1.0,3.14,test
337,337,white,10.9,0.9937,0.23,0.044000000000000000,0.4,9.6,19.0,135.0,0.49,1.5,2.96,test
338,338,red,9.8,0.99726,0.45,0.081,0.38,9.8,34.0,66.0,0.58,2.5,3.15,test
339,339,white,10.8,0.9938,0.17,0.025,0.37,7.0,29.0,111.0,0.49,5.7,3.2,test
340,340,white,10.0,0.9955,0.34,0.047,0.29,6.2,45.0,232.0,0.62,7.6,3.35,test
341,341,white,10.3,0.9943,0.16,0.057,0.48,8.3,31.0,98.0,0.41,1.7,3.15,test
342,342,white,10.2,0.9942,0.17,0.04,0.38,8.8,39.0,148.0,0.67,1.8,3.16,test
343,343,white,10.4,0.9941,0.24,0.052000000000000000,0.35,7.0,51.0,128.0,0.59,1.5,3.41,test
344,344,white,10.7,0.9952,0.49,0.043,0.32,7.3,18.0,104.0,0.45,5.2,3.24,test
345,345,red,11.4,0.996,0.43,0.068,0.5,10.4,13.0,19.0,0.87,2.3,3.1,test
346,346,white,11.1,0.9935,0.19,0.019,0.32,6.8,54.0,188.0,0.37,7.05,3.25,test
347,347,white,10.6,0.9945,0.17,0.038,0.31,8.4,29.0,132.0,0.32,6.7,3.1,test
348,348,red,11.2,0.9943700000000000,0.78,0.083,0.0,6.3,17.0,24.0,0.55,2.0,3.59,test
349,349,white,11.8,0.9908,0.17,0.028000000000000000,0.42,6.3,45.0,107.0,0.43,2.8,3.27,test
350,350,white,9.2,0.9932,0.21,0.13700000000000000,0.74,6.9,52.0,123.0,0.39,1.1,3.03,test
351,351,white,11.0,0.9906,0.24,0.033,0.33,5.3,25.0,97.0,0.38,1.3,3.59,test
352,352,white,10.5,0.9933,0.24,0.048,0.3,7.2,27.0,131.0,0.45,1.6,3.25,test
353,353,red,11.1,0.9949,0.41,0.081,0.33,6.9,22.0,36.0,0.75,2.2,3.41,test
354,354,white,10.1,0.9974,0.28,0.048,0.33,7.5,42.0,180.0,0.59,7.7,3.37,test
355,355,white,10.7,0.992,0.275,0.039,0.3,7.7,19.0,75.0,0.56,1.0,3.01,test
356,356,white,10.7,0.9937,0.18,0.047,0.4,7.4,22.0,102.0,0.44,1.6,3.28,test
357,357,red,11.2,0.99419,0.34,0.065,0.36,7.9,5.0,10.0,0.54,1.9,3.27,test
358,358,white,9.8,1.0004,0.26,0.051,0.34,6.5,56.0,197.0,0.42,16.3,3.49,test
359,359,white,9.5,0.9953,0.34,0.041000000000000000,0.32,8.9,12.0,188.0,0.49,1.3,3.17,test
360,360,white,10.2,0.993,0.14,0.042,0.44,6.6,47.0,140.0,0.51,1.6,3.32,test
361,361,red,11.0,0.99521,0.74,0.1,0.0,7.6,6.0,12.0,0.59,1.9,3.36,test
362,362,red,10.5,0.99659,0.38,0.071,0.42,9.6,5.0,13.0,0.75,1.9,3.15,test
363,363,red,12.4,0.9936200000000000,0.395,0.056000000000000000,0.13,5.9,14.0,28.0,0.67,2.4,3.62,test
364,364,white,11.7,0.9934,0.31,0.031,0.37,6.1,70.0,170.0,0.4,8.4,3.42,test
365,365,white,9.8,0.9936,0.19,0.05,0.36,8.0,16.0,84.0,0.45,1.8,3.15,test
366,366,white,9.4,0.9952,0.28,0.045,0.43,6.4,60.0,221.0,0.45,7.1,3.09,test
367,367,white,10.0,0.9944,0.26,0.037000000000000000,0.44,7.8,43.0,132.0,0.65,1.3,3.18,test
368,368,white,10.0,0.9937,0.19,0.046,0.1,6.5,23.0,107.0,0.45,1.3,3.29,test
369,369,white,9.4,0.995,0.27,0.038,0.25,6.3,52.0,155.0,0.38,5.8,3.28,test
370,370,white,12.0,0.992,0.125,0.042,0.29,6.4,24.0,99.0,0.32,5.85,3.23,test
371,371,red,9.5,0.9968600000000000,0.58,0.076,0.23,7.9,23.0,94.0,0.58,2.3,3.21,test
372,372,red,12.1,0.99323,0.53,0.064,0.14,7.2,15.0,29.0,0.61,2.1,3.35,test
373,373,white,9.3,1.0006,0.21,0.049,0.58,8.3,62.0,213.0,0.51,17.1,3.01,test
374,374,white,8.6,0.9977,0.31,0.041000000000000000,0.69,7.3,58.0,160.0,0.45,10.2,3.06,test
375,375,red,10.3,0.9992,0.39,0.08,0.49,12.6,8.0,20.0,0.82,2.5,3.07,test
376,376,red,10.3,0.99721,0.29,0.067,0.25,5.9,72.0,160.0,0.54,13.4,3.33,test
377,377,white,10.1,0.9962,0.29,0.039,0.25,6.5,32.0,120.0,0.34,10.6,3.31,test
378,378,white,10.7,0.9936,0.17,0.06,0.37,7.5,18.0,75.0,0.88,1.5,3.54,test
379,379,white,9.4,0.9966,0.21,0.07,0.28,7.0,45.0,185.0,0.55,7.5,3.34,test
380,380,red,9.3,0.9957,0.44,0.076,0.15,6.6,22.0,53.0,0.62,2.1,3.32,test
381,381,white,11.5,0.9937,0.31,0.034,0.49,9.0,26.0,91.0,0.34,6.9,2.99,test
382,382,white,11.2,0.9932,0.16,0.048,0.41,7.7,60.0,173.0,0.66,1.7,3.24,test
383,383,red,9.7,0.99672,0.755,0.084,0.0,7.5,6.0,12.0,0.49,1.9,3.34,test
384,384,red,10.5,0.99655,0.55,0.08200000000000000,0.19,7.4,15.0,34.0,0.68,1.8,3.49,test
385,385,white,9.5,0.9956,0.55,0.04,0.17,8.0,13.0,60.0,0.3,8.2,3.09,test
386,386,red,11.0,0.99534,0.36,0.07400000000000000,0.46,7.2,24.0,44.0,0.85,2.1,3.4,test
387,387,white,11.3,0.9911,0.36,0.038,0.26,5.8,40.0,153.0,0.55,3.3,3.34,test
388,388,white,11.4,0.9911,0.25,0.04,0.39,6.6,40.0,89.0,0.4,1.45,3.35,test
389,389,white,10.2,0.9972,0.3,0.055,0.36,7.1,44.5,234.0,0.64,6.8,3.49,test
390,390,white,10.5,0.9933,0.25,0.047,0.32,7.2,27.0,132.0,0.44,1.5,3.26,test
391,391,red,9.6,0.99769,0.58,0.10400000000000000,0.25,9.0,8.0,21.0,0.72,2.0,3.27,test
392,392,white,9.5,0.996,0.28,0.058000000000000000,0.46,9.2,39.0,133.0,0.58,3.2,3.14,test
393,393,white,9.5,0.9956,0.26,0.079,0.26,6.7,35.5,216.0,0.68,4.0,3.31,test
394,394,white,9.5,0.9986,0.25,0.048,0.34,6.7,30.0,161.0,0.47,12.85,3.44,test
395,395,white,9.5,0.9928,0.1,0.047,0.27,5.7,21.0,100.0,0.46,1.3,3.27,test
396,396,red,9.5,0.9968800000000000,0.715,0.075,0.22,8.0,13.0,81.0,0.54,2.3,3.24,test
397,397,red,10.9,0.9962800000000000,0.7,0.079,0.06,7.8,20.0,35.0,0.69,1.9,3.4,test
398,398,white,11.3,0.992,0.37,0.04,0.32,8.0,32.0,166.0,0.55,1.6,3.0,test
399,399,red,9.8,0.99729,0.37,0.079,0.39,9.8,28.0,65.0,0.59,2.5,3.16,test
400,400,white,10.9,0.9949,0.26,0.07200000000000000,0.37,8.1,48.0,159.0,0.7,1.9,3.37,test
401,401,white,10.9,0.9924,0.21,0.049,0.37,7.2,23.0,94.0,0.48,1.6,3.16,test
402,402,red,10.4,0.9962800000000000,0.33,0.081,0.46,10.2,6.0,9.0,0.48,1.9,3.1,test
403,403,white,10.8,0.995,0.68,0.047,0.3,8.2,17.0,138.0,0.71,2.1,3.22,test
404,404,white,10.8,0.9944,0.36,0.042,0.45,9.8,11.0,124.0,0.46,1.6,2.93,test
405,405,red,11.7,0.99516,0.42,0.068,0.39,8.6,6.0,12.0,0.69,1.8,3.35,test
406,406,white,10.5,0.9962,0.19,0.06,0.38,7.6,48.0,174.0,0.38,10.6,3.13,test
407,407,red,9.3,0.9963200000000000,0.635,0.152,0.68,8.6,19.0,56.0,0.95,1.8,3.02,test
408,408,red,9.5,0.99718,0.43,0.075,0.29,7.6,19.0,66.0,0.64,2.1,3.4,test
409,409,white,9.4,0.995,0.27,0.038,0.25,6.3,52.0,155.0,0.38,5.8,3.28,test
410,410,white,11.0,0.9918,0.17,0.035,0.34,7.5,13.0,102.0,0.74,1.4,3.05,test
411,411,red,11.3,0.9953800000000000,0.64,0.12300000000000000,0.0,6.8,15.0,33.0,0.63,2.7,3.44,test
412,412,white,10.4,0.9918,0.31,0.029000000000000000,0.52,7.0,5.0,61.0,0.43,1.7,3.07,test
413,413,white,8.8,0.9963,0.24,0.045,0.31,7.4,52.0,183.0,0.32,8.4,3.09,test
414,414,red,11.8,0.9948800000000000,0.67,0.057,0.0,6.5,11.0,20.0,0.56,4.3,3.45,test
415,415,red,10.4,0.99498,0.65,0.078,0.02,6.8,8.0,15.0,0.62,2.1,3.35,test
416,416,white,8.8,1.001,0.33,0.048,0.48,7.5,55.0,243.0,0.4,17.2,2.95,test
417,417,white,8.9,0.9959,0.32,0.041000000000000000,0.18,6.8,71.0,223.0,0.41,7.5,3.14,test
418,418,red,10.8,0.99621,0.78,0.07400000000000000,0.01,7.8,48.0,90.0,0.62,2.6,3.38,test
419,419,white,10.4,0.9928,0.24,0.063,0.39,6.9,18.0,136.0,0.48,1.3,3.31,test
420,420,white,11.5,0.9922,0.32,0.028000000000000000,0.45,5.5,25.0,191.0,0.49,4.9,3.51,test
421,421,white,10.3,0.9962,0.29,0.05,0.55,9.4,17.0,119.0,0.69,2.2,3.12,test
422,422,white,10.0,0.9940000000000000,0.22,0.053,0.42,8.7,27.0,114.0,0.43,2.3,2.99,test
423,423,red,12.0,0.99566,0.4,0.05,0.4,8.5,3.0,10.0,0.56,6.3,3.28,test
424,424,red,12.2,0.9941400000000000,0.4,0.058000000000000000,0.41,9.0,15.0,40.0,0.6,2.0,3.22,test
425,425,red,10.4,0.9956,0.46,0.077,0.2,7.1,28.0,54.0,0.64,1.9,3.37,test
426,426,white,12.6,0.991,0.37,0.035,0.36,6.1,36.0,116.0,0.62,4.7,3.31,test
427,427,red,10.4,0.99498,0.65,0.078,0.02,6.8,8.0,15.0,0.62,2.1,3.35,test
428,428,white,9.0,0.9956,0.15,0.059000000000000000,0.33,6.8,31.0,118.0,0.39,4.7,3.43,test
429,429,white,9.1,0.9983,0.64,0.152,0.46,7.9,33.0,227.0,0.74,10.6,2.87,test
430,430,red,11.0,0.9935800000000000,0.64,0.069,0.02,6.1,26.0,46.0,0.45,2.4,3.47,test
431,431,white,9.3,0.9932,0.52,0.052000000000000000,0.06,5.1,30.0,79.0,0.43,2.7,3.32,test
432,432,red,11.5,0.99734,0.32,0.132,0.52,10.9,17.0,44.0,0.77,1.8,3.28,test
433,433,white,12.6,0.9903,0.37,0.029000000000000000,0.15,7.2,27.0,87.0,0.59,2.0,3.3,test
434,434,white,8.9,0.9982,0.21,0.048,0.35,7.2,35.0,178.0,0.47,14.5,3.05,test
435,435,white,9.2,0.9995,0.2,0.048,0.37,7.4,43.0,190.0,0.42,16.95,3.03,test
436,436,red,11.2,0.99385,0.46,0.077,0.0,5.9,25.0,44.0,0.53,1.9,3.5,test
437,437,red,9.7,0.99636,0.69,0.114,0.0,7.0,3.0,10.0,0.6,1.9,3.35,test
438,438,white,10.6,0.9934,0.17,0.034,0.33,7.0,17.0,127.0,0.39,4.0,3.19,test
439,439,white,10.3,0.993,0.22,0.059000000000000000,0.37,6.6,45.0,199.0,0.55,1.2,3.37,test
440,440,white,9.5,0.9968,0.25,0.048,0.47,6.2,62.0,210.0,0.5,11.6,3.19,test
441,441,white,8.7,0.9944,0.3,0.077,0.2,5.3,48.0,166.0,0.54,1.1,3.3,test
442,442,red,11.8,0.99456,0.37,0.066,0.32,8.5,26.0,51.0,0.72,1.8,3.38,test
443,443,white,9.7,0.9944,0.23,0.047,0.34,6.9,24.0,128.0,0.52,4.0,3.2,test
444,444,white,10.3,0.9932,0.16,0.043,0.44,7.6,25.0,109.0,0.75,1.4,3.11,test
445,445,red,11.3,0.9948800000000000,0.27,0.095,0.46,8.8,20.0,29.0,0.56,2.1,3.26,test
446,446,white,10.9,0.9953,0.29,0.036000000000000000,0.33,8.2,28.0,118.0,0.4,9.1,2.96,test
447,447,red,13.8,0.9908,0.49,0.044000000000000000,0.03,5.5,28.0,87.0,0.82,1.8,3.5,test
448,448,white,10.4,0.9953,0.41,0.042,0.34,7.4,19.0,127.0,0.42,4.7,3.25,test
449,449,red,9.5,0.99569,0.66,0.096,0.0,7.9,6.0,13.0,0.58,1.4,3.43,test
450,450,red,11.5,0.9948,0.3,0.062,0.39,9.8,3.0,9.0,0.57,1.7,3.14,test
451,451,white,9.5,0.9956,0.26,0.073,0.26,6.7,36.0,202.0,0.67,4.1,3.3,test
452,452,white,10.4,0.9918,0.31,0.029000000000000000,0.52,7.0,5.0,61.0,0.43,1.7,3.07,test
453,453,white,12.6,0.9903,0.37,0.029000000000000000,0.15,7.2,27.0,87.0,0.59,2.0,3.3,test
454,454,white,9.0,0.9962,0.24,0.048,0.34,7.3,29.0,152.0,0.54,7.5,3.1,test
455,455,red,10.2,0.9991400000000000,0.6,0.068,0.3,7.0,20.0,110.0,0.95,4.5,3.3,test
456,456,red,12.0,0.9963800000000000,0.36,0.07400000000000000,0.47,10.5,9.0,23.0,0.76,2.2,3.23,test
457,457,red,11.0,0.9963300000000000,0.58,0.085,0.28,7.0,12.0,69.0,0.7,4.8,3.32,test
458,458,red,9.6,0.99798,0.73,0.081,0.0,8.1,12.0,24.0,0.46,2.5,3.38,test
459,459,red,9.5,0.9955800000000000,0.63,0.09300000000000000,0.0,6.6,51.0,77.5,0.45,4.3,3.2,test
460,460,red,9.2,0.9949900000000000,0.59,0.08200000000000000,0.22,7.5,43.0,60.0,0.42,1.8,3.1,test
461,461,red,13.8,0.9908400000000000,0.38,0.048,0.01,5.0,26.0,60.0,0.75,1.6,3.69,test
462,462,red,10.6,0.996,0.4,0.08200000000000000,0.31,8.2,8.0,24.0,0.69,1.9,3.24,test
463,463,white,10.7,0.9931,0.21,0.06,0.34,7.5,26.0,111.0,0.47,1.2,3.51,test
464,464,white,9.2,0.9934,0.4,0.038,0.38,8.3,15.0,75.0,0.43,1.1,3.03,test
465,465,white,9.2,0.9995,0.2,0.048,0.37,7.4,43.0,190.0,0.42,16.95,3.03,test
466,466,white,11.4,0.9925,0.2,0.041000000000000000,0.42,8.6,35.0,125.0,0.49,1.5,3.11,test
467,467,white,9.0,0.9981,0.51,0.09300000000000000,0.24,7.2,35.0,197.0,0.47,10.0,3.41,test
468,468,red,9.8,0.9962700000000000,0.72,0.12300000000000000,0.0,7.1,6.0,14.0,0.58,1.8,3.45,test
469,469,red,11.2,0.9942800000000000,0.39,0.071,0.43,6.2,14.0,24.0,0.87,2.0,3.45,test
470,470,red,10.9,0.9963800000000000,0.635,0.073,0.1,8.2,25.0,60.0,0.75,2.1,3.29,test
471,471,red,9.4,0.99659,0.55,0.07,0.0,7.8,7.0,17.0,0.64,1.7,3.26,test
472,472,red,9.3,0.9949400000000000,0.61,0.076,0.2,7.5,36.0,60.0,0.4,1.7,3.1,test
473,473,white,11.8,0.9918,0.25,0.031,0.29,7.9,33.0,117.0,0.32,5.3,3.06,test
474,474,white,9.7,0.9956,0.47,0.044000000000000000,0.24,7.1,11.0,77.0,0.56,6.0,3.21,test
475,475,red,11.0,0.99534,0.36,0.07400000000000000,0.46,7.2,24.0,44.0,0.85,2.1,3.4,test
476,476,red,10.9,0.9947600000000000,0.42,0.071,0.19,7.0,18.0,36.0,0.56,2.3,3.39,test
477,477,white,9.4,0.9952,0.28,0.045,0.41,6.4,61.0,216.0,0.46,6.8,3.09,test
478,478,white,11.3,0.9908,0.29,0.035,0.42,7.6,18.0,86.0,0.39,1.3,2.99,test
479,479,white,9.5,0.9952,0.25,0.038,0.23,6.7,61.0,220.0,0.35,7.2,3.14,test
480,480,white,9.1,0.9936,0.2,0.048,0.28,6.9,36.0,159.0,0.43,1.2,3.19,test
481,481,red,9.8,0.9945800000000000,0.57,0.069,0.21,7.7,4.0,9.0,0.54,1.5,3.16,test
482,482,white,10.7,0.9938,0.29,0.036000000000000000,0.39,7.9,6.0,117.0,0.42,6.7,3.12,test
483,483,white,13.8,0.9894,0.29,0.025,0.21,5.8,12.0,120.0,0.79,2.6,3.39,test
484,484,white,10.5,0.9922,0.415,0.04,0.13,5.9,11.0,64.0,0.52,1.4,3.29,test
485,485,white,11.2,0.992,0.24,0.037000000000000000,0.32,7.0,39.0,123.0,0.42,1.3,3.17,test
486,486,red,9.8,0.9963,0.58,0.077,0.14,7.5,27.0,60.0,0.59,2.2,3.28,test
487,487,white,9.3,0.9974,0.55,0.049,0.45,6.2,27.0,186.0,0.5,12.0,3.17,test
488,488,red,9.6,0.9978,0.78,0.08900000000000000,0.0,8.2,13.0,26.0,0.46,2.2,3.37,test
489,489,red,11.3,0.9953800000000000,0.64,0.12300000000000000,0.0,6.8,15.0,33.0,0.63,2.7,3.44,test
490,490,white,10.1,0.9931,0.4,0.047,0.3,6.0,30.0,117.0,0.48,1.6,3.17,test
491,491,red,12.2,0.9919100000000000,0.6,0.063,0.0,5.7,11.0,18.0,0.56,1.4,3.45,test
492,492,white,11.4,0.9925,0.2,0.041000000000000000,0.42,8.6,35.0,125.0,0.49,1.5,3.11,test
493,493,red,12.8,0.9924200000000000,0.75,0.059000000000000000,0.01,7.1,11.0,18.0,0.4,2.2,3.39,test
494,494,white,9.7,1.0002,0.22,0.054000000000000000,0.38,8.3,32.0,126.0,0.5,14.8,3.22,test
495,495,white,11.2,0.992,0.24,0.027000000000000000,0.45,5.2,21.0,128.0,0.49,3.8,3.55,test
496,496,white,8.9,0.9994,0.16,0.064,0.27,6.1,63.0,162.0,0.43,12.6,3.66,test
497,497,white,10.6,0.9928,0.21,0.069,0.4,7.1,24.0,156.0,0.43,1.2,3.42,test
498,498,red,13.6,0.9915700000000000,0.42,0.044000000000000000,0.0,5.1,18.0,88.0,0.73,1.8,3.68,test
499,499,white,11.4,0.9914,0.16,0.033,0.4,6.3,59.0,148.0,0.53,1.6,3.44,test