,actual,id,largest,avgtop5,sum
0,1,0,0.01732363,0.00777415,0.03887073
1,1,1,0.933330707,0.566112877,0.935827541
2,1,2,0.939754587,0.567368108,0.942103701
3,1,3,0.595757537,0.506066537,0.635595845
4,1,4,0.10471182,0.05991149,0.29955746
5,1,5,0.566565055,0.520388461,0.707205461
6,1,6,0.526739926,0.43219386,0.587419438
7,1,7,0.94167288,0.567753275,0.944029531
8,1,8,0.511902743,0.28521165,0.548739908
9,1,9,0.533194423,0.47123896,0.597694462
10,1,10,0.516352842,0.30972508,0.55519081
11,1,11,0.932128114,0.567736997,0.943948146
12,1,12,0.941672876,0.567753275,0.944029532
13,1,13,0.502156008,0.32218353,0.558469349
14,1,14,0.557526061,0.504625814,0.628392226
15,1,15,0.633004225,0.514435391,0.677440112
16,1,16,0.506734074,0.34366882,0.564123373
17,1,17,0.758738546,0.570545765,0.957991983
18,1,18,0.831458316,0.550677275,0.858649532
19,1,19,0.589294222,0.502468543,0.617605873
20,1,20,0.542017225,0.504623831,0.628382314
21,1,21,0.43864263,0.31017962,0.555310427
22,1,22,0.813327026,0.559335834,0.901942328
23,1,23,0.908033709,0.566933581,0.939931059
24,1,24,0.869251071,0.563491072,0.922718517
25,1,25,0.538075104,0.501299145,0.611758882
26,1,26,0.834509988,0.560024547,0.905385894
27,1,27,0.94167288,0.567753275,0.944029531
28,1,28,0.94167288,0.567753275,0.944029531
29,1,29,0.799987222,0.541834698,0.814436648
30,1,30,0.941460797,0.567710953,0.943817925
31,1,31,0.19272988,0.04773264,0.23866321
32,1,32,0.693680843,0.566586398,0.938195146
33,1,33,0.94167288,0.567753275,0.944029531
34,1,34,0.852014638,0.55451882,0.877857258
35,1,35,0.94167288,0.567753275,0.944029531
36,1,36,0.939929732,0.56779497,0.944238008
37,1,37,0.735112693,0.543753882,0.824032569
38,1,38,0.94167288,0.567753275,0.944029531
39,1,39,0.541659228,0.510017565,0.655350982
40,1,40,0.520898429,0.37076578,0.571254154
41,1,41,0.60203959,0.5257585,0.734055658
42,1,42,0.586638391,0.50251358,0.617831057
43,1,43,0.832290118,0.560951541,0.910020861
44,1,44,0.734218674,0.543085768,0.820691999
45,1,45,0.900951541,0.562749171,0.919009013
46,1,46,0.73283253,0.533045409,0.770490204
47,1,47,0.508905672,0.24436645,0.53799117
48,1,48,0.805446841,0.568082435,0.945675334
49,1,49,0.560976134,0.512473654,0.667631429
50,1,50,0.87380352,0.554765555,0.879090934
51,1,51,0.582226381,0.511178373,0.66115502
52,1,52,0.616802387,0.52076049,0.709065608
53,1,53,0.706168734,0.524665078,0.728588548
54,1,54,0.606022531,0.511899319,0.664759755
55,1,55,0.625922982,0.521406331,0.712294813
56,1,56,0.621921334,0.519735838,0.703942348
57,1,57,0.92565714,0.565401681,0.932271561
58,1,58,0.939081057,0.567232299,0.941424656
59,1,59,0.889151908,0.567720638,0.943866351
60,1,60,0.892265001,0.564634929,0.928437805
61,1,61,0.664895652,0.554030852,0.875417417
62,1,62,0.19804734,0.14836975,0.512728882
63,1,63,0.572865999,0.532728804,0.768907178
64,1,64,0.93994743,0.567406451,0.942295412
65,1,65,0.548096131,0.50150093,0.612767808
66,1,66,0.558683621,0.44985514,0.592067142
67,1,67,0.567425738,0.500389783,0.607212073
68,1,68,0.586987912,0.529567635,0.753101334
69,1,69,0.527868597,0.34126808,0.563491599
70,1,70,0.524938114,0.34886059,0.565489629
71,1,71,0.748117124,0.5352976,0.781751159
72,1,72,0.75183847,0.543152929,0.821027805
73,1,73,0.620388815,0.516717921,0.688852764
74,1,74,0.52709879,0.501236401,0.611445163
75,1,75,0.0179324,0.01239521,0.06197607
76,1,76,0.659976793,0.526609789,0.738312105
77,1,77,0.597683416,0.506598055,0.638253434
78,1,78,0.598571759,0.537423955,0.792382931
79,1,79,0.564197619,0.502004909,0.615287706
80,1,80,0.791272954,0.558985513,0.900190724
81,1,81,0.581277875,0.49784473,0.604695982
82,1,82,0.94167288,0.567753275,0.944029531
83,1,83,0.782123129,0.556030943,0.88541787
84,1,84,0.537945461,0.32836447,0.560095914
85,1,85,0.505655829,0.21386785,0.529965223
86,1,86,0.47280976,0.19610395,0.525290512
87,1,87,0.804236872,0.540231304,0.806419678
88,1,88,0.565772395,0.51441617,0.677344009
89,1,89,0.724323128,0.552085149,0.865688906
90,1,90,0.525631954,0.505617775,0.633352035
91,1,91,0.709117928,0.55979353,0.904230808
92,1,92,0.860160758,0.561499948,0.912762897
93,1,93,0.594264254,0.508909462,0.649810467
94,1,94,0.25271465,0.07114538,0.3557269
95,1,95,0.655071385,0.516400437,0.687265341
96,1,96,0.23191446,0.11842534,0.504848774
97,1,97,0.894786809,0.562441258,0.917469446
98,1,98,0.760703054,0.558951912,0.900022718
99,1,99,0.06726123,0.04093222,0.20466108
100,1,100,0.08053662,0.05688758,0.28443792
101,1,101,0.694617587,0.519061375,0.700570035
102,1,102,0.528502747,0.509517947,0.652852894
103,1,103,0.524306004,0.38297468,0.574467022
104,1,104,0.624510404,0.540559422,0.808060268
105,1,105,0.937787092,0.567846221,0.944494263
106,1,106,0.514703801,0.501678009,0.613653204
107,1,107,0.751570691,0.539450964,0.802517979
108,1,108,0.04772956,0.01978731,0.09893656
109,1,109,0.712589911,0.571588558,0.963205947
110,1,110,0.833252393,0.555774459,0.884135452
111,1,111,0.531809003,0.502206102,0.616293668
112,1,112,0.618664499,0.514284702,0.676686667
113,1,113,0.508199157,0.2436146,0.537793317
114,1,114,0.535002082,0.43101503,0.587109218
115,1,115,0.720673427,0.554884867,0.879687494
116,1,116,0.94167288,0.567753275,0.944029531
117,1,117,0.730443603,0.550074732,0.855636816
118,1,118,0.605465213,0.537026234,0.790394328
119,1,119,0.519727091,0.35588337,0.567337728
120,1,120,0.752771942,0.535276935,0.781647835
121,1,121,0.895749024,0.560855483,0.909540575
122,1,122,0.580196953,0.521031095,0.710418634
123,1,123,0.525450588,0.500450094,0.607513629
124,1,124,0.757058072,0.543978319,0.825154752
125,1,125,0.594100813,0.507540152,0.642963919
126,1,126,0.94167288,0.567753275,0.944029531
127,1,127,0.523444483,0.50302803,0.620403309
128,1,128,0.637700617,0.528167814,0.746102229
129,1,129,0.711550975,0.541130904,0.810917677
130,1,130,0.818790971,0.544609479,0.828310554
131,1,131,0.94167288,0.567753275,0.944029531
132,1,132,0.5954619,0.516380581,0.687166064
133,1,133,0.30478386,0.11524824,0.504012694
134,1,134,0.883014866,0.556506706,0.887796689
135,1,135,0.544500194,0.47714066,0.599247543
136,1,136,0.94167288,0.567753275,0.944029531
137,1,137,0.49910931,0.2700739,0.544756288
138,1,138,0.715477825,0.54289595,0.819742907
139,1,139,0.693250088,0.545790931,0.834217814
140,1,140,0.34618168,0.16517495,0.517151302
141,1,141,0.556731585,0.505321308,0.631869697
142,1,142,0.865788438,0.557679978,0.893663048
143,1,143,0.528484757,0.507892528,0.644725798
144,1,144,0.524082122,0.500215267,0.606339494
145,1,145,0.937470757,0.567089998,0.940713148
146,1,146,0.27181834,0.15647704,0.51486238
147,1,147,0.25073746,0.12795948,0.507357757
148,1,148,0.910901499,0.568480812,0.947667216
149,1,149,0.517722004,0.35570988,0.567292073
150,1,150,0.531051851,0.46039353,0.594840402
151,1,151,0.610744932,0.516061809,0.685572205
152,1,152,0.795211433,0.545057601,0.830551163
153,1,153,0.547400704,0.50209757,0.615751007
154,1,154,0.18863895,0.13265549,0.508593551
155,1,155,0.513485377,0.35307584,0.566598906
156,1,156,0.879886047,0.563803607,0.924281196
157,1,157,0.547959041,0.503378497,0.622155641
158,1,158,0.91330931,0.562426373,0.917395024
159,1,159,0.4428996,0.11895139,0.504987208
160,1,160,0.509965791,0.145444,0.511958948
161,1,161,0.592161979,0.516480535,0.687665835
162,1,162,0.22391455,0.10139873,0.500368087
163,1,163,0.554584203,0.507101949,0.640772904
164,1,164,0.576985667,0.48501676,0.6013202
165,1,165,0.883453969,0.556878511,0.88965571
166,1,166,0.613855239,0.539716073,0.803843525
167,1,167,0.48877421,0.16867351,0.518071976
168,1,168,0.571444505,0.521665974,0.713593025
169,1,169,0.701099527,0.532390701,0.767216664
170,1,170,0.552485468,0.3741636,0.572148317
171,1,171,0.529729892,0.42371562,0.585188321
172,1,172,0.12064275,0.08261196,0.41305978
173,1,173,0.548900472,0.510408081,0.657303561
174,1,174,0.896737342,0.559399427,0.902260294
175,1,175,0.63367295,0.524526939,0.727897856
176,1,176,0.19624626,0.17742068,0.520373862
177,1,177,0.2971228,0.12546258,0.50670068
178,1,178,0.598695202,0.514279871,0.676662513
179,1,179,0.520822483,0.4436436,0.590432526
180,1,180,0.652683544,0.533714944,0.77383788
181,1,181,0.532129724,0.45751139,0.594081944
182,1,182,0.909450724,0.564983496,0.930180641
183,1,183,0.839268691,0.553299517,0.871760744
184,1,184,0.28023872,0.07300995,0.36504977
185,1,185,0.562516063,0.47470389,0.598606286
186,1,186,0.540482348,0.41022563,0.581638324
187,1,187,0.05261208,0.03169753,0.15848763
188,1,188,0.576247832,0.517091031,0.690718311
189,1,189,0.2296543,0.15146178,0.513542573
190,1,190,0.860815532,0.555269283,0.881609572
191,1,191,0.94167288,0.567753275,0.944029531
192,1,192,0.610146481,0.516434087,0.687433592
193,1,193,0.680613925,0.54593427,0.834934507
194,1,194,0.605502384,0.509076066,0.650643486
195,1,195,0.893754651,0.559514307,0.902834694
196,1,196,0.526312993,0.40951569,0.581451498
197,1,197,0.742223487,0.539783911,0.804182714
198,1,198,0.870300148,0.563646861,0.923497461
199,1,199,0.658084456,0.545945785,0.834992084
200,1,200,0.936328168,0.567077869,0.940652502
201,1,201,0.12203835,0.0552603,0.2763015
202,1,202,0.626829055,0.519749916,0.704012737
203,1,203,0.584680625,0.49905959,0.605015682
204,1,204,0.11284498,0.04491779,0.22458896
205,1,205,0.595215622,0.520670951,0.708617914
206,1,206,0.762724746,0.561340038,0.911963347
207,1,207,0.83024324,0.550494161,0.857733963
208,1,208,0.873828283,0.564014389,0.925335102
209,1,209,0.717690276,0.531432858,0.762427449
210,1,210,0.546943008,0.507635139,0.643438855
211,1,211,0.03278439,0.01460574,0.07302872
212,1,212,0.620913939,0.536711003,0.788818171
213,1,213,0.679715133,0.534596743,0.778246873
214,1,214,0.577482494,0.524051111,0.725518711
215,1,215,0.509212447,0.28164919,0.547802417
216,1,216,0.544228934,0.504436736,0.627446838
217,1,217,0.739918472,0.563435768,0.922442
218,1,218,0.540760646,0.3745095,0.572239343
219,1,219,0.17089357,0.11786995,0.504702619
220,1,220,0.601044202,0.513706915,0.673797735
221,1,221,0.941626965,0.567753666,0.94403149
222,1,222,0.587123635,0.52459861,0.728256209
223,1,223,0.84614498,0.555896078,0.884743547
224,1,224,0.603255212,0.509111956,0.650822938
225,1,225,0.524271411,0.41879042,0.583892216
226,1,226,0.522394189,0.40122779,0.579270471
227,1,227,0.937503167,0.567602346,0.943274887
228,1,228,0.21685088,0.14858191,0.512784714
229,1,229,0.37745003,0.08298438,0.4149219
230,1,230,0.549771956,0.512769248,0.669109397
231,1,231,0.563701288,0.525456913,0.732547723
232,1,232,0.634753893,0.514938058,0.679953451
233,1,233,0.693948588,0.539581649,0.803171402
234,1,234,0.723570487,0.529157556,0.751050939
235,1,235,0.941394863,0.567759925,0.944062782
236,1,236,0.524040085,0.34676079,0.56493705
237,1,237,0.529303973,0.4660448,0.59632758
238,1,238,0.551877644,0.31214206,0.555826858
239,1,239,0.808597766,0.545563631,0.83308131
240,1,240,0.769235554,0.534903064,0.779778478
241,1,241,0.94167288,0.567753275,0.944029531
242,1,242,0.503795876,0.33419852,0.561631189
243,1,243,0.520251098,0.38107784,0.573967854
244,1,244,0.4839109,0.2222736,0.532177263
245,1,245,0.570984736,0.506654078,0.638533551
246,1,246,0.619929151,0.535170521,0.781115762
247,1,247,0.501251115,0.21843591,0.531167346
248,1,248,0.12752729,0.08308215,0.41541074
249,1,249,0.740305562,0.563850364,0.924514978
250,1,250,0.48272281,0.30184306,0.553116594
251,1,251,0.914554194,0.562708128,0.918803799
252,1,252,0.548301448,0.500001265,0.605269485
253,1,253,0.80108189,0.564860762,0.929566969
254,1,254,0.02501009,0.01364453,0.06822267
255,1,255,0.513210818,0.48440438,0.601159047
256,1,256,0.603550422,0.538614354,0.798334928
257,1,257,0.846510328,0.564534867,0.927937492
258,1,258,0.887022746,0.560537581,0.907951063
259,1,259,0.660143909,0.524450753,0.727516921
260,1,260,0.94105571,0.567750368,0.944014998
261,1,261,0.839599855,0.550778175,0.859154033
262,1,262,0.784629875,0.55119112,0.861218759
263,1,263,0.597533151,0.508522219,0.647874255
264,1,264,0.11653826,0.05191172,0.25955858
265,1,265,0.521785706,0.34356972,0.564097294
266,1,266,0.540259436,0.516362941,0.687077863
267,1,267,0.15022161,0.04694883,0.23474416
268,1,268,0.556947755,0.500294934,0.606737829
269,1,269,0.688917411,0.559760937,0.904067845
270,1,270,0.808180756,0.556004512,0.885285719
271,1,271,0.53984296,0.503246205,0.621494185
272,1,272,0.818485138,0.566836673,0.939446522
273,1,273,0.826572762,0.560692617,0.908726246
274,1,274,0.503119388,0.15705028,0.515013232
275,1,275,0.633060152,0.519179088,0.701158599
276,1,276,0.531934395,0.44575218,0.590987416
277,1,277,0.527349322,0.39319035,0.577155355
278,1,278,0.742138548,0.552849922,0.869512767
279,1,279,0.513344341,0.45001076,0.592108095
280,1,280,0.896533318,0.565049485,0.930510583
281,1,281,0.568024841,0.512559431,0.668060313
282,1,282,0.89533271,0.561067439,0.910600355
283,1,283,0.506986595,0.31648418,0.556969522
284,1,284,0.890160891,0.566041206,0.935469191
285,1,285,0.622120122,0.525481014,0.732668229
286,1,286,0.935325621,0.56647743,0.937650309
287,1,287,0.922109834,0.565935239,0.934939352
288,1,288,0.725113194,0.544007369,0.825300004
289,1,289,0.719021712,0.542760419,0.819065254
290,1,290,0.831750607,0.559886623,0.904696273
291,1,291,0.510738248,0.36465293,0.569645507
292,1,292,0.545263335,0.505022611,0.630376211
293,1,293,0.49706106,0.26315984,0.542936799
294,1,294,0.867729633,0.559912104,0.904823676
295,1,295,0.562157098,0.459198,0.594525788
296,1,296,0.94167288,0.567753275,0.944029531
297,1,297,0.561973572,0.502294992,0.616738116
298,1,298,0.581184415,0.42834232,0.586405874
299,1,299,0.516409548,0.28754433,0.549353772
300,1,300,0.880395819,0.567685306,0.943689689
301,1,301,0.699783345,0.558593488,0.8982306
302,1,302,0.564926659,0.515806405,0.684295184
303,1,303,0.561086426,0.505323095,0.631878632
304,1,304,0.566875557,0.501094091,0.610733612
305,1,305,0.501650063,0.23513316,0.535561357
306,1,306,0.941672757,0.567753277,0.944029546
307,1,307,0.871411722,0.562191206,0.916219189
308,1,308,0.909649397,0.564625769,0.928392003
309,1,309,0.521997285,0.37160933,0.571476139
310,1,310,0.929876437,0.568035414,0.945440228
311,1,311,0.44509408,0.17609716,0.520025569
312,1,312,0.502389573,0.39978022,0.578889532
313,1,313,0.628224702,0.514506369,0.677795005
314,1,314,0.500652896,0.1670218,0.517637316
315,1,315,0.11110219,0.0463515,0.23175751
316,1,316,0.662750826,0.528005971,0.745293014
317,1,317,0.519521197,0.22050289,0.531711287
318,1,318,0.730091041,0.540066022,0.805593269
319,1,319,0.633584186,0.532877344,0.769649877
320,1,320,0.93345768,0.567855942,0.944542868
321,1,321,0.779129865,0.554927747,0.879901893
322,1,322,0.530901285,0.44438839,0.590628523
323,1,323,0.886825996,0.559067872,0.900602518
324,1,324,0.11326468,0.07065224,0.35326118
325,1,325,0.934919578,0.567486889,0.942697602
326,1,326,0.715377535,0.546274144,0.836633879
327,1,327,0.503895849,0.35118717,0.566101886
328,1,328,0.926189553,0.566742997,0.938978142
329,1,329,0.614077667,0.52068939,0.708710108
330,1,330,0.504208401,0.2520595,0.540015658
331,1,331,0.599603908,0.539879686,0.804661589
332,1,332,0.94167288,0.567753275,0.944029531
333,1,333,0.18996163,0.08882652,0.44413261
334,1,334,0.897357542,0.565928512,0.934905715
335,1,335,0.736563336,0.547745235,0.843989332
336,1,336,0.658630501,0.533730086,0.773913591
337,1,337,0.511092265,0.20933971,0.528773607
338,1,338,0.501559299,0.212157,0.529514999
339,1,339,0.67682802,0.526991853,0.740222422
340,1,340,0.730368523,0.545956164,0.835043976
341,1,341,0.27261001,0.19604237,0.525274308
342,1,342,0.556071366,0.504848024,0.629503279
343,1,343,0.720012657,0.537513616,0.792831238
344,1,344,0.94167288,0.567753275,0.944029531
345,1,345,0.710369671,0.528104387,0.745785095
346,1,346,0.57035417,0.520466524,0.707595779
347,1,347,0.512062222,0.42970357,0.586764098
348,1,348,0.930739893,0.565668926,0.933607786
349,1,349,0.529081736,0.510533289,0.657929604
350,1,350,0.600908066,0.526362326,0.737074791
351,1,351,0.520832047,0.500190359,0.606214953
352,1,352,0.668032125,0.521909919,0.714812756
353,1,353,0.551971163,0.46579843,0.596262745
354,1,354,0.13302358,0.05202675,0.26013375
355,1,355,0.512492617,0.35585983,0.567331535
356,1,356,0.566537638,0.503453526,0.622530786
357,1,357,0.869287044,0.566914437,0.939835346
358,1,358,0.574630785,0.516867644,0.689601377
359,1,359,0.25533609,0.1675059,0.51776471
360,1,360,0.577368543,0.507601822,0.643272267
361,1,361,0.524823142,0.40967566,0.581493594
362,1,362,0.536481597,0.501292691,0.61172661
363,1,363,0.536593751,0.501024661,0.61038646
364,1,364,0.520773487,0.44509072,0.590813348
365,1,365,0.567103023,0.515287706,0.681701686
366,1,366,0.556657226,0.49434478,0.603774943
367,1,367,0.94167288,0.567753275,0.944029531
368,1,368,0.540189542,0.4674558,0.596698894
369,1,369,0.526859638,0.43159767,0.587262545
370,1,370,0.519103057,0.31129804,0.555604746
371,1,371,0.45555359,0.29428662,0.551128058
372,1,372,0.662549201,0.517984375,0.695185033
373,1,373,0.822061876,0.550246605,0.856496183
374,1,374,0.637735528,0.542808316,0.819304736
375,1,375,0.525811204,0.39091481,0.576556528
376,1,376,0.656128656,0.531352809,0.762027206
377,1,377,0.941669641,0.567753352,0.944029919
378,1,378,0.512623531,0.31254336,0.555932463
379,1,379,0.941543507,0.56772727,0.943899507
380,1,380,0.667440584,0.536522616,0.787876241
381,1,381,0.669290591,0.553909706,0.874811686
382,1,382,0.766595785,0.552899557,0.869760942
383,1,383,0.518655945,0.24533491,0.538246028
384,1,384,0.501593859,0.21408711,0.530022923
385,1,385,0.901803922,0.567865992,0.944593118
386,1,386,0.37077577,0.1349141,0.509187921
387,1,387,0.657458344,0.532390348,0.767214901
388,1,388,0.552122806,0.510080156,0.655663936
389,1,389,0.940486643,0.567514833,0.942837321
390,1,390,0.92467214,0.565561007,0.933068192
391,1,391,0.506570426,0.24295189,0.537618919
392,1,392,0.940220814,0.567748342,0.944004869
393,1,393,0.696021595,0.546895505,0.839740683
394,1,394,0.39346096,0.17460439,0.519632735
395,1,395,0.751972391,0.551328394,0.861905125
396,1,396,0.661493454,0.52344295,0.722477907
397,1,397,0.507337816,0.34574192,0.564668926
398,1,398,0.644658856,0.520878529,0.709655805
399,1,399,0.53692321,0.501488893,0.612707624
400,1,400,0.94167288,0.567753275,0.944029531
401,1,401,0.748528394,0.544588102,0.828203665
402,1,402,0.670985783,0.526998504,0.740255678
403,1,403,0.52826823,0.504458061,0.627553459
404,1,404,0.677327449,0.545577304,0.833149676
405,1,405,0.663216295,0.535370051,0.782113411
406,1,406,0.664430573,0.557681442,0.893670365
407,1,407,0.600440817,0.512874665,0.669636485
408,1,408,0.40315167,0.27647653,0.546441191
409,1,409,0.683775845,0.528993504,0.750230679
410,1,410,0.939173085,0.567250798,0.941517148
411,1,411,0.935010064,0.567342017,0.941973245
412,1,412,0.580429239,0.519247269,0.701499506
413,1,413,0.645699553,0.527925632,0.744891319
414,1,414,0.936247847,0.567850452,0.944515418
415,1,415,0.612073892,0.508781825,0.649172284
416,1,416,0.94167288,0.567753275,0.944029531
417,1,417,0.566901022,0.510761689,0.659071603
418,1,418,0.500487862,0.2251383,0.532931132
419,1,419,0.47878213,0.22317099,0.532413419
420,1,420,0.543406508,0.511267476,0.661600536
421,1,421,0.564833113,0.501999949,0.615262905
422,1,422,0.846610256,0.558442144,0.897473875
423,1,423,0.569705685,0.48801534,0.602109299
424,1,424,0.614043893,0.521988204,0.715204177
425,1,425,0.751273516,0.544589849,0.828212406
426,1,426,0.765424665,0.543824651,0.824386414
427,1,427,0.926855072,0.565013622,0.930331268
428,1,428,0.766488189,0.535679623,0.783661274
429,1,429,0.504864373,0.26559587,0.543577861
430,1,430,0.94167288,0.567753275,0.944029531
431,1,431,0.830909956,0.552385758,0.86719195
432,1,432,0.680504815,0.529554075,0.753033533
433,1,433,0.934527821,0.566317067,0.936848492
434,1,434,0.604568516,0.536928959,0.789907954
435,1,435,0.25788575,0.12914142,0.507668796
436,1,436,0.776469714,0.569042064,0.950473478
437,1,437,0.509044613,0.31219757,0.555841465
438,1,438,0.510232249,0.29093295,0.550245512
439,1,439,0.859427317,0.559558707,0.903056695
440,1,440,0.826009899,0.569348987,0.952008092
441,1,441,0.932384927,0.567090922,0.940717767
442,1,442,0.511385267,0.34933786,0.565615227
443,1,443,0.685261035,0.534825661,0.779391464
444,1,444,0.47707064,0.24453866,0.538036491
445,1,445,0.574141113,0.524297403,0.726750174
446,1,446,0.29285071,0.18567481,0.522546004
447,1,447,0.941656166,0.567753506,0.944030688
448,1,448,0.669470192,0.526888559,0.739705953
449,1,449,0.809788861,0.559253812,0.901532218
450,1,450,0.611839022,0.530621164,0.758368977
451,1,451,0.43464558,0.20631883,0.527978638
452,1,452,0.822909315,0.55904739,0.900500107
453,1,453,0.505415509,0.3339341,0.561561604
454,1,454,0.941637455,0.567746158,0.943993951
455,1,455,0.760421246,0.546779448,0.839160398
456,1,456,0.630440685,0.508890821,0.649717261
457,1,457,0.548633848,0.3827364,0.574404316
458,1,458,0.33257738,0.2028065,0.527054342
459,1,459,0.94167288,0.567753275,0.944029531
460,1,460,0.701899203,0.526402124,0.737273778
461,1,461,0.538919615,0.505075118,0.630638749
462,1,462,0.842769395,0.562471912,0.917622717
463,1,463,0.94167288,0.567753275,0.944029531
464,1,464,0.36488782,0.22096014,0.531831615
465,1,465,0.08606567,0.07871855,0.39359275
466,1,466,0.94167288,0.567753275,0.944029531
467,1,467,0.10069214,0.07635286,0.38176431
468,1,468,0.94167288,0.567753275,0.944029531
469,1,469,0.30523913,0.07502663,0.37513314
470,1,470,0.544151182,0.33981738,0.563109838
471,1,471,0.655899189,0.549727629,0.853901306
472,1,472,0.51168391,0.4132246,0.582427526
473,1,473,0.573156641,0.511909498,0.664810651
474,1,474,0.941672878,0.567753274,0.944029529
475,1,475,0.713960386,0.541483042,0.812678368
476,1,476,0.884566614,0.559179582,0.901161067
477,1,477,0.69741962,0.543298487,0.821755595
478,1,478,0.940165474,0.567491631,0.942721314
479,1,479,0.36214213,0.16915424,0.518198485
480,1,480,0.656725103,0.528715229,0.748839302
481,1,481,0.599320979,0.512582162,0.668173966
482,1,482,0.48641726,0.19584052,0.525221188
483,1,483,0.794169878,0.547293317,0.841729742
484,1,484,0.54181538,0.515575099,0.683138654
485,1,485,0.94167288,0.567753275,0.944029531
486,1,486,0.929744074,0.567983812,0.945182216
487,1,487,0.676567408,0.519329219,0.701909253
488,1,488,0.13246232,0.07598907,0.37994536
489,1,489,0.618626454,0.520233888,0.706432601
490,1,490,0.933890879,0.567391375,0.942220035
491,1,491,0.775306124,0.555879995,0.884663133
492,1,492,0.38032764,0.22377836,0.532573253
493,1,493,0.01246072,0.01125886,0.05629428
494,1,494,0.92617079,0.567618583,0.943356073
495,1,495,0.523913584,0.502096923,0.615747772
496,1,496,0.941495118,0.567717543,0.943850875
497,1,497,0.514677514,0.40185727,0.579436124
498,1,498,0.01878368,0.01273694,0.06368472
499,1,499,0.554688425,0.46012109,0.594768708
500,0,500,0.0535628,0.00584195,0.03570983
501,0,501,0.00693906,0.0095268,0.20254927
502,0,502,0.07847313,0.05114076,0.03799612
503,0,503,0.00798413,0.0090003,0.16587267
504,0,504,0.01119409,0.01126007,0.04354115
505,0,505,0.08168376,0.01418369,0.03435185
506,0,506,0.01119409,0.01119409,0.31687262
507,0,507,0.118795,0.00876653,0.722855234
508,0,508,0.09096192,0.11742134,0.03850952
509,0,509,0.01053568,0.02880694,0.2095589
510,0,510,0.00950524,0.10806267,0.04369497
511,0,511,0.49773428,0.03385002,0.29410059
512,0,512,0.05549152,0.02894454,0.05314033
513,0,513,0.08883034,0.00908514,0.04016903
514,0,514,0.00776452,0.01085922,0.05765373
515,0,515,0.00376738,0.10310634,0.29012237
516,0,516,0.33835751,0.11249319,0.11876302
517,0,517,0.03180188,0.07489149,0.03351597
518,0,518,0.01119409,0.01138314,0.05396541
519,0,519,0.00612601,0.00961381,0.09647913
520,0,520,0.38383349,0.0049122,0.1956891
521,0,521,0.01119409,0.0110421,0.689720179
522,0,522,0.05652123,0.01119409,0.17303716
523,0,523,0.01079667,0.01047127,0.08707861
524,0,524,0.06513648,0.06737167,0.17060906
525,0,525,0.03534862,0.00328481,0.15796727
526,0,526,0.15408983,0.04105091,0.35196736
527,0,527,0.00517323,0.00928524,0.03741323
528,0,528,0.04784287,0.01336471,0.14421577
529,0,529,0.01110304,0.01540134,0.05971758
530,0,530,0.05625367,0.02206007,0.08501423
531,0,531,0.01091655,0.01119409,0.4483663
532,0,532,0.00983553,0.02227836,0.19956888
533,0,533,0.01082522,0.00623351,0.20538156
534,0,534,0.07325405,0.00686509,0.05537745
535,0,535,0.0272236,0.01109183,0.04088417
536,0,536,0.03663309,0.00786866,0.05499634
537,0,537,0.00497242,0.00763285,0.32811853
538,0,538,0.03635185,0.01938073,0.28577992
539,0,539,0.05827384,0.03264179,0.33844467
540,0,540,0.01073208,0.01555404,0.1237927
541,0,541,0.02608328,0.09221735,0.13027595
542,0,542,0.10194196,0.05952087,0.09014153
543,0,543,0.04941578,0.10563349,0.04831318
544,0,544,0.05873428,0.0229508,0.02279041
545,0,545,0.14970416,0.002931,0.04649509
546,0,546,0.02068871,0.01073877,0.04425154
547,0,547,0.00414375,0.01092633,0.511225767
548,0,548,0.01112549,0.06437042,0.04611848
549,0,549,0.00987001,0.01076014,0.18373959
550,0,550,0.01116825,0.02013401,0.02348954
551,0,551,0.06210179,0.00708588,0.03984885
552,0,552,0.09116272,0.00732791,0.09955939
553,0,553,0.01118499,0.01647842,0.503829695
554,0,554,0.02064194,0.03419047,0.05258428
555,0,555,0.02045177,0.18506129,0.04545085
556,0,556,0.08834943,0.00973433,0.02658319
557,0,557,0.05441912,0.07572974,0.14493828
558,0,558,0.03029377,0.03494424,0.04942489
559,0,559,0.43035023,0.08870912,0.04427682
560,0,560,0.05719205,0.01718031,0.502142233
561,0,561,0.00922247,0.01119409,0.04114493
562,0,562,0.00772744,0.00999548,0.02637623
563,0,563,0.06368358,0.00568145,0.50308689
564,0,564,0.01002035,0.03992008,0.04610257
565,0,565,0.03480505,0.01119127,0.02137652
566,0,566,0.07319875,0.37067873,0.3310332
567,0,567,0.03523109,0.01119409,0.10688982
568,0,568,0.09914982,0.02024038,0.08527397
569,0,569,0.07191389,0.11583797,0.05597047
570,0,570,0.02201848,0.05624016,0.04763479
571,0,571,0.00853656,0.01079308,0.0344804
572,0,572,0.03252529,0.03277156,0.05597014
573,0,573,0.02009584,0.05609158,0.01855076
574,0,574,0.00740267,0.01725176,0.2125142
575,0,575,0.01054306,0.01113715,0.15306628
576,0,576,0.00737884,0.00916991,0.15375016
577,0,577,0.04565614,0.07822776,0.1467973
578,0,578,0.02202519,0.02177949,0.13854779
579,0,579,0.01059741,0.09550144,0.20181552
580,0,580,0.10694882,0.01093776,0.08163894
581,0,581,0.28004124,0.17506626,0.3309417
582,0,582,0.00837917,0.00693044,0.05530089
583,0,583,0.01401716,0.054987,0.05595845
584,0,584,0.03944432,0.01139805,0.02442783
585,0,585,0.01090119,0.01076763,0.03382294
586,0,586,0.01119127,0.03773487,0.31805351
587,0,587,0.10909672,0.01143637,0.04945012
588,0,588,0.00783465,0.00852034,0.39612751
589,0,589,0.0227534,0.31673016,0.05331957
590,0,590,0.01214086,0.06922147,0.03825252
591,0,591,0.00714171,0.00366447,0.05597047
592,0,592,0.00819159,0.00735796,0.48826791
593,0,593,0.19826204,0.04441903,0.22172064
594,0,594,0.14703572,0.00759168,0.05670847
595,0,595,0.00357962,0.06843089,0.27419754
596,0,596,0.01075922,0.01052629,0.05268165
597,0,597,0.00757495,0.05780099,0.06566784
598,0,598,0.07609519,0.00726214,0.04902134
599,0,599,0.00879185,0.01035219,0.05532192
600,0,600,0.00843906,0.01172042,0.530133196
601,0,601,0.03729339,0.00915018,0.15677055
602,0,602,0.01003734,0.01173639,0.04110898
603,0,603,0.17083182,0.00975561,0.05160037
604,0,604,0.00608743,0.0080232,0.34361951
605,0,605,0.0108137,0.0042866,0.29106271
606,0,606,0.04736873,0.01119409,0.690553224
607,0,607,0.26141709,0.03700919,0.12845068
608,0,608,0.00716339,0.09880105,0.05521018
609,0,609,0.10135882,0.02683306,0.02287367
610,0,610,0.00389584,0.00976412,0.05050837
611,0,611,0.01931414,0.0083912,0.05261086
612,0,612,0.07751167,0.06439548,0.05511871
613,0,613,0.12977232,0.01119409,0.05185691
614,0,614,0.01535122,0.01041127,0.502459922
615,0,615,0.24492987,0.00496481,0.05069935
616,0,616,0.02435465,0.28934865,0.26713537
617,0,617,0.04785945,0.01119406,0.07589702
618,0,618,0.00899812,0.00605154,0.11085583
619,0,619,0.05441785,0.00779888,0.11956318
620,0,620,0.00908578,0.00639454,0.11450412
621,0,621,0.01073439,0.02650536,0.02857455
622,0,622,0.02729086,0.00917845,0.03522062
623,0,623,0.01771563,0.01279456,0.2217116
624,0,624,0.03100704,0.01114038,0.05591171
625,0,625,0.00833747,0.02039201,0.09687678
626,0,626,0.00815675,0.03669817,0.05597047
627,0,627,0.00820942,0.24573008,0.23956661
628,0,628,0.1715208,0.00633555,0.05824253
629,0,629,0.01557645,0.00208285,0.23392414
630,0,630,0.02046825,0.01073802,0.26526704
631,0,631,0.05344091,0.01894956,0.31104339
632,0,632,0.00888991,0.00728647,0.1356595
633,0,633,0.01725003,0.07307319,0.27261484
634,0,634,0.16730719,0.01059261,0.34207347
635,0,635,0.11423831,0.0583269,0.45789229
636,0,636,0.00715873,0.01111337,0.0443149
637,0,637,0.00839306,0.01119409,0.11759972
638,0,638,0.03943057,0.00996719,0.05597047
639,0,639,0.15695814,0.02080956,0.04603816
640,0,640,0.00856921,0.00836046,0.05517451
641,0,641,0.06917944,0.02067153,0.05597047
642,0,642,0.01114347,0.02885095,0.04857393
643,0,643,0.19005564,0.01148393,0.05591223
644,0,644,0.04689551,0.01175083,0.46108674
645,0,645,0.02922192,0.01064855,0.1891273
646,0,646,0.00549511,0.03118714,0.04797091
647,0,647,0.0150359,0.00990721,0.054719
648,0,648,0.01116938,0.05996364,0.39719316
649,0,649,0.00435203,0.04513254,0.28382576
650,0,650,0.0059564,0.01959049,0.12823387
651,0,651,0.03582798,0.04050365,0.0546956
652,0,652,0.1206337,0.1411105,0.05006571
653,0,653,0.19511996,0.00994721,0.03066354
654,0,654,0.11569501,0.05721141,0.48557922
655,0,655,0.00633647,0.01119341,0.04013359
656,0,656,0.04044768,0.02685816,0.04052724
657,0,657,0.09009463,0.00821612,0.06586409
658,0,658,0.02002581,0.03575735,0.02148118
659,0,659,0.11804934,0.0170363,0.03058551
660,0,660,0.01113925,0.00544479,0.04515283
661,0,661,0.08264319,0.00798925,0.04047084
662,0,662,0.01021459,0.01622348,0.31290711
663,0,663,0.08019466,0.00609204,0.05579802
664,0,664,0.02222634,0.03342272,0.29596158
665,0,665,0.29740934,0.01119409,0.1240488
666,0,666,0.01787968,0.02995393,0.10205709
667,0,667,0.01080357,0.02262236,0.05457819
668,0,668,0.04374437,0.0050501,0.04186319
669,0,669,0.02964329,0.01114214,0.04581922
670,0,670,0.0566773,0.01009607,0.20325266
671,0,671,0.03252528,0.0039034,0.29711619
672,0,672,0.07231906,0.02620659,0.07278685
673,0,673,0.01059304,0.00689161,0.06694397
674,0,674,0.10771007,0.523518415,0.2008633
675,0,675,0.11321256,0.00807109,0.03183393
676,0,676,0.01100323,0.00949354,0.23445002
677,0,677,0.06339584,0.01447631,0.1621038
678,0,678,0.02303281,0.0109691,0.13206589
679,0,679,0.04258826,0.01320531,0.2865952
680,0,680,0.0143046,0.02077845,0.09900128
681,0,681,0.05626371,0.01119409,0.15742891
682,0,682,0.00877235,0.09018816,0.11341203
683,0,683,0.00646278,0.01047847,0.06467443
684,0,684,0.07868727,0.01552765,0.23688481
685,0,685,0.0166938,0.02821556,0.0300749
686,0,686,0.05354009,0.01045247,0.0550556
687,0,687,0.12664309,0.011851,0.2782832
688,0,688,0.00658515,0.0294587,0.04222118
689,0,689,0.01119028,0.12227499,0.10078234
690,0,690,0.01090772,0.01057665,0.0559209
691,0,691,0.05555076,0.01092532,0.04115403
692,0,692,0.01105631,0.01887212,0.08207247
693,0,693,0.01115978,0.06722314,0.2781812
694,0,694,0.06910182,0.00686068,0.07223453
695,0,695,0.04097969,0.00849468,0.06056499
696,0,696,0.09769311,0.01119234,0.504864248
697,0,697,0.07485682,0.03109138,0.0211338
698,0,698,0.01204649,0.00577275,0.14074387
699,0,699,0.0080581,0.00300727,0.02583537
700,0,700,0.17380756,0.01259356,0.09683865
701,0,701,0.05829384,0.05406317,0.05718185
702,0,702,0.02021877,0.00873711,0.04915819
703,0,703,0.00420728,0.07463077,0.04975253
704,0,704,0.01114409,0.01039178,0.09550029
705,0,705,0.01109414,0.01097994,0.41556593
706,0,706,0.00442683,0.01096822,0.512614421
707,0,707,0.01119409,0.01515424,0.05474128
708,0,708,0.00434563,0.04821383,0.20946914
709,0,709,0.07466428,0.00990837,0.23083606
710,0,710,0.11788631,0.0048752,0.0415405
711,0,711,0.09339427,0.0088641,0.10782234
712,0,712,0.00758272,0.02130833,0.04463231
713,0,713,0.00764101,0.012934,0.1303618
714,0,714,0.02489696,0.05685567,0.02880949
715,0,715,0.03070756,0.00921291,0.39388542
716,0,716,0.09004713,0.0086092,0.19729653
717,0,717,0.0253462,0.0096859,0.01771478
718,0,718,0.0087186,0.00541704,0.19713151
719,0,719,0.01100296,0.02142326,0.0521707
720,0,720,0.00816114,0.01119352,0.13921465
721,0,721,0.11872666,0.00418037,0.35975672
722,0,722,0.00929133,0.01387689,0.04491545
723,0,723,0.01211359,0.01524761,0.35079778
724,0,724,0.02032577,0.08070827,0.02283052
725,0,725,0.07466872,0.0103841,0.35825377
726,0,726,0.01119409,0.01117412,0.17092909
727,0,727,0.01107967,0.00860436,0.02729082
728,0,728,0.00624001,0.01089644,0.10120191
729,0,729,0.00825051,0.01119409,0.31454113
730,0,730,0.08997035,0.04739753,0.12412723
731,0,731,0.00672982,0.04714746,0.02528493
732,0,732,0.01110094,0.02671516,0.10760785
733,0,733,0.07031327,0.01488308,0.19093169
734,0,734,0.0315862,0.03103645,0.05597047
735,0,735,0.14321507,0.01119409,0.05453858
736,0,736,0.01077877,0.10960134,0.05552186
737,0,737,0.15801881,0.01119409,0.24047404
738,0,738,0.01115711,0.03259567,0.05561126
739,0,739,0.01107096,0.02634131,0.28319704
740,0,740,0.42491897,0.02324462,0.05569325
741,0,741,0.03644709,0.00944899,0.05633974
742,0,742,0.31638718,0.09589048,0.17937583
743,0,743,0.05233804,0.0096267,0.13974412
744,0,744,0.01610916,0.02672025,0.01608291
745,0,745,0.01381695,0.02341267,0.0958849
746,0,746,0.01511731,0.0030284,0.02062315
747,0,747,0.01090209,0.00949682,0.11295699
748,0,748,0.01045887,0.01012959,0.16231606
749,0,749,0.04897959,0.01868157,0.02235298
750,0,750,0.07626773,0.00648854,0.04293819
751,0,751,0.00964552,0.01116496,0.501884453
752,0,752,0.01021892,0.00663814,0.04085458
753,0,753,0.01045575,0.06800552,0.05422666
754,0,754,0.08199801,0.01040736,0.03496667
755,0,755,0.0146761,0.01075057,0.04886793
756,0,756,0.05867352,0.00978901,0.23896255
757,0,757,0.00749163,0.01102469,0.02673202
758,0,758,0.01062666,0.02213365,0.19085271
759,0,759,0.07234354,0.02410843,0.0374709
760,0,760,0.01119409,0.02714165,0.06365926
761,0,761,0.02198281,0.01104231,0.12857904
762,0,762,0.03081403,0.00782442,0.570871333
763,0,763,0.03934618,0.01468997,0.0304713
764,0,764,0.35806149,0.02616995,0.0483897
765,0,765,0.04420795,0.00989782,0.14393401
766,0,766,0.02288203,0.02314129,0.0593681
767,0,767,0.05966505,0.03844181,0.02945832
768,0,768,0.08054087,0.00488685,0.02046651
769,0,769,0.00388696,0.0038905,0.36092381
770,0,770,0.04604483,0.0497437,0.06501322
771,0,771,0.21377149,0.00636679,0.01789313
772,0,772,0.0094543,0.00754089,0.21389575
773,0,773,0.15077141,0.00535017,0.04661489
774,0,774,0.16301425,0.08311319,0.05349453
775,0,775,0.00566878,0.01049829,0.23083804
776,0,776,0.01226067,0.01000567,0.01995514
777,0,777,0.0101948,0.02943133,0.05788235
778,0,778,0.0530071,0.01118905,0.05397697
779,0,779,0.04744663,0.0263214,0.0886049
780,0,780,0.00996603,0.00479469,0.05539892
781,0,781,0.00696642,0.00869775,0.24700354
782,0,782,0.01280825,0.01039968,0.07747884
783,0,783,0.09219379,0.03434501,0.03297308
784,0,784,0.01137836,0.03190082,0.37977593
785,0,785,0.06284943,0.03859221,0.01239229
786,0,786,0.03377232,0.01140488,0.03668129
787,0,787,0.08812075,0.02572097,0.522534592
788,0,788,0.06225874,0.01103915,0.05597047
789,0,789,0.00807625,0.01024869,0.0727902
790,0,790,0.01899636,0.02213625,0.0470798
791,0,791,0.01855921,0.00908738,0.05552846
792,0,792,0.28043991,0.01097451,0.06397281
793,0,793,0.01031086,0.01233793,0.19127209
794,0,794,0.09484151,0.00626455,0.02673746
795,0,795,0.01119409,0.00813473,0.05597047
796,0,796,0.20717441,0.04885081,0.10372568
797,0,797,0.0449195,0.01075279,0.03056183
798,0,798,0.01926866,0.00989842,0.05633966
799,0,799,0.06513699,0.23085286,0.05597046
800,0,800,0.06234299,0.10568572,0.502753762
801,0,801,0.01901914,0.01075829,0.05268852
802,0,802,0.03822161,0.0111304,0.1314905
803,0,803,0.0533078,0.03476396,0.05925099
804,0,804,0.12724282,0.04722317,0.37529685
805,0,805,0.00506944,0.05452297,0.07176083
806,0,806,0.0503059,0.1222335,0.26777923
807,0,807,0.14234215,0.0082605,0.02623734
808,0,808,0.01119409,0.0178317,0.12902954
809,0,809,0.01014048,0.18795814,0.02401728
810,0,810,0.01664903,0.02277555,0.05578919
811,0,811,0.00863376,0.0075963,0.02437598
812,0,812,0.15042516,0.062387,0.05395019
813,0,813,0.01119409,0.01639692,0.04649377
814,0,814,0.503802839,0.01182368,0.01814932
815,0,815,0.01103101,0.03128582,0.04396659
816,0,816,0.00847656,0.01085288,0.05597047
817,0,817,0.00980653,0.0088725,0.04391836
818,0,818,0.00807223,0.06389578,0.03790901
819,0,819,0.21792623,0.0092336,0.03398256
820,0,820,0.00807267,0.01833823,0.05597047
821,0,821,0.01719998,0.03345753,0.11233269
822,0,822,0.05834385,0.0687239,0.08014047
823,0,823,0.00943456,0.01119409,0.09340787
824,0,824,0.52113602,0.01111465,0.08336657
825,0,825,0.0111196,0.00606845,0.0657955
826,0,826,0.0430877,0.04216819,0.501219645
827,0,827,0.09183688,0.01095292,0.24749962
828,0,828,0.01509265,0.00806387,0.31378257
829,0,829,0.02216673,0.01118724,0.33124049
830,0,830,0.00879332,0.00494258,0.05420721
831,0,831,0.02981263,0.00761863,0.31632002
832,0,832,0.01427714,0.01106338,0.05597047
833,0,833,0.07908375,0.04032191,0.07328231
834,0,834,0.04395042,0.03455644,0.07095033
835,0,835,0.01104616,0.01360654,0.03289194
836,0,836,0.00959334,0.01761831,0.40582782
837,0,837,0.00752838,0.05342929,0.10921678
838,0,838,0.00859589,0.06494944,0.502288587
839,0,839,0.01275609,0.0069409,0.05565201
840,0,840,0.07932286,0.00802703,0.2716174
841,0,841,0.00843337,0.0037933,0.23257534
842,0,842,0.10867148,0.03311238,0.07618913
843,0,843,0.00986761,0.01119409,0.07622301
844,0,844,0.07463292,0.00413847,0.18638955
845,0,845,0.10291637,0.12463657,0.05492504
846,0,846,0.05011153,0.00303851,0.12788599
847,0,847,0.00906341,0.01092624,0.32536144
848,0,848,0.501554215,0.00942917,0.728470253
849,0,849,0.02603617,0.02801622,0.31335994
850,0,850,0.00951925,0.00500173,0.03871074
851,0,851,0.00803714,0.02224117,0.05640527
852,0,852,0.00353435,0.02485268,0.15435652
853,0,853,0.02931769,0.03459636,0.04688244
854,0,854,0.0076258,0.01002018,0.12547642
855,0,855,0.0146391,0.00625059,0.05571733
856,0,856,0.06683828,0.00526377,0.12620185
857,0,857,0.0055666,0.01682095,0.16758068
858,0,858,0.01050422,0.00531826,0.048027
859,0,859,0.04325937,0.01843474,0.519704463
860,0,860,0.0065107,0.03201112,0.05578144
861,0,861,0.04393109,0.00432795,0.07232254
862,0,862,0.06871603,0.01119409,0.29458951
863,0,863,0.04061198,0.00391325,0.04305843
864,0,864,0.0602164,0.01396854,0.03235723
865,0,865,0.07220685,0.0094822,0.21297297
866,0,866,0.0111934,0.01114164,0.0514754
867,0,867,0.04022769,0.00897596,0.05185396
868,0,868,0.00803762,0.01119409,0.0916226
869,0,869,0.03991214,0.40601531,0.05569161
870,0,870,0.01065187,0.00749536,0.49082039
871,0,871,0.00455762,0.01044981,0.13694206
872,0,872,0.03492773,0.0097353,0.20039448
873,0,873,0.10035754,0.11120003,0.05597047
874,0,874,0.00949247,0.01090736,0.05479276
875,0,875,0.0161267,0.00972072,0.05597047
876,0,876,0.02756323,0.00588388,0.08574159
877,0,877,0.01121377,0.01047861,0.03486744
878,0,878,0.00813704,0.01116371,0.06015092
879,0,879,0.08339204,0.04682827,0.05478111
880,0,880,0.01793568,0.00802085,0.049757
881,0,881,0.00831057,0.03180186,0.05577823
882,0,882,0.01115605,0.09879453,0.06315631
883,0,883,0.0955735,0.01119409,0.10751697
884,0,884,0.01091923,0.07813504,0.511867023
885,0,885,0.01036779,0.00690884,0.0425364
886,0,886,0.01109722,0.00925158,0.26261401
887,0,887,0.01083108,0.00854514,0.11401669
888,0,888,0.11739376,0.06250345,0.18561718
889,0,889,0.1276889,0.01031149,0.09313548
890,0,890,0.00531664,0.02309105,0.05151564
891,0,891,0.11304898,0.02974046,0.662585464
892,0,892,0.09711776,0.01089161,0.10087158
893,0,893,0.34800093,0.07349315,0.06738479
894,0,894,0.01068733,0.00990877,0.12389511
895,0,895,0.11599986,0.06507229,0.501169491
896,0,896,0.06681865,0.04378128,0.04110763
897,0,897,0.0424545,0.00963441,0.31366777
898,0,898,0.24118163,0.27540423,0.27044382
899,0,899,0.09393652,0.00751582,0.05539796
900,0,900,0.03092158,0.06375163,0.05147771
901,0,901,0.01046739,0.00421531,0.523110331
902,0,902,0.0070164,0.07102613,0.22746196
903,0,903,0.01094861,0.00810686,0.03343104
904,0,904,0.01239561,0.01088964,0.15488069
905,0,905,0.06665613,0.02446613,0.05074514
906,0,906,0.04828544,0.38325944,0.2229371
907,0,907,0.26790487,0.01106438,0.05082964
908,0,908,0.03815379,0.00998367,0.501425007
909,0,909,0.01057665,0.00713312,0.23082552
910,0,910,0.02735474,0.02314906,0.529551721
911,0,911,0.00400226,0.02027181,0.03243486
912,0,912,0.01116915,0.01945778,0.05435846
913,0,913,0.01119079,0.00674632,0.03702348
914,0,914,0.10994241,0.01115868,0.02502927
915,0,915,0.01057195,0.01117648,0.04338756
916,0,916,0.16550821,0.00768062,0.05755211
917,0,917,0.04428774,0.01083487,0.04707229
918,0,918,0.00515727,0.03908143,0.096441
919,0,919,0.15681696,0.01084717,0.12360705
920,0,920,0.01079363,0.0111794,0.40743749
921,0,921,0.00987094,0.01296665,0.06925849
922,0,922,0.05801407,0.05942324,0.03664284
923,0,923,0.00493365,0.01119409,0.05871729
924,0,924,0.00714038,0.11119811,0.03260306
925,0,925,0.34926488,0.00678703,0.04398292
926,0,926,0.08858444,0.0729561,0.09031848
927,0,927,0.01119409,0.00680099,0.04157074
928,0,928,0.06270669,0.0152446,0.04457311
929,0,929,0.12130357,0.01275384,0.04063725
930,0,930,0.01070703,0.00942986,0.07079992
931,0,931,0.02019647,0.01119409,0.03758918
932,0,932,0.33569988,0.02821717,0.12320347
933,0,933,0.01145404,0.0345262,0.04914491
934,0,934,0.01909556,0.00306289,0.05597047
935,0,935,0.00513721,0.0111534,0.04531704
936,0,936,0.30516121,0.23062092,0.13975234
937,0,937,0.00782823,0.0078075,0.0559303
938,0,938,0.548336461,0.00779492,0.35474753
939,0,939,0.01507233,0.02398115,0.59538066
940,0,940,0.11359282,0.03587517,0.516427622
941,0,941,0.02081868,0.05219985,0.04576649
942,0,942,0.01960558,0.0109995,0.02084802
943,0,943,0.04733521,0.04128264,0.19721765
944,0,944,0.004008,0.01445586,0.04165489
945,0,945,0.02109719,0.04841867,0.10781851
946,0,946,0.01118974,0.06267111,0.02941941
947,0,947,0.00818887,0.00955979,0.01913404
948,0,948,0.00647824,0.00653779,0.01920568
949,0,949,0.30514632,0.01272324,0.16619456
950,0,950,0.02267732,0.03446427,0.05597047
951,0,951,0.01119409,0.01110569,0.05596924
952,0,952,0.0296142,0.02310109,0.501502068
953,0,953,0.01099054,0.01765897,0.17263101
954,0,954,0.01116893,0.03283511,0.03969832
955,0,955,0.01119409,0.00802672,0.25263622
956,0,956,0.01973616,0.06079544,0.505861839
957,0,957,0.01021256,0.01763515,0.05583441
958,0,958,0.08255041,0.03047529,0.08606019
959,0,959,0.00861472,0.02307014,0.0637692
960,0,960,0.03125337,0.04549239,0.523540472
961,0,961,0.04265378,0.00582523,0.05447729
962,0,962,0.04055495,0.0320119,0.21858542
963,0,963,0.04960635,0.00996648,0.05556088
964,0,964,0.00882234,0.01032007,0.07912187
965,0,965,0.01321203,0.03466335,0.30397719
966,0,966,0.17535388,0.02763905,0.03374834
967,0,967,0.03832569,0.01697172,0.2348456
968,0,968,0.07313073,0.02035932,0.39352813
969,0,969,0.01215957,0.05172907,0.04510897
970,0,970,0.06843877,0.00438343,0.17002377
971,0,971,0.48324717,0.01090614,0.12400172
972,0,972,0.01108456,0.03099294,0.10756064
973,0,973,0.01209483,0.01116893,0.05546987
974,0,974,0.02555122,0.00860001,0.3868091
975,0,975,0.08482099,0.00180252,0.04575023
976,0,976,0.09546411,0.00777661,0.05339049
977,0,977,0.03390469,0.03600877,0.02728778
978,0,978,0.3857497,0.06223272,0.05303559
979,0,979,0.01119385,0.08889267,0.05764743
980,0,980,0.00713871,0.00485262,0.28499903
981,0,981,0.01119409,0.09111172,0.05579278
982,0,982,0.00729993,0.01114879,0.4497997
983,0,983,0.01102523,0.01168996,0.08513628
984,0,984,0.07434471,0.00769018,0.06494328
985,0,985,0.03033256,0.01082443,0.08007222
986,0,986,0.03406405,0.01105483,0.0297465
987,0,987,0.01050171,0.01512035,0.08200324
988,0,988,0.02733483,0.0213069,0.06025073
989,0,989,0.00519752,0.01111494,0.05530323
990,0,990,0.01027735,0.00340151,0.28816491
991,0,991,0.03108654,0.01064727,0.19293817
992,0,992,0.02910532,0.03669047,0.05344066
993,0,993,0.04283773,0.01115921,0.07516958
994,0,994,0.09193042,0.01289503,0.506059919
995,0,995,0.10593316,0.0092287,0.05442982
996,0,996,0.03272515,0.03068563,0.501386353
997,0,997,0.01112075,0.00758864,0.30500734
998,0,998,0.02873343,0.00740531,0.09459951
999,0,999,0.0325735,0.00917314,0.12859241
1000,0,1000,0.06333198,0.00415373,0.36413479
1001,0,1001,0.28405755,0.02305667,0.09394447
1002,0,1002,0.00975523,0.0089102,0.09252322
1003,0,1003,0.01119409,0.08789692,0.09745511
1004,0,1004,0.06515789,0.0057049,0.03436429
1005,0,1005,0.51112232,0.00863101,0.07193762
1006,0,1006,0.14973971,0.012173,0.05205273
1007,0,1007,0.07212938,0.01088546,0.04617689
1008,0,1008,0.01029738,0.11807537,0.503369976
1009,0,1009,0.01119409,0.00793951,0.13355428
1010,0,1010,0.12866798,0.01160831,0.09287363
1011,0,1011,0.02371315,0.02054392,0.29975177
1012,0,1012,0.20383011,0.0032427,0.03170908
1013,0,1013,0.11651894,0.01797705,0.05540271
1014,0,1014,0.03087981,0.00728575,0.03564869
1015,0,1015,0.03689231,0.01073929,0.04199778
1016,0,1016,0.04443841,0.00711957,0.14285632
1017,0,1017,0.537774955,0.1287868,0.04517092
1018,0,1018,0.03384061,0.01028941,0.1101902
1019,0,1019,0.01917424,0.01275344,0.44573516
1020,0,1020,0.29783775,0.01104767,0.4815645
1021,0,1021,0.01119259,0.01146831,0.05107977
1022,0,1022,0.0069648,0.00750683,0.03300586
1023,0,1023,0.10203912,0.09787684,0.05552825
1024,0,1024,0.07467255,0.01754983,0.31030269
1025,0,1025,0.00535811,0.04307764,0.07574504
1026,0,1026,0.04794645,0.03198361,0.05597047
1027,0,1027,0.01815032,0.03643002,0.1921797
1028,0,1028,0.01024117,0.01034126,0.44685844
1029,0,1029,0.15655371,0.02721956,0.535480228
1030,0,1030,0.0048679,0.02942257,0.1441833
1031,0,1031,0.03611529,0.01022381,0.05103865
1032,0,1032,0.00999144,0.08579389,0.0792198
1033,0,1033,0.07110294,0.00438894,0.33119312
1034,0,1034,0.02489665,0.04436256,0.05146497
1035,0,1035,0.07613182,0.00557174,0.1064097
1036,0,1036,0.00655473,0.04307504,0.04223447
1037,0,1037,0.03603905,0.01027896,0.03265642
1038,0,1038,0.07273417,0.00583916,0.05525833
1039,0,1039,0.01119409,0.01101894,0.05372342
1040,0,1040,0.06814186,0.00473147,0.01622365
1041,0,1041,0.01119409,0.0848892,0.04194655
1042,0,1042,0.03935938,0.01118769,0.08334524
1043,0,1043,0.05235925,0.02794882,0.05407089
1044,0,1044,0.05966826,0.0255919,0.10200271
1045,0,1045,0.03278147,0.01347142,0.14734976
1046,0,1046,0.22755876,0.02250972,0.03707771
1047,0,1047,0.00642654,0.08200044,0.17975568
1048,0,1048,0.00393272,0.00951232,0.05342826
1049,0,1049,0.01123584,0.00443424,0.1104111
1050,0,1050,0.00903565,0.06655303,0.05592088
1051,0,1051,0.1489089,0.06004361,0.07238155
1052,0,1052,0.00368068,0.01640065,0.02443427
1053,0,1053,0.02815861,0.00692824,0.02896395
1054,0,1054,0.00969716,0.05785565,0.22887818
1055,0,1055,0.02701686,0.01001575,0.04981753
1056,0,1056,0.01119409,0.00890933,0.16416335
1057,0,1057,0.01966381,0.01119409,0.20781221
1058,0,1058,0.01091249,0.09272015,0.19027605
1059,0,1059,0.01433854,0.01047514,0.05590823
1060,0,1060,0.01037138,0.06284932,0.27295814
1061,0,1061,0.00400606,0.01511942,0.01504557
1062,0,1062,0.03908782,0.03487105,0.05562924
1063,0,1063,0.01112655,0.00684661,0.05078207
1064,0,1064,0.27423099,0.14520451,0.05591461
1065,0,1065,0.07836677,0.00833098,0.37432539
1066,0,1066,0.02987565,0.01009923,0.16472268
1067,0,1067,0.07245134,0.01965305,0.01500751
1068,0,1068,0.01505788,0.0189893,0.11683456
1069,0,1069,0.02852013,0.05601036,0.05597047
1070,0,1070,0.06416097,0.00731031,0.02019642
1071,0,1071,0.00717877,0.0082218,0.12836956
1072,0,1072,0.01994008,0.01049985,0.524571202
1073,0,1073,0.01406009,0.01882514,0.14623112
1074,0,1074,0.00487431,0.01164333,0.02666869
1075,0,1075,0.02433878,0.11506412,0.02050508
1076,0,1076,0.01812191,0.02296893,0.05211707
1077,0,1077,0.04708394,0.04689,0.13460153
1078,0,1078,0.07961186,0.01225213,0.03418139
1079,0,1079,0.04133592,0.01157647,0.09524957
1080,0,1080,0.05167905,0.00644161,0.18253731
1081,0,1081,0.00985943,0.07865492,0.10149256
1082,0,1082,0.00816384,0.022901,0.05356668
1083,0,1083,0.01110685,0.0584472,0.16500881
1084,0,1084,0.03660938,0.00965577,0.26519243
1085,0,1085,0.04542564,0.00423162,0.08398578
1086,0,1086,0.0109361,0.00741554,0.03324056
1087,0,1087,0.09833614,0.06159235,0.05046444
1088,0,1088,0.09901893,0.06179422,0.07053847
1089,0,1089,0.01119409,0.00804321,0.04554593
1090,0,1090,0.02963531,0.00975128,0.05734157
1091,0,1091,0.04875251,0.00432209,0.05846859
1092,0,1092,0.00618217,0.0859596,0.03770808
1093,0,1093,0.10333469,0.01301818,0.03491873
1094,0,1094,0.547047681,0.01108585,0.38760235
1095,0,1095,0.01481947,0.00646586,0.05597017
1096,0,1096,0.22665413,0.03348511,0.05199502
1097,0,1097,0.116711,0.01117234,0.03218607
1098,0,1098,0.22266936,0.07628495,0.05389514
1099,0,1099,0.07922193,0.01045137,0.38882641
1100,0,1100,0.13583789,0.33709853,0.32810102
1101,0,1101,0.00745957,0.01116891,0.05453068
1102,0,1102,0.01092602,0.14137172,0.04708686
1103,0,1103,0.01062821,0.01424462,0.14149895
1104,0,1104,0.01237276,0.00719777,0.25700293
1105,0,1105,0.03856649,0.00897763,0.08022594
1106,0,1106,0.08444566,0.01119409,0.05270303
1107,0,1107,0.00825094,0.00699745,0.05736298
1108,0,1108,0.05166488,0.512179625,0.15560791
1109,0,1109,0.01116371,0.00609426,0.4316457
1110,0,1110,0.04404195,0.01071975,0.03040446
1111,0,1111,0.06106267,0.0258259,0.04259393
1112,0,1112,0.06289964,0.26165905,0.06644705
1113,0,1113,0.00669826,0.02643237,0.22581802
1114,0,1114,0.00676065,0.12707376,0.0258973
1115,0,1115,0.01079717,0.00848448,0.05986732
1116,0,1116,0.06254435,0.01096495,0.0559704
1117,0,1117,0.32888752,0.02541398,0.10939744
1118,0,1118,0.08450887,0.04075789,0.03692625
1119,0,1119,0.02663081,0.00318715,0.05487007
1120,0,1120,0.3548419,0.03394925,0.545914975
1121,0,1121,0.00993668,0.35233768,0.04767607
1122,0,1122,0.00342564,0.01038677,0.516649637
1123,0,1123,0.00915421,0.02405348,0.0494891
1124,0,1124,0.01059601,0.01226192,0.05481129
1125,0,1125,0.07938502,0.14657924,0.03262162
1126,0,1126,0.01092418,0.03191334,0.1865806
1127,0,1127,0.33621603,0.01073752,0.03603719
1128,0,1128,0.0411679,0.06826325,0.40742457
1129,0,1129,0.00275521,0.49947439,0.03918088
1130,0,1130,0.01116766,0.01119409,0.505373358
1131,0,1131,0.00501814,0.10420241,0.15518309
1132,0,1132,0.00599637,0.00941737,0.05597046
1133,0,1133,0.01685649,0.00515085,0.07163269
1134,0,1134,0.01699157,0.03537013,0.05597046
1135,0,1135,0.00608223,0.00951648,0.05195799
1136,0,1136,0.0228414,0.01119409,0.10236353
1137,0,1137,0.04657862,0.00699333,0.27908685
1138,0,1138,0.01119405,0.0400789,0.03896136
1139,0,1139,0.05598344,0.00679651,0.02962833
1140,0,1140,0.00840268,0.0111596,0.04896677
1141,0,1141,0.0877208,0.00652004,0.12956475
1142,0,1142,0.08062422,0.01265331,0.05414205
1143,0,1143,0.00796294,0.00731422,0.08517055
1144,0,1144,0.10955942,0.0274694,0.05508162
1145,0,1145,0.03507631,0.01047117,0.04538427
1146,0,1146,0.01119383,0.00610374,0.02671111
1147,0,1147,0.01114701,0.00638922,0.14706724
1148,0,1148,0.02908109,0.09716051,0.11061304
1149,0,1149,0.05052623,0.01017206,0.09740117
1150,0,1150,0.01962715,0.01259071,0.05454957
1151,0,1151,0.00794391,0.01692207,0.521146187
1152,0,1152,0.00994874,0.00905033,0.04304279
1153,0,1153,0.00701188,0.00873899,0.04621943
1154,0,1154,0.04628075,0.10001732,0.05077426
1155,0,1155,0.21782833,0.04065852,0.03202009
1156,0,1156,0.01888327,0.00646137,0.05572132
1157,0,1157,0.21378535,0.04277915,0.02396146
1158,0,1158,0.01834195,0.08280941,0.09628835
1159,0,1159,0.08926089,0.03569364,0.07980472
1160,0,1160,0.01566434,0.17590263,0.15820126
1161,0,1161,0.02505638,0.01119073,0.526873477
1162,0,1162,0.01491427,0.03875066,0.05379329
1163,0,1163,0.09873119,0.00978254,0.05463165
1164,0,1164,0.00834187,0.01119409,0.05597045
1165,0,1165,0.00683715,0.01668268,0.03565012
1166,0,1166,0.0083139,0.03230547,0.07776388
1167,0,1167,0.00983133,0.01109668,0.11066824
1168,0,1168,0.11648448,0.23428718,0.04711235
1169,0,1169,0.06825757,0.01116871,0.20610069
1170,0,1170,0.01036715,0.01018668,0.02511686
1171,0,1171,0.03871452,0.02857126,0.0873088
1172,0,1172,0.08385298,0.02069017,0.05966282
1173,0,1173,0.03061628,0.01077833,0.18867921
1174,0,1174,0.01407636,0.05243171,0.03586585
1175,0,1175,0.01119408,0.07340027,0.05949693
1176,0,1176,0.39425895,0.01119409,0.02383383
1177,0,1177,0.07414938,0.00966968,0.10179662
1178,0,1178,0.01119409,0.00730209,0.535534272
1179,0,1179,0.01101178,0.01014735,0.0474677
1180,0,1180,0.01312265,0.01155939,0.17794552
1181,0,1181,0.00524398,0.01102339,0.05542081
1182,0,1182,0.075057,0.03473739,0.13927435
1183,0,1183,0.02143449,0.13049957,0.04700034
1184,0,1184,0.0660183,0.01496446,0.04969355
1185,0,1185,0.629787603,0.0094604,0.502160334
1186,0,1186,0.00820957,0.01114755,0.05597047
1187,0,1187,0.01705891,0.02096218,0.01712713
1188,0,1188,0.14838054,0.00434833,0.514580516
1189,0,1189,0.01048069,0.01052815,0.03925718
1190,0,1190,0.11131013,0.13174838,0.05597047
1191,0,1191,0.26527806,0.03218008,0.500327919
1192,0,1192,0.05676067,0.00828513,0.02382522
1193,0,1193,0.00906728,0.02766275,0.05568231
1194,0,1194,0.13862437,0.00697527,0.04490014
1195,0,1195,0.03116633,0.04599797,0.05647774
1196,0,1196,0.2335608,0.01108648,0.04150867
1197,0,1197,0.04696044,0.01184226,0.03177223
1198,0,1198,0.04152878,0.0233933,0.0548104
1199,0,1199,0.01112017,0.02874848,0.01127309
1200,0,1200,0.04308376,0.00528344,0.07229328
1201,0,1201,0.02942173,0.05234592,0.34055717
1202,0,1202,0.01119409,0.01227384,0.502562166
1203,0,1203,0.515804865,0.00332972,0.511895925
1204,0,1204,0.01158713,0.03577593,0.0214657
1205,0,1205,0.08783473,0.02267142,0.07695812
1206,0,1206,0.512664081,0.1570371,0.33186043
1207,0,1207,0.00883838,0.01421665,0.05297855
1208,0,1208,0.01092871,0.03704433,0.05575058
1209,0,1209,0.00940497,0.1846244,0.09505574
1210,0,1210,0.0111768,0.05421842,0.04158226
1211,0,1211,0.16487422,0.01098336,0.03201297
1212,0,1212,0.01673605,0.00833536,0.01377602
1213,0,1213,0.01118872,0.06811143,0.09022127
1214,0,1214,0.04697443,0.01087647,0.0599133
1215,0,1215,0.00601875,0.01790762,0.500033609
1216,0,1216,0.08461639,0.03559567,0.09861972
1217,0,1217,0.05166427,0.00935656,0.0406726
1218,0,1218,0.01069891,0.06312485,0.18049123
1219,0,1219,0.01479482,0.00722205,0.30682797
1220,0,1220,0.0905707,0.04470476,0.07778362
1221,0,1221,0.03290991,0.01048787,0.557086776
1222,0,1222,0.0109973,0.00731427,0.14464937
1223,0,1223,0.01117182,0.00882148,0.33685833
1224,0,1224,0.03222659,0.01100916,0.05089501
1225,0,1225,0.00552914,0.00640461,0.1291295
1226,0,1226,0.00724019,0.08618684,0.08804376
1227,0,1227,0.01119409,0.01444624,0.20285511
1228,0,1228,0.03068787,0.01115105,0.04792471
1229,0,1229,0.03425163,0.0494933,0.01751926
1230,0,1230,0.04125641,0.00621599,0.04855034
1231,0,1231,0.2814128,0.01059432,0.46609396
1232,0,1232,0.08074848,0.01034009,0.04109686
1233,0,1233,0.0722537,0.03525832,0.05908266
1234,0,1234,0.00908386,0.01841698,0.881447682
1235,0,1235,0.06408004,0.02134245,0.506273824
1236,0,1236,0.00794389,0.00811981,0.18904021
1237,0,1237,0.06385783,0.01229789,0.15654145
1238,0,1238,0.13166146,0.05042569,0.1433049
1239,0,1239,0.03584191,0.01894055,0.26215853
1240,0,1240,0.42947242,0.00342543,0.05447298
1241,0,1241,0.06667228,0.00648334,0.16023948
1242,0,1242,0.00871711,0.02325432,0.05597047
1243,0,1243,0.11285967,0.03502986,0.17808164
1244,0,1244,0.01087749,0.07450637,0.05597047
1245,0,1245,0.00941522,0.01119409,0.15889411
1246,0,1246,0.04699791,0.01679238,0.09241935
1247,0,1247,0.0160624,0.01119409,0.540573429
1248,0,1248,0.01718787,0.02193964,0.505214788
1249,0,1249,0.04306006,0.02074514,0.03538058
1250,0,1250,0.01290431,0.02028883,0.506751189
1251,0,1251,0.10202176,0.03773584,0.06854506
1252,0,1252,0.01116409,0.00881901,0.15768984
1253,0,1253,0.03484917,0.00724559,0.04893556
1254,0,1254,0.606119929,0.01058737,0.05566059
1255,0,1255,0.01052671,0.01119409,0.03754449
1256,0,1256,0.27238008,0.02644475,0.03540873
1257,0,1257,0.09449349,0.01113883,0.505599806
1258,0,1258,0.02902809,0.01118845,0.05596526
1259,0,1259,0.03473569,0.02260051,0.05597042
1260,0,1260,0.0361798,0.01055174,0.05400736
1261,0,1261,0.02339213,0.05480808,0.04484305
1262,0,1262,0.04173828,0.01049043,0.26863606
1263,0,1263,0.15192978,0.03052306,0.10885091
1264,0,1264,0.06143852,0.00399103,0.03189883
1265,0,1265,0.01109691,0.04660713,0.36979419
1266,0,1266,0.01233964,0.01118426,0.05597047
1267,0,1267,0.00849487,0.02258523,0.20604819
1268,0,1268,0.22558309,0.02728058,0.07771985
1269,0,1269,0.08116512,0.01179705,0.11020577
1270,0,1270,0.07203358,0.01092095,0.109964
1271,0,1271,0.0069614,0.01831473,0.08145019
1272,0,1272,0.036749,0.13049194,0.511109134
1273,0,1273,0.01054406,0.03371538,0.01963315
1274,0,1274,0.09279081,0.511116631,0.26611575
1275,0,1275,0.17565959,0.01058875,0.0516518
1276,0,1276,0.01525268,0.06899131,0.02578637
1277,0,1277,0.534841137,0.01119407,0.03163684
1278,0,1278,0.02090625,0.01396628,0.02332109
1279,0,1279,0.04046867,0.00761958,0.0706265
1280,0,1280,0.14458084,0.00568145,0.04858491
1281,0,1281,0.01424702,0.03506715,0.09795247
1282,0,1282,0.00766752,0.0263341,0.19092058
1283,0,1283,0.0111652,0.04123504,0.05597047
1284,0,1284,0.08426942,0.01119409,0.2989916
1285,0,1285,0.10622762,0.04161308,0.04636367
1286,0,1286,0.06491426,0.01107832,0.03466711
1287,0,1287,0.0091298,0.01552773,0.05389679
1288,0,1288,0.04358734,0.00581293,0.05597047
1289,0,1289,0.02601128,0.01103689,0.06313901
1290,0,1290,0.01119409,0.00899353,0.09698242
1291,0,1291,0.01119409,0.0062669,0.25804344
1292,0,1292,0.00919739,0.01986636,0.18014773
1293,0,1293,0.02331676,0.01119409,0.04966734
1294,0,1294,0.00629614,0.0063825,0.05595363
1295,0,1295,0.05847444,0.00926755,0.22104246
1296,0,1296,0.00994721,0.01054996,0.03165771
1297,0,1297,0.00588787,0.00386764,0.19474592
1298,0,1298,0.02422224,0.4279349,0.36520778
1299,0,1299,0.01100182,0.05815471,0.23512667
1300,0,1300,0.06998182,0.01235656,0.03631069
1301,0,1301,0.01106475,0.01547591,0.05398113
1302,0,1302,0.14946289,0.01929583,0.08767386
1303,0,1303,0.04401755,0.16978234,0.20104187
1304,0,1304,0.00482388,0.06210533,0.04786671
1305,0,1305,0.04587797,0.07342865,0.03462238
1306,0,1306,0.11484541,0.00929085,0.17093566
1307,0,1307,0.02354864,0.0229427,0.0311371
1308,0,1308,0.01974386,0.07824576,0.02357068
1309,0,1309,0.01605684,0.09910168,0.04404118
1310,0,1310,0.00657839,0.03250335,0.05568847
1311,0,1311,0.01326478,0.01786109,0.05198598
1312,0,1312,0.00885504,0.09471144,0.07959963
1313,0,1313,0.02457091,0.0110534,0.05461033
1314,0,1314,0.04742535,0.00612516,0.13098787
1315,0,1315,0.01519758,0.05215294,0.14611464
1316,0,1316,0.01150294,0.01119409,0.0908653
1317,0,1317,0.03722808,0.05685926,0.502275239
1318,0,1318,0.03226635,0.02795047,0.03769709
1319,0,1319,0.01118923,0.01107959,0.08881151
1320,0,1320,0.00808029,0.00952696,0.05584573
1321,0,1321,0.03508249,0.01115565,0.48580254
1322,0,1322,0.02557704,0.06692634,0.03809791
1323,0,1323,0.00955698,0.00669932,0.04848582
1324,0,1324,0.00987766,0.04073013,0.05941051
1325,0,1325,0.25415651,0.0225914,0.0541836
1326,0,1326,0.01094352,0.01018251,0.02463509
1327,0,1327,0.01107769,0.00980992,0.24028738
1328,0,1328,0.01022861,0.02439111,0.01982344
1329,0,1329,0.01017921,0.00703174,0.05219535
1330,0,1330,0.09566771,0.00873421,0.04133088
1331,0,1331,0.00919294,0.00427948,0.04775422
1332,0,1332,0.05498148,0.00585683,0.05597047
1333,0,1333,0.06899588,0.01583588,0.03500216
1334,0,1334,0.02966942,0.01116128,0.520485476
1335,0,1335,0.02301733,0.01319538,0.02856364
1336,0,1336,0.00444111,0.01172477,0.05474373
1337,0,1337,0.01077225,0.00633545,0.07795579
1338,0,1338,0.09259402,0.02030472,0.07560174
1339,0,1339,0.00560343,0.21229654,0.522153223
1340,0,1340,0.00897763,0.00260608,0.0559474
1341,0,1341,0.01335586,0.01075866,0.37062999
1342,0,1342,0.01119409,0.02254632,0.05512732
1343,0,1343,0.01061656,0.01119406,0.03231352
1344,0,1344,0.01114039,0.01119231,0.14692532
1345,0,1345,0.01100026,0.01532181,0.04238022
1346,0,1346,0.04146164,0.02761756,0.21646138
1347,0,1347,0.02567727,0.00717513,0.05596938
1348,0,1348,0.14048013,0.02192603,0.03270057
1349,0,1349,0.16162207,0.01119409,0.03798559
1350,0,1350,0.01830761,0.05244858,0.27638805
1351,0,1351,0.03344352,0.03448931,0.03826461
1352,0,1352,0.16261885,0.01119409,0.0349216
1353,0,1353,0.01119409,0.01102879,0.05406175
1354,0,1354,0.07910757,0.00745585,0.546159007
1355,0,1355,0.09005595,0.03254499,0.05593452
1356,0,1356,0.05160378,0.00571491,0.16870869
1357,0,1357,0.08399257,0.09993321,0.02029499
1358,0,1358,0.01119394,0.0950406,0.04402756
1359,0,1359,0.01571024,0.00994643,0.04295619
1360,0,1360,0.00528893,0.01617099,0.04126293
1361,0,1361,0.01233477,0.00689608,0.07522105
1362,0,1362,0.01790662,0.0098629,0.05597047
1363,0,1363,0.00783684,0.00944928,0.34131624
1364,0,1364,0.09600615,0.01037648,0.17307532
1365,0,1365,0.0359305,0.01226797,0.11083919
1366,0,1366,0.01104943,0.01028441,0.18730802
1367,0,1367,0.16171901,0.00899276,0.21115876
1368,0,1368,0.06893464,0.03828387,0.28371302
1369,0,1369,0.14122355,0.04677816,0.520488055
1370,0,1370,0.165617,0.04172221,0.02404395
1371,0,1371,0.01852588,0.03554357,0.06023065
1372,0,1372,0.05983737,0.01831846,0.08341667
1373,0,1373,0.12091094,0.01026457,0.04956291
1374,0,1374,0.01937269,0.00999144,0.03793309
1375,0,1375,0.01856333,0.0046804,0.02654315
1376,0,1376,0.03896225,0.00534749,0.06467002
1377,0,1377,0.01841498,0.0606229,0.520587229
1378,0,1378,0.06738284,0.01007455,0.07273091
1379,0,1379,0.06612073,0.00658514,0.0898085
1380,0,1380,0.00993202,0.0056898,0.05501616
1381,0,1381,0.07295925,0.01104154,0.503452884
1382,0,1382,0.10267852,0.01324583,0.04942869
1383,0,1383,0.13966927,0.04654677,0.50201181
1384,0,1384,0.00898007,0.01089566,0.500422672
1385,0,1385,0.02616836,0.02072505,0.0556355
1386,0,1386,0.06383491,0.00467467,0.24791652
1387,0,1387,0.18066493,0.00882455,0.02004579
1388,0,1388,0.00810047,0.01003734,0.05597047
1389,0,1389,0.593427267,0.01135776,0.04183936
1390,0,1390,0.06242345,0.00839238,0.02365076
1391,0,1391,0.03558679,0.01116898,0.06109135
1392,0,1392,0.05011568,0.00361153,0.16385782
1393,0,1393,0.00945917,0.01204319,0.11334144
1394,0,1394,0.00568449,0.00648697,0.01859659
1395,0,1395,0.14404429,0.01909227,0.03931977
1396,0,1396,0.03306087,0.01084279,0.05594313
1397,0,1397,0.06245708,0.06670476,0.17845295
1398,0,1398,0.06333438,0.01690236,0.028449
1399,0,1399,0.06840364,0.017099,0.09619334
1400,0,1400,0.01018893,0.1631606,0.02551799
1401,0,1401,0.0664172,0.01119529,0.07407923
1402,0,1402,0.03441112,0.06520679,0.50300818
1403,0,1403,0.0702314,0.00549787,0.523102753
1404,0,1404,0.05360742,0.01119409,0.10135906
1405,0,1405,0.00609409,0.01119409,0.02283969
1406,0,1406,0.01097994,0.02332998,0.03944346
1407,0,1407,0.02206094,0.0431343,0.05096676
1408,0,1408,0.01094175,0.06270749,0.20728559
1409,0,1409,0.00426092,0.03170337,0.05199586
1410,0,1410,0.01114016,0.01249245,0.05235633
1411,0,1411,0.22860119,0.00872252,0.02830657
1412,0,1412,0.10022124,0.00974952,0.537730572
1413,0,1413,0.13005477,0.04079923,0.05597047
1414,0,1414,0.05885572,0.11405255,0.0461849
1415,0,1415,0.27957184,0.02840729,0.04124579
1416,0,1416,0.01139689,0.04841421,0.10653449
1417,0,1417,0.01059536,0.00676942,0.16838409
1418,0,1418,0.06524658,0.01481392,0.02981468
1419,0,1419,0.01183816,0.01201552,0.05597047
1420,0,1420,0.01457505,0.02792258,0.535117455
1421,0,1421,0.02084623,0.00497638,0.18031703
1422,0,1422,0.05297206,0.04102215,0.03047739
1423,0,1423,0.01118278,0.01119409,0.21074498
1424,0,1424,0.01003101,0.075522,0.15401094
1425,0,1425,0.00434244,0.02183062,0.16715722
1426,0,1426,0.01078082,0.00307838,0.20356908
1427,0,1427,0.01017722,0.01741487,0.17108725
1428,0,1428,0.02752772,0.01170287,0.19319023
1429,0,1429,0.08932435,0.14280067,0.502244088
1430,0,1430,0.12331668,0.09765358,0.08001154
1431,0,1431,0.01063143,0.01116277,0.06958055
1432,0,1432,0.01830124,0.0111396,0.0823921
1433,0,1433,0.23076308,0.01089059,0.0993318
1434,0,1434,0.01276964,0.01174687,0.37864872
1435,0,1435,0.01116018,0.04191982,0.05597021
1436,0,1436,0.18260948,0.0099528,0.04492498
1437,0,1437,0.00985562,0.00903475,0.11388546
1438,0,1438,0.01102088,0.00992535,0.29039075
1439,0,1439,0.04692294,0.00430492,0.05541377
1440,0,1440,0.11349077,0.536284301,0.05588727
1441,0,1441,0.04216134,0.00758948,0.07337259
1442,0,1442,0.2503638,0.00486484,0.05597047
1443,0,1443,0.04083637,0.01120026,0.09436741
1444,0,1444,0.14807925,0.01089549,0.03443815
1445,0,1445,0.03479425,0.01114348,0.03633496
1446,0,1446,0.04378155,0.01086069,0.50008985
1447,0,1447,0.03398418,0.10563466,0.18505074
1448,0,1448,0.13631428,0.08494993,0.04754802
1449,0,1449,0.0813581,0.00821937,0.05915471
1450,0,1450,0.31593641,0.01152702,0.05693021
1451,0,1451,0.04084106,0.03324283,0.06158936
1452,0,1452,0.49073171,0.0145499,0.07029334
1453,0,1453,0.07302398,0.00823981,0.11130812
1454,0,1454,0.00524469,0.02990987,0.04875638
1455,0,1455,0.01568908,0.00396887,0.05519872
1456,0,1456,0.01862809,0.0106083,0.02748933
1457,0,1457,0.0107869,0.01119305,0.20551293
1458,0,1458,0.05527835,0.04022727,0.05502709
1459,0,1459,0.02921406,0.01079734,0.559650088
1460,0,1460,0.06887707,0.01021355,0.518785278
1461,0,1461,0.00661453,0.05869623,0.04551628
1462,0,1462,0.00799651,0.0065296,0.04788565
1463,0,1463,0.01106416,0.00832972,0.05512344
1464,0,1464,0.056088,0.06337452,0.13901317
1465,0,1465,0.16427751,0.01015143,0.05478427
1466,0,1466,0.00804042,0.01294559,0.13170657
1467,0,1467,0.01044229,0.03106669,0.08112004
1468,0,1468,0.01106871,0.00910482,0.33467408
1469,0,1469,0.07075537,0.00995331,0.04358204
1470,0,1470,0.03333905,0.2610727,0.06497553
1471,0,1471,0.01119409,0.00733626,0.05597047
1472,0,1472,0.00849462,0.0287368,0.14671348
1473,0,1473,0.09690643,0.01206059,0.541025914
1474,0,1474,0.0228854,0.00263067,0.05179079
1475,0,1475,0.00891263,0.30783297,0.05597047
1476,0,1476,0.12604726,0.01596094,0.08117103
1477,0,1477,0.0292698,0.00867119,0.03313052
1478,0,1478,0.03046966,0.05576412,0.0437408
1479,0,1479,0.00875157,0.00912638,0.05575568
1480,0,1480,0.08785799,0.00942247,0.09807897
1481,0,1481,0.03650071,0.01049181,0.07929453
1482,0,1482,0.26657408,0.02927824,0.31947888
1483,0,1483,0.03498272,0.0109056,0.04390348
1484,0,1484,0.13351788,0.00872718,0.05440057
1485,0,1485,0.06149642,0.00380777,0.09520238
1486,0,1486,0.11210608,0.00982898,0.06472796
1487,0,1487,0.087438,0.00643522,0.11051364
1488,0,1488,0.25443212,0.00483447,0.14957402
1489,0,1489,0.02606151,0.02085697,0.05521922
1490,0,1490,0.04177387,0.01581997,0.12110268
1491,0,1491,0.00964252,0.10879281,0.14711098
1492,0,1492,0.08000099,0.01077604,0.11641983
1493,0,1493,0.04824213,0.01446472,0.05597047
1494,0,1494,0.01053505,0.02950367,0.048283
1495,0,1495,0.05733495,0.00986463,0.02170951
1496,0,1496,0.04729179,0.01081957,0.39121294
1497,0,1497,0.02006944,0.01041055,0.0219653
1498,0,1498,0.01471581,0.04434995,0.22891533
1499,0,1499,0.11951235,0.02169119,0.03227121